hanja	hangul	require_hanja	require_hangul
㿉疝붕알	퇴산붕알	false	false
一列이	일렬이	false	false
一家방답	일가방답	false	false
一家방상	일가방상	false	false
一等好畓	일등호답	false	false
一끔	일끔	false	false
一펭상	일펭상	false	false
一평상	일평상	false	false
七壽馬	칠수마	false	false
七星고기	칠성고기	false	false
七星괴기	칠성괴기	false	false
七星뱀장우	칠성뱀장우	false	false
七月낭구	칠월낭구	false	false
七色緞옷	칠색단옷	false	false
七色緞조고리	칠색단조고리	false	false
七떼기	칠떼기	false	false
七띠	칠띠	false	false
七띠기	칠띠기	false	false
七보	칠보	false	false
七푸이	칠푸이	false	false
丈人걸음	장인걸음	false	false
三伏더우	삼복더우	false	false
三八딸벵이	삼팔딸벵이	false	false
三千발	삼천발	false	false
三千발이	삼천발이	false	false
三合	삼합	false	false
三壽매	삼수매	false	false
三寸엄매	삼촌엄매	false	false
三煞방우	삼살방우	false	false
三神할마이	삼신할마이	false	false
三神할망구	삼신할망구	false	false
三神할머이	삼신할머이	false	false
三神핼미	삼신핼미	false	false
三節치기	삼절치기	false	false
三가래질	삼가래질	false	false
三가름배이	삼가름배이	false	false
三갈래길	삼갈래길	false	false
三갈레질	삼갈레질	false	false
三거리질	삼거리질	false	false
三날	삼날	false	false
三동매다	삼동매다	false	false
三발	삼발	false	false
三발구	삼발구	false	false
三발이	삼발이	false	false
三시랑	삼시랑	false	false
三시번	삼시번	false	false
三이붓	삼이붓	false	false
三치레	삼치레	false	false
上峯꼭대기	상봉꼭대기	false	false
上筍애기	상순애기	false	false
上軍	상군	false	false
上거래이	상거래이	false	false
上거러지	상거러지	false	false
上거렁뱅이	상거렁뱅이	false	false
上걸배이	상걸배이	false	false
上곡뒤	상곡뒤	false	false
上그지	상그지	false	false
上깃	상깃	false	false
上낮	상낮	false	false
上늘기이	상늘기이	false	false
上마루	상마루	false	false
上마르	상마르	false	false
上마리	상마리	false	false
上머루	상머루	false	false
上머섬	상머섬	false	false
上머심	상머심	false	false
上모	상모	false	false
上모루	상모루	false	false
上베	상베	false	false
上비렁뱅이	상비렁뱅이	false	false
上세관	상세관	false	false
上수	상수	false	false
上시름	상시름	false	false
上씨림	상씨림	false	false
上잠녜	상잠녜	false	false
上짓	상짓	false	false
上찌리	상찌리	false	false
上팔재	상팔재	false	false
下군	하군	false	false
下베	하베	false	false
下빠리	하빠리	false	false
下잠녜	하잠녜	false	false
下잠수	하잠수	false	false
下찌리	하찌리	false	false
不治벵	불치벵	false	false
不겡기	불겡기	false	false
世上읎어도	세상읎어도	false	false
世上읏어도	세상읏어도	false	false
中奴輩	중노배	false	false
中媒비	중매비	false	false
中媒장이	중매장이	false	false
中宕	중탕	false	false
中宕巾	중탕건	false	false
中心쇠	중심쇠	false	false
中情머리	중정머리	false	false
中房쟁이	중방쟁이	false	false
中枋	중방	false	false
中潛嫂	중잠수	false	false
中船배	중선배	false	false
中衣적삼	중의적삼	false	false
中軍	중군	false	false
中途맹이	중도맹이	false	false
中間손가락	중간손가락	false	false
中間체	중간체	false	false
中거럼	중거럼	false	false
中거리	중거리	false	false
中거리치	중거리치	false	false
中계량	중계량	false	false
中늘기이	중늘기이	false	false
中늙인이	중늙인이	false	false
中달	중달	false	false
中도막	중도막	false	false
中두리	중두리	false	false
中두막	중두막	false	false
中마로	중마로	false	false
中마루	중마루	false	false
中마를	중마를	false	false
中베	중베	false	false
中세	중세	false	false
中소안치	중소안치	false	false
中쇄	중쇄	false	false
中쇳구녁	중쇳구녁	false	false
中쉬	중쉬	false	false
中시	중시	false	false
中신내비	중신내비	false	false
中신서다	중신서다	false	false
中신애비	중신애비	false	false
中신재이	중신재이	false	false
中신해미	중신해미	false	false
中쎄	중쎄	false	false
中쐬	중쐬	false	false
中쐬구녕	중쐬구녕	false	false
中쒜구녕	중쒜구녕	false	false
中쒸	중쒸	false	false
中잠녜	중잠녜	false	false
中진애비	중진애비	false	false
中챔	중챔	false	false
中체	중체	false	false
中탈	중탈	false	false
中태	중태	false	false
中터리	중터리	false	false
中하익고	중하익고	false	false
中학고	중학고	false	false
中학괴	중학괴	false	false
中핵고	중핵고	false	false
中핵교	중핵교	false	false
丹楓남	단풍남	false	false
丹楓낭고	단풍낭고	false	false
主着바가지	주착바가지	false	false
主着바가찌	주착바가찌	false	false
主着엄따	주착엄따	false	false
主着움따	주착움따	false	false
主着웂다	주착웂다	false	false
主着음따	주착음따	false	false
主着읎다	주착읎다	false	false
主장	주장	false	false
乾貯室	건저실	false	false
乾게옥질	건게옥질	false	false
乾버짐	건버짐	false	false
乾쟁기질	건쟁기질	false	false
乾지침	건지침	false	false
乾짜로	건짜로	false	false
乾펭	건펭	false	false
亂離赤地	난리적지	false	false
亂離버꾸	난리버꾸	false	false
亂離버꾸통	난리버꾸통	false	false
事故뭉테기	사고뭉테기	false	false
事故뭉텡이	사고뭉텡이	false	false
二代하랍시	이대하랍시	false	false
二代할마니	이대할마니	false	false
二壽망셍이	이수망셍이	false	false
二月함쌔	이월함쌔	false	false
二대바지	이대바지	false	false
二벌	이벌	false	false
五倍子낭그	오배자낭그	false	false
五倍子낭기	오배자낭기	false	false
五六	오륙	false	false
五冬至달	오동짓달	false	false
五方亂場	오방난장	false	false
五方土神	오방토신	false	false
五福繡댕기	오복수댕기	false	false
五萬쌍	오만쌍	false	false
五다니	오다니	false	false
五바	오바	false	false
亡허다	망허다	false	false
京詞	경사	false	false
京語	경어	false	false
人事땡기다	인사땡기다	false	false
人物	인물	false	false
人蔘무	인삼무	false	false
人蔘무꾸	인삼무꾸	false	false
人間	인간	false	false
人겁	인겁	false	false
人기적	인기적	false	false
人기적하다	인기적하다	false	false
人내	인내	false	false
人도까비	인도까비	false	false
人두껍	인두껍	false	false
人두께비	인두께비	false	false
仔詳시롭다	자상시롭다	false	false
代代루	대대루	false	false
代身맥이	대신맥이	false	false
令監때기	영감때기	false	false
令監사	영감사	false	false
令監재이	영감재이	false	false
令監탕구	영감탕구	false	false
令監태구리	영감태구리	false	false
令監태끼	영감태끼	false	false
令監탱구	영감탱구	false	false
令監티기	영감티기	false	false
令監할마씨	영감할마씨	false	false
令監할마이	영감할마이	false	false
以北치기	이북치기	false	false
仰土쟁이	앙토쟁이	false	false
仲伯父	중백부	false	false
仲父님	중부님	false	false
伏다름	복다름	false	false
伏다리기	복다리기	false	false
伏달더우	복달더우	false	false
伏대리미	복대리미	false	false
伏댈임	복댈임	false	false
伏더우	복더우	false	false
伏더이	복더이	false	false
伯男	백남	false	false
伯세	백세	false	false
低헬압	저헬압	false	false
作人	작인	false	false
作斤하다	작근하다	false	false
使者맥이	사자맥이	false	false
來내멩년	내내멩년	false	false
來후연	내후연	false	false
依支암지하다	의지암지하다	false	false
保溫벵	보온벵	false	false
信防독	신방독	false	false
修筒벵이	수통벵이	false	false
俸給재이	봉급재이	false	false
候災	후재	false	false
倨慢시레	거만시레	false	false
倨慢시룹다	거만시룹다	false	false
倭布	왜포	false	false
倭醬	왜장	false	false
倭감자	왜감자	false	false
倭감재	왜감재	false	false
倭국시	왜국시	false	false
倭뇜	왜뇜	false	false
倭눔	왜눔	false	false
倭무꾸	왜무꾸	false	false
倭베	왜베	false	false
倭솟	왜솟	false	false
倭잿물	왜잿물	false	false
倭쟁기	왜쟁기	false	false
倭총	왜총	false	false
倭콩	왜콩	false	false
假수어	가수어	false	false
假째	가째	false	false
偌甚시리	야심시리	false	false
偵察벵	정찰벵	false	false
偶石묵	우석묵	false	false
傲慢시룹다	오만시룹다	false	false
億萬장재	억만장재	false	false
優等상	우등상	false	false
元머리	원머리	false	false
元상	원상	false	false
元수지	원수지	false	false
元처	원처	false	false
先보롬	선보롬	false	false
內四寸	내사촌	false	false
內從사춘	내종사춘	false	false
內도리	내도리	false	false
內사춘	내사춘	false	false
全數	전수	false	false
全純히	전순히	false	false
全體바꿈	전체바꿈	false	false
全내이	전내이	false	false
全여	전여	false	false
全히	전히	false	false
全히나	전히나	false	false
兩班치다	양반치다	false	false
兩날멘도	양날멘도	false	false
兩짝	양짝	false	false
兩착	양착	false	false
八包태산	팔포태산	false	false
八包태생	팔포태생	false	false
八字치리	팔자치리	false	false
八月大보룸	팔월대보룸	false	false
八月가우	팔월가우	false	false
八朔뎅이	팔삭뎅이	false	false
八朔됭이	팔삭됭이	false	false
八朔뒝이	팔삭뒝이	false	false
八角지둥	팔각지둥	false	false
八모지둥	팔모지둥	false	false
八부	팔부	false	false
八푼	팔푼	false	false
八풍이	팔풍이	false	false
六壽馬	육수마	false	false
六壽매	육수매	false	false
六尺長身	육척장신	false	false
六旬잔치	육순잔치	false	false
六甲七甲	육갑칠갑	false	false
六가래기	육가래기	false	false
六날	육날	false	false
六날미투리	육날미투리	false	false
六날배기	육날배기	false	false
六날신	육날신	false	false
六소이	육소이	false	false
共同山	공동산	false	false
共同葬	공동장	false	false
共同뫼지	공동뫼지	false	false
共同무지	공동무지	false	false
冊床褓재기	책상보재기	false	false
冊床대리	책상대리	false	false
冊褓재기	책보재기	false	false
冊가오리	책가오리	false	false
冊거불	책거불	false	false
冊거풀	책거풀	false	false
冊게	책게	false	false
冊괴	책괴	false	false
冊귀	책귀	false	false
冊기	책기	false	false
冊까풀	책까풀	false	false
冊꼬재이	책꼬재이	false	false
冊꽂개	책꽂개	false	false
冊꽂이	책꽂이	false	false
冊다르미	책다르미	false	false
冊다리미	책다리미	false	false
冊둪개	책둪개	false	false
冊따까이	책따까이	false	false
冊따깨비	책따깨비	false	false
冊따꿍	책따꿍	false	false
冊뚜꺼비	책뚜꺼비	false	false
冊뚜께	책뚜께	false	false
冊버러지	책버러지	false	false
冊벌거지	책벌거지	false	false
冊벌기	책벌기	false	false
再種	재종	false	false
再거리	잿거리	false	false
再벌서답	재벌서답	false	false
再불	재불	false	false
再후멩년	재후멩년	false	false
冠帶옷	관대옷	false	false
冬至슫달	동지슫달	false	false
冬至퐅粥	동지퐅죽	false	false
冶匠아치	야장아치	false	false
冶시럽다	야시럽다	false	false
冶쟁이	야쟁이	false	false
冷情시리	냉정시리	false	false
冷房벵	냉방벵	false	false
冷麵	냉면	false	false
冷가시미	냉가시미	false	false
冷가심	냉가심	false	false
冷굴	냉굴	false	false
冷차다	냉차다	false	false
冷타랑	냉타랑	false	false
凡於일	범엇일	false	false
出貰하다	출세하다	false	false
函애비	함애비	false	false
函잽이	함잽이	false	false
分水지기	분수지기	false	false
分없다	분없다	false	false
分짓	분짓	false	false
初場거리	초장거리	false	false
初星	초성	false	false
初星별	초성별	false	false
初疾	초질	false	false
初瘧疾	초학질	false	false
初瘧빙	초학빙	false	false
初瘧터러기	초학터러기	false	false
初祭날	초젯날	false	false
初行질	초행질	false	false
初豆腐	초두부	false	false
初가슭	초가슭	false	false
初가실	초가실	false	false
初가싥	초가싥	false	false
初가읅	초가읅	false	false
初각	초각	false	false
初갈이	초갈이	false	false
初갉	초갉	false	false
初게울	초게울	false	false
初나으레	초나으레	false	false
初나으렛날	초나으렛날	false	false
初나을	초나을	false	false
初나조	초나조	false	false
初나핟날	초나핟날	false	false
初나흐렛날	초나흐렛날	false	false
初낟날	초낟날	false	false
初날	초날	false	false
初니레	초니레	false	false
初니렛날	초니렛날	false	false
初다디기	초다디기	false	false
初다딤	초다딤	false	false
初다딤이	초다딤이	false	false
初다딤이질	초다딤이질	false	false
初다딤이질하다	초다딤이질하다	false	false
初다딤이하다	초다딤이하다	false	false
初닷쉐	초닷쉐	false	false
初닷쉣날	초닷쉣날	false	false
初댓새	초댓새	false	false
初디비	초디비	false	false
初떼기	초떼기	false	false
初띠기	초띠기	false	false
初물	초물	false	false
初벌꾸이	초벌꾸이	false	false
初벌쟁기질	초벌쟁기질	false	false
初보름	초보름	false	false
初본장	초본장	false	false
初볼	초볼	false	false
初불	초불	false	false
初불갈이	초불갈이	false	false
初불검질	초불검질	false	false
初불논매기	초불논매기	false	false
初불빨래	초불빨래	false	false
初불빨레	초불빨레	false	false
初불서답	초불서답	false	false
初불잽이	초불잽이	false	false
初사으레	초사으레	false	false
初사으렛날	초사으렛날	false	false
初사을	초사을	false	false
初아으레	초아으레	false	false
初아으렛날	초아으렛날	false	false
初아진	초아진	false	false
初아침	초아침	false	false
初여디레	초여디레	false	false
初여디렛날	초여디렛날	false	false
初열으레	초열으레	false	false
初열을	초열을	false	false
初옛새	초옛새	false	false
初이르	초이르	false	false
初이릇날	초이릇날	false	false
初이리	초이리	false	false
初이릿날	초이릿날	false	false
初일레	초일레	false	false
初일렛날	초일렛날	false	false
初일뤠	초일뤠	false	false
初일뤳날	초일뤳날	false	false
初저낙	초저낙	false	false
初저냑	초저냑	false	false
初저넉	초저넉	false	false
初저녁별	초저녁별	false	false
初저녁샛별	초저녁샛별	false	false
初저역별	초저역별	false	false
初저울	초저울	false	false
初저욹	초저욹	false	false
初절	초절	false	false
初즈낙	초즈낙	false	false
初즈녁	초즈녁	false	false
初지낙벨	초지낙벨	false	false
初지냑	초지냑	false	false
初지녁	초지녁	false	false
初지녁별	초지녁별	false	false
初지약	초지약	false	false
初지역	초지역	false	false
初하레	초하레	false	false
初하레보름	초하레보름	false	false
初하로보름	초하로보름	false	false
初하루보롬	초하루보롬	false	false
初하루보름	초하루보름	false	false
初하르	초하르	false	false
初하를	초하를	false	false
初하리	초하리	false	false
初하리보름	초하리보름	false	false
初하릿날	초하릿날	false	false
初할루	초할루	false	false
初할룻날	초할룻날	false	false
初호로보롬	초호로보롬	false	false
初호루	초호루	false	false
初호루보름	초호루보름	false	false
判금사	판금사	false	false
別味없다	별미없다	false	false
別낳다	별낳다	false	false
別루	별루	false	false
別시리	별시리	false	false
到付장사	도부장사	false	false
到末	도말	false	false
前脚	전각	false	false
前아리	전아리	false	false
副	부	false	false
副헤장	부헤장	false	false
劇團牌	극단패	false	false
功딜이다	공딜이다	false	false
功초새	공초새	false	false
功투세	공투세	false	false
勞困勞困	노곤노곤	false	false
化粧틀	화장틀	false	false
北太	북태	false	false
北間	북간	false	false
北魚明太	북어명태	false	false
北넉	북넉	false	false
北쩡	북쩡	false	false
北쭉	북쭉	false	false
北케짝	북케짝	false	false
十字길	십잣길	false	false
十字질	십자질	false	false
千날萬날	천날만날	false	false
半種	반종	false	false
半거챙이	반거챙이	false	false
半거치기	반거치기	false	false
半걸칭이	반걸칭이	false	false
半걸티이	반걸티이	false	false
半겡일	반겡일	false	false
半굉일	반굉일	false	false
半꼬시레이	반꼬시레이	false	false
半나잘	반나잘	false	false
半나질	반나질	false	false
半놈이	반놈이	false	false
半늘기이	반늘기이	false	false
半달손텁	반달손텁	false	false
半독박	반독박	false	false
半돔박	반돔박	false	false
半동가리	반동가리	false	false
半동가리처매	반동가리처매	false	false
半들물	반들물	false	false
半또막	반또막	false	false
半똥가리	반똥가리	false	false
半뚜막	반뚜막	false	false
半미칭개이	반미칭개이	false	false
半버버리	반버버리	false	false
半버부리	반버부리	false	false
半벙치	반벙치	false	false
半벵신	반벵신	false	false
半봉새	반봉새	false	false
半봉어리	반봉어리	false	false
半부칭이	반부칭이	false	false
半빙시이	반빙시이	false	false
半빙신	반빙신	false	false
半섺이	반섺이	false	false
半시끼	반시끼	false	false
半싞이	반싞이	false	false
半쑤봉	반쑤봉	false	false
半쓰봉	반쓰봉	false	false
半이사	반이사	false	false
半절	반절	false	false
半주봉	반주봉	false	false
半주우	반주우	false	false
半중우	반중우	false	false
半지기	반지기	false	false
半짜가리	반짜가리	false	false
半쪼가리	반쪼가리	false	false
半쪼갱이	반쪼갱이	false	false
半착	반착	false	false
半천	반천	false	false
半침	반침	false	false
半타다	반타다	false	false
半태작	반태작	false	false
半태작하다	반태작하다	false	false
半텀	반텀	false	false
半투다	반투다	false	false
半튼	반튼	false	false
半틈	반틈	false	false
半펜	반펜	false	false
半펭상	반펭상	false	false
半펭이	반펭이	false	false
半평상	반평상	false	false
半피	반피	false	false
半피이	반피이	false	false
半핀	반핀	false	false
半핑이	반핑이	false	false
卒개지	졸개지	false	false
卒테기	졸테기	false	false
卒텡기	졸텡기	false	false
南北사니	남북사니	false	false
南極老星	남극노성	false	false
南西쪽	남서쪽	false	false
南감자	남감자	false	false
南바리	남바리	false	false
南쭉	남쭉	false	false
卜術이	복술이	false	false
占바지	점바지	false	false
占자이	점자이	false	false
占재	점재	false	false
占재이	점재이	false	false
占지개	점지개	false	false
厄塔	액탑	false	false
厄그럭	액그럭	false	false
厄막음	액막음	false	false
厄맥이	액맥이	false	false
厄맥이鳶	액맥이연	false	false
厄맥이굿	액맥이굿	false	false
厚朴낭	후박낭	false	false
原土백이	원토백이	false	false
原豆콩	원두콩	false	false
原갓	원갓	false	false
原남펜	원남펜	false	false
原둥거리	원둥거리	false	false
原성제	원성제	false	false
原아덜	원아덜	false	false
原아방	원아방	false	false
原어멍	원어멍	false	false
口錢꾼	구전꾼	false	false
古木낭그	고목낭그	false	false
古物데기	고물데기	false	false
古物디기	고물디기	false	false
古談이얘기	고담이얘기	false	false
只今껀	지금껀	false	false
只今끈	지금끈	false	false
只今끗	지금끗	false	false
可當챊다	가당챊다	false	false
可笑룹다	가소룹다	false	false
可笑이	가소이	false	false
可笑하다	가소하다	false	false
右쪽	우쪽	false	false
各姓붙이	각성붙이	false	false
各數	각수	false	false
各盤	각반	false	false
合치쿠다	합치쿠다	false	false
同學기	동학기	false	false
同生宅	동생댁	false	false
同甲同生	동갑동생	false	false
同甲걸림	동갑걸림	false	false
同甲세이	동갑세이	false	false
同窓헤	동창헤	false	false
名指손구락	명지손구락	false	false
咸興채사	함흥채사	false	false
唐喇叭	당나발	false	false
唐각	당각	false	false
唐나구이	당나구이	false	false
唐나기	당나기	false	false
唐내귀	당내귀	false	false
唐내기	당내기	false	false
唐추새	당추새	false	false
唐추재	당추재	false	false
唐추지	당추지	false	false
啄木새	탁목새	false	false
啄鳥	탁조	false	false
商會집	상횟집	false	false
問題엄따	문제엄따	false	false
問題엄시	문제엄시	false	false
喇叭담배	나팔담배	false	false
喎斜症	와사증	false	false
喎斜風	와사풍	false	false
喪內	상내	false	false
喪巾	상건	false	false
喪布기	상포기	false	false
喪布쌀	상포쌀	false	false
喪幕	상막	false	false
喪꾼	상꾼	false	false
喪디	상디	false	false
喪옷	상옷	false	false
單동무느	단동무느	false	false
單동사리	단동사리	false	false
單배기	단배기	false	false
單불	단불	false	false
單살림	단살림	false	false
單손데	단손데	false	false
單주우	단주우	false	false
單중우	단중우	false	false
單지	단지	false	false
噓風산	허풍산	false	false
四方鳶	사방연	false	false
四方디	사방디	false	false
四柱단재	사주단재	false	false
四柱옷감	사주옷감	false	false
四柱팔재	사주팔재	false	false
四갈래길	사갈래길	false	false
四모板	사모판	false	false
四무말	사무말	false	false
四무지다	사무지다	false	false
四발이	사발이	false	false
回甲잔체	회갑잔체	false	false
困窮시룹다	곤궁시룹다	false	false
固執배이	고집배이	false	false
固執시룹다	고집시룹다	false	false
固執재	고집재	false	false
固執재이	고집재이	false	false
固執테	고집테	false	false
固執티이	고집티이	false	false
固執패기	고집패기	false	false
圖章木	도장목	false	false
圖章낭그	도장낭그	false	false
圖章밥	도장밥	false	false
圖章버듬	도장버듬	false	false
圖章버딤	도장버딤	false	false
圖章버짐	도장버짐	false	false
土役재이	토역재이	false	false
土役질	토역질	false	false
土房	토방	false	false
土房寢	토방침	false	false
土房독	토방독	false	false
土手재이	토수재이	false	false
土種무꾸	토종무꾸	false	false
土種무수	토종무수	false	false
土種무시	토종무시	false	false
土고리	토고리	false	false
土구리	토구리	false	false
土백이	토백이	false	false
土벡	토벡	false	false
在來種무시	재래종무시	false	false
地境살이	지경살이	false	false
地枋돌	지방돌	false	false
地枋밋	지방밋	false	false
堂山神	당산신	false	false
堂사춘	당사춘	false	false
堂터	당터	false	false
報갚이	보갚이	false	false
場같	장같	false	false
場골배이	장골배이	false	false
場금세	장금세	false	false
場길	장길	false	false
場돌배이	장돌배이	false	false
場돌비이	장돌비이	false	false
場바구리	장바구리	false	false
場바구미	장바구미	false	false
場테	장테	false	false
塗褙재이	도배재이	false	false
境遇지다	경우지다	false	false
墓둥지	묘둥지	false	false
墓등	묫등	false	false
壁대기	벽대기	false	false
壁뙈기	벽뙈기	false	false
壁작	벽작	false	false
壅固執다리	옹고집다리	false	false
壅固執텡이	옹고집텡이	false	false
壅固執통이	옹고집통이	false	false
壅固執툉이	옹고집툉이	false	false
壯談치다	장담치다	false	false
壻君	서군	false	false
壽맥이	수맥이	false	false
夏至감자	하지감자	false	false
夏至감재	하지감재	false	false
夏至고구마	하지고구마	false	false
夏至마	하지마	false	false
夕陽녁	석양녁	false	false
外便所	외변소	false	false
外동세	외동세	false	false
外때기	외때기	false	false
外맏아배	외맏아배	false	false
外사춘	외사춘	false	false
外삼천	외삼천	false	false
外삼춘	외삼춘	false	false
外손네	외손네	false	false
外손지	외손지	false	false
外손지딸	외손지딸	false	false
外아재	외아재	false	false
外아제	외아제	false	false
外치	외치	false	false
外칙	외칙	false	false
外택	외택	false	false
外하나쎄	외하나쎄	false	false
外하나씨	외하나씨	false	false
外하내	외하내	false	false
外하네	외하네	false	false
外하라씨	외하라씨	false	false
外한아버지	외한아버지	false	false
外한아비	외한아비	false	false
外한애비	외한애비	false	false
外할마니	외할마니	false	false
外할마이	외할마이	false	false
外할매	외할매	false	false
外할머이	외할머이	false	false
外할멈	외할멈	false	false
外할무니	외할무니	false	false
外할무이	외할무이	false	false
外할배	외할배	false	false
外할아바이	외할아바이	false	false
外할아부지	외할아부지	false	false
外할압지	외할압지	false	false
外할어버이	외할어버이	false	false
外할으버이	외할으버이	false	false
外할으버지	외할으버지	false	false
外함니	외함니	false	false
外함머니	외함머니	false	false
外함쎄	외함쎄	false	false
外함씨	외함씨	false	false
外핼애비	외핼애비	false	false
多情시리	다정시리	false	false
多福시리	다복시리	false	false
夜巡幕	야순막	false	false
夜핵고	야핵고	false	false
夜화	야화	false	false
大升	대승	false	false
大口뽈	대구뽈	false	false
大口뽈湯	대구뽈탕	false	false
大口뽈찜	대구뽈찜	false	false
大口헤	대구헤	false	false
大國콩	대국콩	false	false
大學상	대학상	false	false
大木쟁이	대목쟁이	false	false
大水지다	대수지다	false	false
大洑둑	대봇둑	false	false
大疫	대역	false	false
大砲꾼	대포꾼	false	false
大膽시리	대담시리	false	false
大蒜이	대산이	false	false
大蒜이대	대산이대	false	false
大蒜잇대	대산잇대	false	false
大處벌	대처벌	false	false
大門째기	대문째기	false	false
大간절	대간절	false	false
大걱정	대걱정	false	false
大달피	대달피	false	false
大덜포	대덜포	false	false
大들포	대들포	false	false
大보롬	대보롬	false	false
大보룸	대보룸	false	false
大비나	대비나	false	false
大새비	대새비	false	false
大수가	대수가	false	false
大실보	대실보	false	false
大자구	대자구	false	false
大전에	대전에	false	false
大조개	대조개	false	false
大짜배이	대짜배이	false	false
大체	대체	false	false
大핵고	대핵고	false	false
大핵교	대핵교	false	false
天下雜눔	천하잡눔	false	false
天下雜늠	천하잡늠	false	false
天下엄써두	천하엄써두	false	false
天下움써두	천하움써두	false	false
天下웂어두	천하웂어두	false	false
天下음써두	천하음써두	false	false
天下읎어두	천하읎어두	false	false
天出	천출	false	false
天地萬地	천지만지	false	false
天地삐까리	천지삐까리	false	false
天水奉畓	천수봉답	false	false
天然덕시럽다	천연덕시럽다	false	false
天然덕시리	천연덕시리	false	false
天疾	천질	false	false
天障베기코	천장베기코	false	false
天障뿔	천장뿔	false	false
天없다	천없다	false	false
太廳	태청	false	false
太水	태수	false	false
夾戶살이	협호살이	false	false
契갈이	계갈이	false	false
契군	계군	false	false
奢侈시롭다	사치시롭다	false	false
女息아	여식아	false	false
女息애	여식애	false	false
女동상	여동상	false	false
女동새	여동새	false	false
女동숭	여동숭	false	false
女조캐	여조캐	false	false
女조케	여조케	false	false
奸詐시룹다	간사시룹다	false	false
如干내이	여간내이	false	false
妓生오래비	기생오래비	false	false
妖妄다리	요망다리	false	false
妖妄시룹다	요망시룹다	false	false
妖妄쟁이	요망쟁이	false	false
妖빈닥	요빈닥	false	false
妻嫂	처수	false	false
妻家칩	처가칩	false	false
妻사춘	처사춘	false	false
妻삼춘	처삼춘	false	false
妻조캐	처조캐	false	false
妻하르방	처하르방	false	false
妻할망	처할망	false	false
妾데기살림	첩데기살림	false	false
妾데기살이	첩데기살이	false	false
妾데기장개	첩데기장개	false	false
妾디기	첩디기	false	false
妾디기살림	첩디기살림	false	false
妾디기살이	첩디기살이	false	false
妾디기장개	첩디기장개	false	false
妾사이	첩사이	false	false
妾생이	첩생이	false	false
妾어미	첩어미	false	false
妾장개	첩장개	false	false
始作다	시작다	false	false
始發初	시발초	false	false
姑從사춘	고종사춘	false	false
姑從소촌	고종소촌	false	false
姑從소춘	고종소춘	false	false
姑母보	고모보	false	false
姑母사춘	고모사춘	false	false
姑母아재	고모아재	false	false
姑母아지매	고모아지매	false	false
姓준아방	성준아방	false	false
姨從사춘	이종사춘	false	false
姨從소촌	이종소촌	false	false
姨從소춘	이종소춘	false	false
姪	질	false	false
娘閨	낭규	false	false
婚事가음	혼삿가음	false	false
婚事감	혼사감	false	false
婚事옷감	혼사옷감	false	false
婚姻옷감	혼인옷감	false	false
婚姻줄	혼인줄	false	false
婚需가슴	혼숫가슴	false	false
婚需가음	혼숫가음	false	false
婚需감	혼수감	false	false
婚需옷	혼수옷	false	false
婚需옷감	혼수옷감	false	false
婚需홍전	혼수홍전	false	false
婚需흥정	혼수흥정	false	false
婚감	혼감	false	false
婦人벵	부인벵	false	false
媒約하다	매약하다	false	false
媤叔님	시숙님	false	false
媤妹	시매	false	false
媤家집	시갓집	false	false
媤가령	시가령	false	false
媤공구	시공구	false	false
媤누님	시누님	false	false
媤누애씨	시누애씨	false	false
媤눌게	시눌게	false	false
媤뉘비	시뉘비	false	false
媤느부	시느부	false	false
媤느비	시느비	false	false
媤도령	시도령	false	false
媤동상	시동상	false	false
媤동새	시동새	false	false
媤삼춘	시삼춘	false	false
媤아바니	시아바니	false	false
媤아바씨	시아바씨	false	false
媤아바이	시아바이	false	false
媤아바임	시아바임	false	false
媤아바지	시아바지	false	false
媤아배	시아배	false	false
媤아버니	시아버니	false	false
媤아버이	시아버이	false	false
媤아범	시아범	false	false
媤아부니	시아부니	false	false
媤아부님	시아부님	false	false
媤아부이	시아부이	false	false
媤아부지	시아부지	false	false
媤아씨	시아씨	false	false
媤아이	시아이	false	false
媤아자	시아자	false	false
媤아재님	시아재님	false	false
媤아저비	시아저비	false	false
媤아제비	시아제비	false	false
媤아좀	시아좀	false	false
媤아주방이	시아주방이	false	false
媤아주버이	시아주버이	false	false
媤아주번님	시아주번님	false	false
媤아즈바이	시아즈바이	false	false
媤아즈버니	시아즈버니	false	false
媤아지반님	시아지반님	false	false
媤아지방	시아지방	false	false
媤아지뱀	시아지뱀	false	false
媤아지베	시아지베	false	false
媤아지베이	시아지베이	false	false
媤압새	시압새	false	false
媤압시	시압시	false	false
媤애끼	시애끼	false	false
媤애비	시애비	false	false
媤어마니	시어마니	false	false
媤어마씨	시어마씨	false	false
媤어마이	시어마이	false	false
媤어마임	시어마임	false	false
媤어매	시어매	false	false
媤어매이	시어매이	false	false
媤어머이	시어머이	false	false
媤어메	시어메	false	false
媤어무니	시어무니	false	false
媤어므니	시어므니	false	false
媤엄니	시엄니	false	false
媤엄씨	시엄씨	false	false
媤에미	시에미	false	false
媤오마니	시오마니	false	false
媤이미	시이미	false	false
媤적	시적	false	false
媤직	시직	false	false
媤하르바이	시하르바이	false	false
媤할마이	시할마이	false	false
子매방아	자매방아	false	false
季父님	계부님	false	false
孫주메누리	손주메누리	false	false
孫주미누리	손주미누리	false	false
學夫人	학부인	false	false
安全멘도기	안전멘도기	false	false
安胎故鄕	안태고향	false	false
完우루	완우루	false	false
完으르	완으르	false	false
完을루	완을루	false	false
宕冠	탕관	false	false
宕巾바농	탕건바농	false	false
宗포	종포	false	false
官場살이	관장살이	false	false
客狂시럽다	객광시럽다	false	false
客움따	객움따	false	false
客웂다	객웂다	false	false
客음따	객음따	false	false
客읎다	객읎다	false	false
害꼬지	해꼬지	false	false
害꼬지하다	해꼬지하다	false	false
害꼬질	해꼬질	false	false
害꾸지	해꾸지	false	false
家庭노롬	가정노롬	false	false
家用돈	가용돈	false	false
家用푼	가용푼	false	false
家門잔치	가문잔치	false	false
家퇴끼	가퇴끼	false	false
寄生풀	기생풀	false	false
密세하다	밀세하다	false	false
富者방매이	부자방매이	false	false
富者방맹이	부자방맹이	false	false
寡婦덕	과부덕	false	false
實地루	실지루	false	false
實닥잖다	실닥잖다	false	false
實답잖네	실답잖네	false	false
實답잖다	실답잖다	false	false
實루	실루	false	false
實엄따	실엄따	false	false
實움따	실움따	false	false
實웂다	실웂다	false	false
實음따	실음따	false	false
實읎다	실읎다	false	false
實읏다	실읏다	false	false
實이	실이	false	false
實키	실키	false	false
實탑잖다	실탑잖다	false	false
封套紙	봉투지	false	false
封담배	봉담배	false	false
封세기	봉세기	false	false
封숭	봉숭	false	false
將帥물자리	장수물자리	false	false
將帥밥주리	장수밥주리	false	false
將軍石	장군석	false	false
將軍틀기	장군틀기	false	false
小路길	소롯길	false	false
小路질	소롯질	false	false
小핵교	소핵교	false	false
少時저	소싯저	false	false
居間	거간	false	false
居間쟁이	거간쟁이	false	false
層下層下	층하층하	false	false
層層다랑이	층층다랑이	false	false
山中내기	산중내기	false	false
山中탈	산중탈	false	false
山中터리	산중터리	false	false
山中툭	산중툭	false	false
山地물	산지물	false	false
山峯꼭대기	산봉꼭대기	false	false
山所자리	산소자리	false	false
山椒낭그	산초낭그	false	false
山椒낭기	산초낭기	false	false
山楸子	산추자	false	false
山間벡지	산간벡지	false	false
山間벡촌	산간벡촌	false	false
山가상	산가상	false	false
山가태	산가태	false	false
山갓	산갓	false	false
山고고리	산고고리	false	false
山고라당	산고라당	false	false
山고라텡이	산고라텡이	false	false
山고랑	산고랑	false	false
山골짜구니	산골짜구니	false	false
山골째기	산골째기	false	false
山골착	산골착	false	false
山골창	산골창	false	false
山골채	산골채	false	false
山골채기	산골채기	false	false
山골청	산골청	false	false
山골탕이	산골탕이	false	false
山골텡이	산골텡이	false	false
山곱태기	산곱태기	false	false
山괭이	산괭이	false	false
山구랑	산구랑	false	false
山구렁	산구렁	false	false
山구방	산구방	false	false
山구베	산구베	false	false
山구석	산구석	false	false
山굼	산굼	false	false
山그렁지	산그렁지	false	false
山기수리	산기수리	false	false
山기슥	산기슥	false	false
山기슬	산기슬	false	false
山기슬기	산기슬기	false	false
山기습	산기습	false	false
山기시레기	산기시레기	false	false
山기실	산기실	false	false
山기실게	산기실게	false	false
山기쓸	산기쓸	false	false
山까차	산까차	false	false
山까차구	산까차구	false	false
山까챙이	산까챙이	false	false
山깎들배기	산깎들배기	false	false
山꼬닥지	산꼬닥지	false	false
山꼬대기	산꼬대기	false	false
山꼬데이	산꼬데이	false	false
山꼬뎅이	산꼬뎅이	false	false
山꼬디이	산꼬디이	false	false
山꼬라대기	산꼬라대기	false	false
山꼬작	산꼬작	false	false
山꼬쟁이	산꼬쟁이	false	false
山꼬지	산꼬지	false	false
山꼭다	산꼭다	false	false
山꼭대가리	산꼭대가리	false	false
山꼭대이	산꼭대이	false	false
山꼭댕	산꼭댕	false	false
山꼭댕이	산꼭댕이	false	false
山꼭더기	산꼭더기	false	false
山꼭두기	산꼭두기	false	false
山꼭두베기	산꼭두베기	false	false
山꼭디	산꼭디	false	false
山꼭디기	산꼭디기	false	false
山꼭지	산꼭지	false	false
山꼴짹	산꼴짹	false	false
山꼴차기	산꼴차기	false	false
山꼴착	산꼴착	false	false
山끽대기	산끽대기	false	false
山날망	산날망	false	false
山날망이	산날망이	false	false
山날맹이	산날맹이	false	false
山날추리	산날추리	false	false
山누왜	산누왜	false	false
山눌림	산눌림	false	false
山눙에	산눙에	false	false
山다래	산다래	false	false
山달루	산달루	false	false
山달뿌리	산달뿌리	false	false
山달팽이	산달팽이	false	false
山대박	산대박	false	false
山대뱅이	산대뱅이	false	false
山대아지	산대아지	false	false
山대지	산대지	false	false
山더거지	산더거지	false	false
山덩서이	산덩서이	false	false
山데미	산데미	false	false
山데베기	산데베기	false	false
山도세기	산도세기	false	false
山도야지	산도야지	false	false
山도치	산도치	false	false
山돌	산돌	false	false
山돌이	산돌이	false	false
山돗	산돗	false	false
山동춤	산동춤	false	false
山돝	산돝	false	false
山돼아지	산돼아지	false	false
山되아지	산되아지	false	false
山되지	산되지	false	false
山두렁	산두렁	false	false
山둥강	산둥강	false	false
山둥품	산둥품	false	false
山둥허리	산둥허리	false	false
山뒈야지	산뒈야지	false	false
山뒤아지	산뒤아지	false	false
山드러이	산드러이	false	false
山등더리	산등더리	false	false
山등때	산등때	false	false
山등서리	산등서리	false	false
山등서이	산등서이	false	false
山등선	산등선	false	false
山등성말리	산등성말리	false	false
山등세기	산등세기	false	false
山등세이	산등세이	false	false
山등셍이	산등셍이	false	false
山등싱이	산등싱이	false	false
山디미	산디미	false	false
山딩이	산딩이	false	false
山따올기	산따올기	false	false
山따왈	산따왈	false	false
山따울	산따울	false	false
山따울귀	산따울귀	false	false
山따울기	산따울기	false	false
山딸	산딸	false	false
山딸광	산딸광	false	false
山딸구	산딸구	false	false
山딸귀	산딸귀	false	false
山때왈	산때왈	false	false
山뗑이	산뗑이	false	false
山뙤알	산뙤알	false	false
山마날	산마날	false	false
山마레이	산마레이	false	false
山마루테기	산마루테기	false	false
山마루텡이	산마루텡이	false	false
山마르	산마르	false	false
山마르겡이	산마르겡이	false	false
山마르테기	산마르테기	false	false
山마를	산마를	false	false
山마리	산마리	false	false
山마리테기	산마리테기	false	false
山마우리	산마우리	false	false
山만당	산만당	false	false
山만대이	산만대이	false	false
山만데기	산만데기	false	false
山만데이	산만데이	false	false
山만뎅	산만뎅	false	false
山만뎅이	산만뎅이	false	false
山만디	산만디	false	false
山만디기	산만디기	false	false
山만딩이	산만딩이	false	false
山말구	산말구	false	false
山말그	산말그	false	false
山말기	산말기	false	false
山말랑	산말랑	false	false
山말랑이	산말랑이	false	false
山말래	산말래	false	false
山말래이	산말래이	false	false
山말랭이	산말랭이	false	false
山말렝이	산말렝이	false	false
山말로	산말로	false	false
山말루	산말루	false	false
山말리	산말리	false	false
山말쟁이	산말쟁이	false	false
山맑	산맑	false	false
山먼대이	산먼대이	false	false
山멀구	산멀구	false	false
山멀뤼	산멀뤼	false	false
山멀리	산멀리	false	false
山멍에	산멍에	false	false
山메아리	산메아리	false	false
山메자낭	산메자낭	false	false
山모덩이	산모덩이	false	false
山모레이	산모레이	false	false
山모루	산모루	false	false
山모리이	산모리이	false	false
山모테이	산모테이	false	false
山모퉁	산모퉁	false	false
山모티	산모티	false	false
山모팅이	산모팅이	false	false
山몬당	산몬당	false	false
山몬당이	산몬당이	false	false
山몬당지	산몬당지	false	false
山몬데이	산몬데이	false	false
山몬뎅이	산몬뎅이	false	false
山몰기	산몰기	false	false
山몰랑	산몰랑	false	false
山몰랑가지	산몰랑가지	false	false
山몰레이	산몰레이	false	false
山몽디이	산몽디이	false	false
山무라테기	산무라테기	false	false
山문데이	산문데이	false	false
山미아리	산미아리	false	false
山미테	산미테	false	false
山밑	산밑	false	false
山발	산발	false	false
山배리	산배리	false	false
山베랑	산베랑	false	false
山베알	산베알	false	false
山벤달	산벤달	false	false
山보두	산보두	false	false
山보리	산보리	false	false
山보오리	산보오리	false	false
山보우리	산보우리	false	false
山볼	산볼	false	false
山봉구지	산봉구지	false	false
山봉댕이	산봉댕이	false	false
山봉데기	산봉데기	false	false
山봉두리	산봉두리	false	false
山봉리	산봉리	false	false
山봉아리	산봉아리	false	false
山봉오라지	산봉오라지	false	false
山봉오리	산봉오리	false	false
山봉오지	산봉오지	false	false
山봉우라지	산봉우라지	false	false
山부레기	산부레기	false	false
山부리기	산부리기	false	false
山분추	산분추	false	false
山비댁	산비댁	false	false
山비돌기	산비돌기	false	false
山비딱	산비딱	false	false
山비악	산비악	false	false
山비야이	산비야이	false	false
山비얄	산비얄	false	false
山비탁	산비탁	false	false
山비탈기	산비탈기	false	false
山비터리	산비터리	false	false
山비털	산비털	false	false
山빈달	산빈달	false	false
山뼝때	산뼝때	false	false
山뽀오리	산뽀오리	false	false
山뽀우리	산뽀우리	false	false
山뽁대기	산뽁대기	false	false
山뽕	산뽕	false	false
山뽕낭	산뽕낭	false	false
山뽕대기	산뽕대기	false	false
山삐딱	산삐딱	false	false
山삐때기	산삐때기	false	false
山삐알	산삐알	false	false
山삐얄	산삐얄	false	false
山삐터리	산삐터리	false	false
山삔달	산삔달	false	false
山샘	산샘	false	false
山써르매	산써르매	false	false
山썰매	산썰매	false	false
山쓰다	산쓰다	false	false
山아래	산아래	false	false
山아리초랭이	산아리초랭이	false	false
山앵도	산앵도	false	false
山역사	산역사	false	false
山자래기	산자래기	false	false
山자리	산자리	false	false
山잔딩이	산잔딩이	false	false
山쟁이	산쟁이	false	false
山중테	산중테	false	false
山중허리	산중허리	false	false
山지겁	산지겁	false	false
山지슥	산지슥	false	false
山지슬	산지슬	false	false
山지슬기	산지슬기	false	false
山지슭	산지슭	false	false
山지시락	산지시락	false	false
山지시리	산지시리	false	false
山지식	산지식	false	false
山지실	산지실	false	false
山지실가지	산지실가지	false	false
山지절	산지절	false	false
山질	산질	false	false
山짐	산짐	false	false
山짚	산짚	false	false
山초래이	산초래이	false	false
山초레기	산초레기	false	false
山촉닥	산촉닥	false	false
山치거리	산치거리	false	false
山코데이	산코데이	false	false
山코디이	산코디이	false	false
山탈	산탈	false	false
山태	산태	false	false
山테끼	산테끼	false	false
山텡이	산텡이	false	false
山토까이	산토까이	false	false
山토깡이	산토깡이	false	false
山토깨이	산토깨이	false	false
山토깽이	산토깽이	false	false
山토께이	산토께이	false	false
山토꾕이	산토꾕이	false	false
山톨	산톨	false	false
山톳	산톳	false	false
山퇘지	산퇘지	false	false
山퇴깡이	산퇴깡이	false	false
山퇴깽이	산퇴깽이	false	false
山퇴께이	산퇴께이	false	false
山퇴꾕이	산퇴꾕이	false	false
山퇴끼	산퇴끼	false	false
山퉤끼	산퉤끼	false	false
山틀배기	산틀배기	false	false
山포두	산포두	false	false
峯頭밥	봉두밥	false	false
嶺말랑	영말랑	false	false
嶺질	영질	false	false
川防	천방	false	false
巡察벵	순찰벵	false	false
左대쟁이	좌대쟁이	false	false
布木즌	포목즌	false	false
常깔시롭다	상깔시롭다	false	false
常넘	상넘	false	false
常눔	상눔	false	false
常늠	상늠	false	false
帽子창	모자창	false	false
幕	막	false	false
幕室살이	막실살이	false	false
幕살이	막살이	false	false
幕살이집	막살이집	false	false
平坐치다	평좌치다	false	false
底가지	젓가지	false	false
店房집	점방집	false	false
庫間	고간	false	false
庫관	곳관	false	false
庶母	서모	false	false
廉恥읏다	염치읏다	false	false
廚間	주간	false	false
廛房집	전방집	false	false
廛房칩	전방칩	false	false
廢冢	폐총	false	false
廣木처매	광목처매	false	false
廳바닥	청바닥	false	false
弄투배기	농투배기	false	false
弄투싱이	농투싱이	false	false
引刀	인도	false	false
弱상하다	약상하다	false	false
待時	대시	false	false
後來年	후내년	false	false
後來明年	후내명년	false	false
後脚	후각	false	false
後끗	후끗	false	false
後내연	후내연	false	false
後멩연	후멩연	false	false
後모레	후모레	false	false
後물래미	후물래미	false	false
後물리미	후물리미	false	false
後보롬	후보롬	false	false
後애비	훗애비	false	false
後어마	훗어마	false	false
後어마니	훗어마니	false	false
後어마이	훗어마이	false	false
後어매	훗어매	false	false
後어머니	훗어머니	false	false
後엄마	훗엄마	false	false
後엄매	훗엄매	false	false
後옴마니	훗옴마니	false	false
後음마	훗음마	false	false
後제	후제	false	false
後지	후지	false	false
後째	후째	false	false
後찌	후찌	false	false
後참	후참	false	false
得男酒	득남주	false	false
得男잔치	득남잔치	false	false
從손지	종손지	false	false
御夫人	어부인	false	false
復苗	부묘	false	false
德性시리	덕성시리	false	false
德살머리	덕살머리	false	false
德시리	덕시리	false	false
心亂시롭다	심란시롭다	false	false
心臟벵	심장벵	false	false
心術곱다	심술곱다	false	false
心術꾸럭지	심술꾸럭지	false	false
心術꾸레기	심술꾸레기	false	false
心術텡이	심술텡이	false	false
心術튕이	심술튕이	false	false
心術푸리	심술푸리	false	false
心術피우다	심술피우다	false	false
心청머리	심청머리	false	false
心청부리다	심청부리다	false	false
心청스럽다	심청스럽다	false	false
心치	심치	false	false
心통가지	심통가지	false	false
忘施	망시	false	false
忘施놓다	망시놓다	false	false
急겡사	급겡사	false	false
急재기	급재기	false	false
急재키	급재키	false	false
性質머리	성질머리	false	false
怪常시룹다	괴상시룹다	false	false
怪常얄궂이하다	괴상얄궂이하다	false	false
怯데이	겁데이	false	false
怯디	겁디	false	false
怯똥	겁똥	false	false
怯똥갈기다	겁똥갈기다	false	false
怯똥싸다	겁똥싸다	false	false
怯묵다	겁묵다	false	false
怯자	겁자	false	false
怯자이	겁자이	false	false
怯재	겁재	false	false
怯재기	겁재기	false	false
怯재이	겁재이	false	false
怯쟤	겁쟤	false	false
怯절	겁절	false	false
怯제	겁제	false	false
怯젱이	겁젱이	false	false
恐喝쟁이	공갈쟁이	false	false
恥事시럽다	치사시럽다	false	false
恥事시리	치사시리	false	false
情겨웁다	정겨웁다	false	false
情내미	정내미	false	false
情니미	정니미	false	false
情딜이다	정딜이다	false	false
惡데	악데	false	false
惡티	악티	false	false
惹端벅구	야단벅구	false	false
惹端벅구통	야단벅구통	false	false
惹端법세기	야단법세기	false	false
惹端시레	야단시레	false	false
惹端시롭다	야단시롭다	false	false
惹端시리	야단시리	false	false
愚惡시롭다	우악시롭다	false	false
愚惡시릅다	우악시릅다	false	false
愚惡시리	우악시리	false	false
態度스럽다	태도스럽다	false	false
慢性벵	만성벵	false	false
憂鬱벵	우울벵	false	false
憤慨풀이	분개풀이	false	false
憤慨풀이허다	분개풀이허다	false	false
憤절	분절	false	false
憤짐	분짐	false	false
憫惘시리	민망시리	false	false
戀愛벵	연애벵	false	false
成川나다	성천나다	false	false
或間가다	혹간가다	false	false
或間가다가	혹간가다가	false	false
或가다가	혹가다가	false	false
戶口별상	호구별상	false	false
房帳	방장	false	false
房板	방판	false	false
房燈	방등	false	false
房고리	방고리	false	false
房골	방골	false	false
房구둘	방구둘	false	false
房구숙	방구숙	false	false
房구적	방구적	false	false
房부닥	방부닥	false	false
房씰개	방씰개	false	false
房작	방작	false	false
所避허다	소피허다	false	false
扇風게	선풍게	false	false
手德	수덕	false	false
才弄디	재롱디	false	false
才弄하다	재롱하다	false	false
才딩이	재딩이	false	false
抑鬱헙다	억울헙다	false	false
折半죽음	절반죽음	false	false
抛棄치다	포기치다	false	false
抱願	포원	false	false
押삔	압삔	false	false
拙토뱅이	졸토뱅이	false	false
拜席자리	배석자리	false	false
指南石가레	지남석가레	false	false
捕枾網	포시망	false	false
掌금	장금	false	false
掌심	장심	false	false
排判	배판	false	false
排水道	배수도	false	false
排水도랑	배숫도랑	false	false
搗機	도기	false	false
搗穀기게	도곡기게	false	false
搗臼桶	도구통	false	false
搗臼굉이	도굿굉이	false	false
搗臼대	도굿대	false	false
搗臼대桶	도굿대통	false	false
搗臼댕이	도굿댕이	false	false
搗臼바	도굿바	false	false
搗臼방앗고	도굿방앗고	false	false
搗臼방에	도굿방에	false	false
搗臼텅	도구텅	false	false
搗臼텅이	도구텅이	false	false
搗臼텡이	도구텡이	false	false
搗臼퉁	도구퉁	false	false
擧皆分	거개분	false	false
支下	지하	false	false
收穀	수곡	false	false
收養아방	수양아방	false	false
收養어멍	수양어멍	false	false
放生법헤	방생법헤	false	false
敏感이	민감이	false	false
救主탕일	구주탕일	false	false
散步	산보	false	false
散炙꼬재이	산적꼬재이	false	false
文䲙구	문절구	false	false
料理間간나	요릿간간나	false	false
斤달이	근달이	false	false
新빼이	신빼이	false	false
方席	방석	false	false
方席멍석	방석멍석	false	false
方席풀	방석풀	false	false
方긋	방긋	false	false
方시기	방시기	false	false
於中그랑	어중그랑	false	false
於中그랑하다	어중그랑하다	false	false
於中띠다	어중띠다	false	false
於中차다	어중차다	false	false
旅幕질	여막질	false	false
旣往이모	기왕이모	false	false
旣往이믄	기왕이믄	false	false
日射벵	일사벵	false	false
日本감재	일본감재	false	false
日本물질	일본물질	false	false
日本장물	일본장물	false	false
日用품팔이	일용품팔이	false	false
春舌	춘설	false	false
春舌刻	춘설각	false	false
時今	시금	false	false
時勢엇다	시세엇다	false	false
時勢읎다	시세읎다	false	false
時勢읏다	시세읏다	false	false
時時리	시시리	false	false
時晩허다	시만허다	false	false
時計불아리	시계불아리	false	false
時間페	시간페	false	false
時間포	시간포	false	false
時쇠	시쇠	false	false
晝夜장창	주야장창	false	false
晨昏哭	신혼곡	false	false
晩각	만각	false	false
普通내이	보통내이	false	false
智異山냉이바람	지리산냉이바람	false	false
書房보내다	서방보내다	false	false
曾손지	증손지	false	false
曾할메	증할메	false	false
會춤	회춤	false	false
月給封套紙	월급봉투지	false	false
月료일	월료일	false	false
月여일	월여일	false	false
月오일	월오일	false	false
服초매	복초매	false	false
服치매	복치매	false	false
服치메	복치메	false	false
望月놀이	망월놀이	false	false
望月이	망월이	false	false
望가지	망가지	false	false
望시이	망시이	false	false
望우리	망우리	false	false
望재이	망재이	false	false
望쟁이	망쟁이	false	false
望주	망주	false	false
望지기	망지기	false	false
朝前	조전	false	false
朝飯가심	조반가심	false	false
朝飯가음	조반가음	false	false
朝鮮醬물	조선장물	false	false
朝鮮깽이	조선깽이	false	false
朝鮮무꾸	조선무꾸	false	false
朝鮮무수	조선무수	false	false
朝鮮뮈	조선뮈	false	false
朝鮮삽가래	조선삽가래	false	false
朝鮮솔	조선솔	false	false
朝鮮솟	조선솟	false	false
朝鮮솥	조선솥	false	false
朝鮮쟁기	조선쟁기	false	false
朝鮮종오	조선종오	false	false
朝鮮종우	조선종우	false	false
朝鮮지릉	조선지릉	false	false
朝鮮지아	조선지아	false	false
朝鮮홀태	조선홀태	false	false
期成헤	기성헤	false	false
期於	기어	false	false
期於必	기어필	false	false
期於꼬	기어꼬	false	false
期於꾸	기어꾸	false	false
期於쿠	기어쿠	false	false
期於키	기어키	false	false
期於히	기어히	false	false
期米쌀	기미쌀	false	false
木內服	목내복	false	false
木手새	목수새	false	false
木枕토막	목침토막	false	false
木花송어리	목화송어리	false	false
木花쇵이	목화쇵이	false	false
木花쒜기	목화쒜기	false	false
木다배	목다배	false	false
木베개	목베개	false	false
木사추	목사추	false	false
木새기	목새기	false	false
木절	목절	false	false
木티기	목티기	false	false
木함지	목함지	false	false
未安시럽다	미안시럽다	false	false
未安시리	미안시리	false	false
未審질	미심질	false	false
未成前	미성전	false	false
末자치	말자치	false	false
末젯년	말젯년	false	false
末짜이	말짜이	false	false
末짝	말짝	false	false
本	귀따기	false	false
本令監	본영감	false	false
本土백이	본토백이	false	false
本土쟁이	본토쟁이	false	false
本胎生	본태생	false	false
本고당	본고당	false	false
本고양	본고양	false	false
本꼬지	본꼬지	false	false
本남펜	본남펜	false	false
本내다	본내다	false	false
本냄펜	본냄펜	false	false
本니	본니	false	false
本때기	본때기	false	false
本또	본또	false	false
本마너래	본마너래	false	false
本바닥사람	본바닥사람	false	false
本벵	본벵	false	false
本사	본사	false	false
本사리	본사리	false	false
本야	본야	false	false
本엄마	본엄마	false	false
本칫	본칫	false	false
本편	본편	false	false
本할마시	본할마시	false	false
村구섴	촌구섴	false	false
村구숙	촌구숙	false	false
村구적	촌구적	false	false
村귀티	촌귀티	false	false
村끼	촌끼	false	false
村끼바	촌끼바	false	false
村냐	촌냐	false	false
村넘	촌넘	false	false
村눔	촌눔	false	false
村느마	촌느마	false	false
村늠	촌늠	false	false
村니냐	촌니냐	false	false
村떼기	촌떼기	false	false
村띠기	촌띠기	false	false
村말	촌말	false	false
村삐가리	촌삐가리	false	false
村삐기	촌삐기	false	false
村시럽다	촌시럽다	false	false
村시리	촌시리	false	false
村질	촌질	false	false
村태	촌태	false	false
東새風	동새풍	false	false
東쪽북새	동쪽북새	false	false
東쭉	동쭉	false	false
東카름	동카름	false	false
松楸木	송추목	false	false
松津떡	송진떡	false	false
松耳버섭	송이버섭	false	false
松蟲버렝이	송충버렝이	false	false
松낭그	송낭그	false	false
松냉기	송냉기	false	false
松버렝이	송버렝이	false	false
松챙이	송챙이	false	false
松추이	송추이	false	false
松췽이	송췽이	false	false
松치	송치	false	false
松치이	송치이	false	false
松퉁벌거지	송퉁벌거지	false	false
松퉁이	송퉁이	false	false
松펜	송펜	false	false
松핀	송핀	false	false
板국수	판국수	false	false
板다리	판다리	false	false
板대기	판대기	false	false
板엿	판엿	false	false
染벵	염벵	false	false
柚子	유자	false	false
柚子껍닥	유자껍닥	false	false
柱礎독	주촛독	false	false
柱礎돌	주촛돌	false	false
査丈	사장	false	false
査丈으른	사장으른	false	false
査頓紙	사돈지	false	false
栗밤	율밤	false	false
桃實낭	도실낭	false	false
桃花白魚	도화백어	false	false
桶	통	false	false
桶머리	통머리	false	false
桶모개기	통모개기	false	false
桶얼레	통얼레	false	false
桶잔	통잔	false	false
桶함지	통함지	false	false
梅實낭	매실낭	false	false
梅花낭	매화낭	false	false
梧桐낭구	오동낭구	false	false
棒鎚	방추	false	false
棒鎚돌	방추돌	false	false
棟머리	동머리	false	false
椳얽애	외얽애	false	false
楊枝치다	양지치다	false	false
楓사리	풍사리	false	false
楓시마	풍시마	false	false
極盛시룹다	극성시룹다	false	false
楸子	추자	false	false
楸子나무	추자나무	false	false
楸子낭구	추자낭구	false	false
榮華굿	영화굿	false	false
槍살	창살	false	false
模樣낮다	모양낮다	false	false
模樣다가리	모양다가리	false	false
模樣데가리	모양데가리	false	false
模樣사가리	모양사가리	false	false
模樣사납다	모양사납다	false	false
模樣상아리	모양상아리	false	false
模樣읏다	모양읏다	false	false
橘남	귤남	false	false
橘낭	귤낭	false	false
機械毒	기곗독	false	false
機械국시	기계국시	false	false
機械비점	기계비점	false	false
機械충	기계충	false	false
機械홀태	기계홀태	false	false
櫃구짝	궤구짝	false	false
櫓배	놋배	false	false
櫓좆	노좆	false	false
櫻열매	사쿠라열매	false	false
欄干	난간	false	false
欄干마루	난간마루	false	false
欌櫃	장궤	false	false
欠다리	흠다리	false	false
欠데	흠데	false	false
欠디	흠디	false	false
欠태	흠태	false	false
欠터	흠터	false	false
欠테	흠테	false	false
欲心꾸럭지	욕심꾸럭지	false	false
欲心꾸레기	욕심꾸레기	false	false
欲心꾸리기	욕심꾸리기	false	false
正月쒜	정월쒜	false	false
正月이	정월이	false	false
正낮	정낮	false	false
步哨벵	보초벵	false	false
歲寒내	세한내	false	false
歲아래	세아래	false	false
歲아리	세아리	false	false
死亡다물	사망다물	false	false
死生겔단	사생겔단	false	false
死生절단	사생절단	false	false
死白이	사백이	false	false
母兄弟四寸	모형제사촌	false	false
母酒단지	모주단지	false	false
母사춘	모사춘	false	false
每日거리	매일거리	false	false
每日겉이	매일겉이	false	false
毒煞시리	독살시리	false	false
毒거무	독거무	false	false
毒나뱅이	독나뱅이	false	false
毒나부이	독나부이	false	false
毒나붕이	독나붕이	false	false
毒배암	독배암	false	false
毒배얌	독배얌	false	false
毒버러지	독버러지	false	false
毒버섶	독버섶	false	false
毒벌거지	독벌거지	false	false
毒벌기	독벌기	false	false
毒비암	독비암	false	false
毒비얌	독비얌	false	false
毯유	담유	false	false
氅오시	창오시	false	false
氣絕초風	기절정풍	false	false
氣맥히다	기맥히다	false	false
水筩내	수통내	false	false
水道뽐뿌	수도뽐뿌	false	false
水道움물	수도움물	false	false
水정기	수정기	false	false
水중기	수중기	false	false
水증게	수증게	false	false
水징기	수징기	false	false
氷車	빙거	false	false
氷등	빙등	false	false
永우	영우	false	false
江	강	false	false
江生鮮	강생선	false	false
江가세	강가세	false	false
江가시	강가시	false	false
江갓	강갓	false	false
江멘	강멘	false	false
江몰개	강몰개	false	false
江물	강물	false	false
江베록	강베록	false	false
決구	결구	false	false
汽車대가리	기차대가리	false	false
汽車대구리	기차대구리	false	false
沃度징기	옥도징기	false	false
沈菜	침채	false	false
沐間물	목간물	false	false
沙器그럿	사기그럿	false	false
沙器깨디개	사기깨디개	false	false
沙器복지	사기복지	false	false
沙畓논	사답논	false	false
沙糖가르	사탕가르	false	false
沙糖가를	사탕가를	false	false
沙糖가리	사탕가리	false	false
沙糖감재	사탕감재	false	false
沙糖대죽	사탕대죽	false	false
沙糖무꾸	사탕무꾸	false	false
沙糖쉬	사탕쉬	false	false
沙鉢디기	사발디기	false	false
沙鉢때기	사발때기	false	false
沙鉢떠깡	사발떠깡	false	false
沙鉢뚜께	사발뚜께	false	false
沙鉢뚜베이	사발뚜베이	false	false
沙鉢뚜에	사발뚜에	false	false
沙鉢싯다	사발싯다	false	false
沙그럭	사그럭	false	false
沙그륵	사그륵	false	false
沙그륵쪼가리	사그륵쪼가리	false	false
沙술盞	사술잔	false	false
泄瀉벵	설사벵	false	false
泰山부라리	태산부라리	false	false
洋服개와	양복개와	false	false
洋服개주머니	양복개주머니	false	false
洋服개주무니	양복개주무니	false	false
洋服재이	양복재이	false	false
洋服주머니	양복주머니	false	false
洋服주머이	양복주머이	false	false
洋服주멩기	양복주멩기	false	false
洋服주우	양복주우	false	false
洋服호주머니	양복호주머니	false	false
洋裝머리	양장머리	false	false
洋鐵낫	양철낫	false	false
洋鐵동우	양철동우	false	false
洋가자	양가자	false	false
洋각시	양각시	false	false
洋까자	양까자	false	false
洋깔보	양깔보	false	false
洋나서	양나서	false	false
洋넘	양넘	false	false
洋달량	양달량	false	false
洋달양	양달양	false	false
洋대	양대	false	false
洋대기	양대기	false	false
洋대지비	양대지비	false	false
洋댕이	양댕이	false	false
洋동오	양동오	false	false
洋동우	양동우	false	false
洋무시	양무시	false	false
洋밀가리	양밀가리	false	false
洋배차	양배차	false	false
洋뱁추	양뱁추	false	false
洋재이	양재이	false	false
洋쟁기	양쟁기	false	false
洋지기	양지기	false	false
洋징기	양징기	false	false
洋코빼기	양코빼기	false	false
洋코재이	양코재이	false	false
洋판	양판	false	false
洑都監	보도감	false	false
洑개랑	봇개랑	false	false
洑고랑	봇고랑	false	false
洑돌창	봇돌창	false	false
洑두랑	봇두랑	false	false
洑랑	보랑	false	false
洑맥이	보맥이	false	false
洑질	봇질	false	false
洗手桶	세수통	false	false
洗手당	세숫당	false	false
洗手대	세숫대	false	false
洗手대아	세숫대아	false	false
洗手대앙	세숫대앙	false	false
洗手대양	세숫대양	false	false
洗手대여	세숫대여	false	false
洗手대와	세숫대와	false	false
洗手대우	세숫대우	false	false
洗手대이	세숫대이	false	false
洗手댕애	세숫댕애	false	false
洗手댕이	세숫댕이	false	false
洗手디	세숫디	false	false
洗手비노	세숫비노	false	false
洗手비눌	세숫비눌	false	false
洗手비늘	세숫비늘	false	false
洗手사라	세숫사라	false	false
洗手사분	세수사분	false	false
洗手소래	세숫소래	false	false
洗手소래이	세숫소래이	false	false
洗手소랭이	세숫소랭이	false	false
洗手양대	세수양대	false	false
洗手양판	세수양판	false	false
洗手양푼	세수양푼	false	false
洗手툭배기	세수툭배기	false	false
洗手펀	세수펀	false	false
洗濯베누	세탁베누	false	false
洗踏마께	세답마께	false	false
洞네婚事	동네혼사	false	false
洞네우사	동네우사	false	false
洪濁	홍탁	false	false
洪魚鳶	홍어연	false	false
流行벵	유행벵	false	false
浮浪뒹	부랑뒹	false	false
浮浪재이	부랑재이	false	false
浮浪질	부랑질	false	false
浮雜시롭다	부잡시롭다	false	false
海夫	해부	false	false
海棠와	해당와	false	false
海沐	해목	false	false
海長魚	해장어	false	false
海물고기	해물고기	false	false
淫蕩시룹다	음탕시룹다	false	false
淸桶	청통	false	false
淸묵	청묵	false	false
滋甚이	자심이	false	false
漆오르다	칠오르다	false	false
濁바리	탁바리	false	false
濃하다	농하다	false	false
火爐발	화롯발	false	false
火그륵	화그륵	false	false
火근내	화근내	false	false
火닥	화닥	false	false
火사바리	화사바리	false	false
火성냥	화성냥	false	false
火여일	화여일	false	false
火외일	화외일	false	false
火저붐	화저붐	false	false
火절	화절	false	false
火절갈	화절갈	false	false
火젓가치	화젓가치	false	false
火짐	홧짐	false	false
灰가리	횟가리	false	false
灰갈기	회갈기	false	false
灸鍼	구침	false	false
炭구데이	탄구데이	false	false
炭구디이	탄구디이	false	false
烏鷄닥	오계닥	false	false
烙印주다	낙인주다	false	false
烙印지르다	낙인지르다	false	false
烙印질	낙인질	false	false
烙印하기	낙인하기	false	false
烙印하다	낙인하다	false	false
烽불	봉불	false	false
無事이	무사이	false	false
無去來	무거래	false	false
無可奈기	무가내기	false	false
無名指가락	무명지가락	false	false
無名指손구락	무명지손구락	false	false
無名가락	무명가락	false	false
無名손가락	무명손가락	false	false
無市	무시	false	false
無市때	무시때	false	false
無心이	무심이	false	false
無心절	무심절	false	false
無心질	무심질	false	false
無心쿠	무심쿠	false	false
無心타	무심타	false	false
無情시리	무정시리	false	false
無情타	무정타	false	false
無情하다	무정하다	false	false
無慚주다	무참주다	false	false
無斷이	무단이	false	false
無窮아	무궁아	false	false
無窮아나무	무궁아나무	false	false
無能타	무능타	false	false
無視보다	무시보다	false	false
無謀이	무모이	false	false
無難시리	무난시리	false	false
無顔시리	무안시리	false	false
無간심	무간심	false	false
無갑	무갑	false	false
無조근	무조근	false	false
煎소두방	전소두방	false	false
熟지왕	숙지왕	false	false
熱	열	false	false
熱꼿	열꼿	false	false
燒酒고다리	소줏고다리	false	false
燒酒돌	소줏돌	false	false
燒酒벵	소주벵	false	false
燥渴벵	조갈벵	false	false
版백이	판백이	false	false
牌거리싸움	패거리싸움	false	false
牌거리쌈박질	패거리쌈박질	false	false
牌도독	팻도독	false	false
牛膝草	우슬초	false	false
牛馬집	우마집	false	false
牧丹꽃	목단꽃	false	false
特지다	특지다	false	false
狂	광	false	false
狂疾다리	광질다리	false	false
狂비	광비	false	false
狼狽괴기	낭패괴기	false	false
猥濫시룹다	외람시룹다	false	false
獨場거리다	독장거리다	false	false
獨매山	독메산	false	false
獨방	독방	false	false
獨판몰다	독판몰다	false	false
玄米저	현밋저	false	false
王器대접	왕기대접	false	false
王大말축	왕대말축	false	false
王石	왕석	false	false
王가루	왕가루	false	false
王개	왕개	false	false
王개여미	왕개여미	false	false
王개염지	왕개염지	false	false
王거무	왕거무	false	false
王게여미	왕게여미	false	false
王게염지	왕게염지	false	false
王기	왕기	false	false
王꼴부리	왕꼴부리	false	false
王대죽	왕대죽	false	false
王도토리	왕도토리	false	false
王도토리나무	왕도토리나무	false	false
王돌	왕돌	false	false
王되미	왕되미	false	false
王등게	왕등게	false	false
王등기	왕등기	false	false
王딩기	왕딩기	false	false
王매무	왕매무	false	false
王모살	왕모살	false	false
王모새	왕모새	false	false
王몰레	왕몰레	false	false
王바래기	왕바래기	false	false
王밤부리	왕밤부리	false	false
王밥주리	왕밥주리	false	false
王방구리	왕방구리	false	false
王방올	왕방올	false	false
王방우리	왕방우리	false	false
王벌	왕벌	false	false
王벨	왕벨	false	false
王별	왕별	false	false
王사때기	왕사때기	false	false
王새갱이	왕새갱이	false	false
王새깽이	왕새깽이	false	false
王새비	왕새비	false	false
王새오	왕새오	false	false
王생우	왕생우	false	false
王소앵이	왕소앵이	false	false
王소왕이	왕소왕이	false	false
王소왱이	왕소왱이	false	false
王손	왕손	false	false
王손가락	왕손가락	false	false
王손님	왕손님	false	false
王수수	왕수수	false	false
王자	왕자	false	false
王잘	왕잘	false	false
王잠녜	왕잠녜	false	false
王잠수	왕잠수	false	false
王재	왕재	false	false
王재리	왕재리	false	false
王재일	왕재일	false	false
王잴	왕잴	false	false
王잼자리	왕잼자리	false	false
王주월	왕주월	false	false
王차리	왕차리	false	false
王처리	왕처리	false	false
王철게	왕철게	false	false
王철게이	왕철게이	false	false
王철구	왕철구	false	false
王철베이	왕철베이	false	false
王체	왕체	false	false
王칠게이	왕칠게이	false	false
王텡이	왕텡이	false	false
王튕이	왕튕이	false	false
王티이	왕티이	false	false
王팅이	왕팅이	false	false
王하르방	왕하르방	false	false
王할망	왕할망	false	false
珍풍겡	진풍겡	false	false
班指손가락	반지손가락	false	false
理髮毒	이발독	false	false
理髮재이	이발재이	false	false
琉璃다마	유리다마	false	false
琉璃비	유리비	false	false
琉璃잔	유리잔	false	false
瑤池겡	요지겡	false	false
瓢주배기	표주배기	false	false
瓦家집	와가집	false	false
瓦窟	와굴	false	false
瓦쟁이	와쟁이	false	false
甁따까리	병따까리	false	false
甁따꿍	병따꿍	false	false
甁뚜꾸베이	병뚜꾸베이	false	false
甁뚜꾸벵이	병뚜꾸벵이	false	false
甁세리	병세리	false	false
甕器그럭	옹기그럭	false	false
甕器대장	옹기대장	false	false
甕器장사	옹기장사	false	false
甕器툭바리	옹기툭바리	false	false
甕골	옹골	false	false
甕동우	옹동우	false	false
甘味룹다	감미룹다	false	false
甘藍배추	간낭배추	false	false
甘酒	감주	false	false
生	생	false	false
生北魚	생북어	false	false
生員	생원	false	false
生常눔	생상눔	false	false
生水벵	생수벵	false	false
生無識재이	생무식재이	false	false
生物	생물	false	false
生物당사	생물당사	false	false
生酒酊	생주정	false	false
生金	생금	false	false
生食怯	생식겁	false	false
生가부	생가부	false	false
生가죽데기	생가죽데기	false	false
生가죽디기	생가죽디기	false	false
生갈그	생갈그	false	false
生갈기	생갈기	false	false
生감저	생감저	false	false
生거	생거	false	false
生거죽	생거죽	false	false
生거죽데기	생거죽데기	false	false
生거죽디기	생거죽디기	false	false
生것	생것	false	false
生게기	생게기	false	false
生고상	생고상	false	false
生곡석	생곡석	false	false
生곡식	생곡식	false	false
生괜히	생괜히	false	false
生괴기	생괴기	false	false
生그	생그	false	false
生그짓말	생그짓말	false	false
生기	생기	false	false
生깍재이	생깍재이	false	false
生뀌역질	생뀌역질	false	false
生낭	생낭	false	false
生다디기	생다디기	false	false
生디이	생디이	false	false
生떼꾸지	생떼꾸지	false	false
生똥쿨내	생똥쿨내	false	false
生뚱거리	생뚱거리	false	false
生띠기	생띠기	false	false
生메리	생메리	false	false
生멘지	생멘지	false	false
生멜	생멜	false	false
生멜치	생멜치	false	false
生멩태	생멩태	false	false
生멸	생멸	false	false
生목심	생목심	false	false
生반죽	생반죽	false	false
生밧	생밧	false	false
生밭	생밭	false	false
生베	생베	false	false
生베락	생베락	false	false
生비	생비	false	false
生새	생새	false	false
生선	생선	false	false
生소까비	생소까비	false	false
生소깝	생소깝	false	false
生손가라기	생손가라기	false	false
生손가락	생손가락	false	false
生손고락	생손고락	false	false
生송아리	생송아리	false	false
生어거지	생어거지	false	false
生으로	생으로	false	false
生제러기	생제러기	false	false
生제레기	생제레기	false	false
生젤이	생젤이	false	false
生쥐정	생쥐정	false	false
生지랄	생지랄	false	false
生질	생질	false	false
生짐치	생짐치	false	false
生짼지	생짼지	false	false
生차	생차	false	false
生채	생채	false	false
生체	생체	false	false
生티집	생티집	false	false
産母풀	산모풀	false	false
産구달	산구달	false	false
産우달	산우달	false	false
甲	갑	false	false
甲山아바이	갑산아바이	false	false
甲짜리	갑짜리	false	false
男동상	남동상	false	false
男동새	남동새	false	false
男동성	남동성	false	false
男동숭	남동숭	false	false
男동승	남동승	false	false
男동싱	남동싱	false	false
男무당	남무당	false	false
男새	남새	false	false
男소나이	남소나이	false	false
男심방	남심방	false	false
留聲개	유성개	false	false
畢세	필세	false	false
番걸치다	번걸치다	false	false
異姓사춘	이성사춘	false	false
當아방	당아방	false	false
當어멍	당어멍	false	false
疋木店	필목점	false	false
疏薄뎅이	소박뎅이	false	false
疑心벵	의심벵	false	false
病잽이	병잽이	false	false
痢疾배피	이질배피	false	false
痼疾벵	고질벵	false	false
瘧疾풍	학질풍	false	false
癇疾벵	간질벵	false	false
癇疾빙	간질빙	false	false
登山하	등산하	false	false
發動개	발동개	false	false
發狂징	발광징	false	false
白丁놈	백정놈	false	false
白乾達	백건달	false	false
白太	백태	false	false
白晝방낫	백주방낫	false	false
白고이	백고이	false	false
白낮	백낮	false	false
白눈	백눈	false	false
白메	백메	false	false
白목	백목	false	false
白몰레	백몰레	false	false
白무리	백무리	false	false
白버짐	백버짐	false	false
白사디	백사디	false	false
白새	백새	false	false
白설	백설	false	false
白설구	백설구	false	false
白설떡	백설떡	false	false
白설지	백설지	false	false
白시	백시	false	false
白시르	백시르	false	false
白시리	백시리	false	false
白식	백식	false	false
白실기	백실기	false	false
白야시	백야시	false	false
白여구	백여구	false	false
白여수	백여수	false	false
白여시	백여시	false	false
白영깨이	백영깨이	false	false
白짐	백짐	false	false
白짐치	백짐치	false	false
白찌미	백찌미	false	false
白찜	백찜	false	false
白토란	백토란	false	false
百合草꼿	백합초꼿	false	false
百合꼿	백합꼿	false	false
百合췌꼿	백합췌꼿	false	false
百번	백번	false	false
百본	백본	false	false
皮곡석	피곡석	false	false
益母	익모	false	false
盒	합	false	false
盡죙일	진죙일	false	false
盡쥉일	진쥉일	false	false
盲과니	맹과니	false	false
相思花	상사화	false	false
相思벵	상사벵	false	false
相다구	상다구	false	false
相바닥	상바닥	false	false
相우리	상우리	false	false
相위	상위	false	false
相파니	상파니	false	false
相판디기	상판디기	false	false
相팡이	상팡이	false	false
眞土백이	진토백이	false	false
眞實루	진실루	false	false
眞당	진당	false	false
眞뗑이	진뗑이	false	false
眞백이	진백이	false	false
眞짜비기	진짜비기	false	false
眞째	진째	false	false
眼質	안질	false	false
知覺서니	지각서니	false	false
矮지축	왜지축	false	false
矮지측	왜지측	false	false
石手자이	석수자이	false	false
石手재이	석수재이	false	false
石油각지	석윳각지	false	false
石油지름	석유지름	false	false
石게울	석게울	false	false
石자이	석자이	false	false
硏子방애	연자방애	false	false
碑石치기	비석치기	false	false
碑동	빗동	false	false
碑똥	비똥	false	false
確的이	확적이	false	false
祖父니	조부니	false	false
祖父시	조부시	false	false
祖父씨	조부씨	false	false
神主櫝	신주독	false	false
神仙밥	신선밥	false	false
神房	신방	false	false
神過歲	신과세	false	false
神靈草	신령초	false	false
神굿	신굿	false	false
神자리	신자리	false	false
祭자리	젯자리	false	false
福꼴세	복꼴세	false	false
福데이	복데이	false	false
福뎅이	복뎅이	false	false
福등거리	복등거리	false	false
福디	복디	false	false
福딩이	복딩이	false	false
福살머리	복살머리	false	false
福시럭하다	복시럭하다	false	false
福재이	복재이	false	false
福조가리	복조가리	false	false
福조래	복조래	false	false
福조렝이	복조렝이	false	false
福좋다	복좋다	false	false
福주메이	복주메이	false	false
福주무이	복주무이	false	false
福지다	복지다	false	false
禿소리	독소리	false	false
禿술	독술	false	false
禿술매미	독술매미	false	false
秋夕비심	추석비심	false	false
秋夕치리	추석치리	false	false
秋霜겉다	추상겉다	false	false
秋霜겉이	추상겉이	false	false
稅米쌀	세미쌀	false	false
種子나락	종자나락	false	false
種子베	종자베	false	false
種子벱씨	종자벱씨	false	false
種子벼	종잣벼	false	false
種子씨	종자씨	false	false
稻扱	도급	false	false
稻扱그네	도급그네	false	false
穀食방울	곡식방울	false	false
穀食베가리	곡식베가리	false	false
穀食비가리	곡식비가리	false	false
穩히	온히	false	false
空中돌기	공중돌기	false	false
空然시	공연시	false	false
空然시리	공연시리	false	false
空然씨	공연씨	false	false
空窟	공굴	false	false
空거	공거	false	false
空걸음하다	공걸음하다	false	false
空게	공게	false	false
空기	공기	false	false
空머심	공머심	false	false
空묵다	공묵다	false	false
空빼기	공빼기	false	false
空빼이	공빼이	false	false
空시미	공시미	false	false
空짜배이	공짜배이	false	false
空째	공째	false	false
窒塞八塞하다	질색팔색하다	false	false
窓끔	창끔	false	false
窓때기	창때기	false	false
窟내기	굴내기	false	false
窟대세기	굴대세기	false	false
窮狀시룹다	궁상시룹다	false	false
童松耳	동송이	false	false
竹	죽	false	false
竹席자리	죽석자리	false	false
竹節이	죽절이	false	false
竹衫	죽삼	false	false
竹구일	죽구일	false	false
竿대이	간대이	false	false
筋肉살	근육살	false	false
筋肉솔	근육솔	false	false
筍썰이	순썰이	false	false
築港둥이	축항둥이	false	false
籠房	농방	false	false
籠房店	농방점	false	false
籠지기	농지기	false	false
籠집	농집	false	false
籠째기	농째기	false	false
米왑	미왑	false	false
粉가리	분가리	false	false
粉겨	분겨	false	false
粉솔	분솔	false	false
粉질	분질	false	false
精誠껀	정성껀	false	false
精誠끈	정성끈	false	false
精誠끗	정성끗	false	false
精誠시롭다	정성시롭다	false	false
糖尿벵	당뇨벵	false	false
糞田	분전	false	false
糞間	분간	false	false
紅唐	홍당	false	false
紅唐지	홍당지	false	false
紅大	홍대	false	false
紅疹熱	홍진열	false	false
紅疹소님	홍진소님	false	false
紅노배	홍노배	false	false
紅돼기	홍돼기	false	false
紅시	홍시	false	false
紅재기	홍재기	false	false
純全	순전	false	false
紗帽간대	사모간대	false	false
紗帽관디	사모관디	false	false
紙드림	지드림	false	false
紙아룀	지아룀	false	false
紛沓시럽다	분답시럽다	false	false
細雨비	세우비	false	false
細모래	세모래	false	false
紹介재이	소개재이	false	false
紹介쟁이	소개쟁이	false	false
終내	종내	false	false
絕對루	절대루	false	false
綠末국시	녹말국시	false	false
綠豆가리	녹두가리	false	false
綠豆너물	녹두너물	false	false
綠豆노물	녹두노물	false	false
綠豆부침	녹두부침	false	false
綠豆질금	녹두질금	false	false
綠실다	녹실다	false	false
綠찌다	녹찌다	false	false
綠피다	녹피다	false	false
網	망	false	false
網시리	망시리	false	false
網티기	망티기	false	false
綿花꽃	면화꽃	false	false
緋緞배암	비단배암	false	false
緋緞우티	비단우티	false	false
緋緞절	비단절	false	false
緣起	연기	false	false
總角무수	총각무수	false	false
總角짐치	총각짐치	false	false
總角차다	총각차다	false	false
繁盛꼿	번성꼿	false	false
繡벼개	수벼개	false	false
繡비개	수비개	false	false
缸뚜껑	항뚜껑	false	false
缸뚜껑이	항뚜껑이	false	false
缸뚜께	항뚜께	false	false
缸반대기	항반대기	false	false
缸사리	항사리	false	false
缸아리몸살	항아리몸살	false	false
缸아리순님	항아리순님	false	false
罌쑥갓	앵쑥갓	false	false
罪悚시롭다	죄송시롭다	false	false
罪닦음	죄닦음	false	false
罰세다	벌세다	false	false
罰스다	벌스다	false	false
罰시우다	벌시우다	false	false
羊의젓	양의젓	false	false
羊의젯	양의젯	false	false
美童치기	미동치기	false	false
美하다	미하다	false	false
義務벵	의무벵	false	false
義理兄弟	의리형제	false	false
義理성제	의리성제	false	false
義룹다	의룹다	false	false
羹시기	갱시기	false	false
羹이	갱이	false	false
習	습	false	false
老人니	노인니	false	false
老妄쓰다	노망쓰다	false	false
老宅	노댁	false	false
老宅이	노댁이	false	false
老닥다리	노닥다리	false	false
老당나구	노당나구	false	false
老대기	노대기	false	false
老데기	노데기	false	false
老마	노마	false	false
老망구	노망구	false	false
老아매	노아매	false	false
老아바이	노아바이	false	false
老아배	노아배	false	false
老툭	노툭	false	false
老하르바이	노하르바이	false	false
老할마이	노할마이	false	false
老할머이	노할머이	false	false
老할아버이	노할아버이	false	false
老할어버이	노할어버이	false	false
老할으버이	노할으버이	false	false
老할으버지	노할으버지	false	false
耗租	모조	false	false
聰찬허다	총찬허다	false	false
聰찮다	총찮다	false	false
聰찮이	총찮이	false	false
職業벵	직업벵	false	false
肉物궤기	육물궤기	false	false
肉羞間	육수간	false	false
肉鐵	육철	false	false
肉鐵솟	육철솟	false	false
肉계醬	육계장	false	false
肉괴기	육괴기	false	false
肉소	육소	false	false
肉채	육채	false	false
肋膜엄	늑막엄	false	false
肋膜음	늑막음	false	false
肝디이	간디이	false	false
肝딩이	간딩이	false	false
肝떼이	간떼이	false	false
肝띠이	간띠이	false	false
肝띵이	간띵이	false	false
肝뽀	간뽀	false	false
胃腸벵	위장벵	false	false
胃臟벵	위장벵	false	false
胎性	태성	false	false
胎꼽	태꼽	false	false
胡桃	호도	false	false
胡桃나무	호도나무	false	false
胡桃낭그	호도낭그	false	false
胡桃낭기	호도낭기	false	false
胡椒가리	호촛가리	false	false
胡감재	호감재	false	false
胡감지	호감지	false	false
胡개비	호개비	false	false
胡괴비	호괴비	false	false
胡라이	호라이	false	false
胡무꾸	호무꾸	false	false
胡배차	호배차	false	false
胡주마니	호주마니	false	false
胡주머나	호주머나	false	false
胡주머리	호주머리	false	false
胡주머이	호주머이	false	false
胡주먼지	호주먼지	false	false
胡주메이	호주메이	false	false
胡주모니	호주모니	false	false
胡주무이	호주무이	false	false
胡주미	호주미	false	false
胡줌무이	호줌무이	false	false
胡지미이	호지미이	false	false
能판	능판	false	false
脈氣	맥기	false	false
脈살없다	맥살없다	false	false
脈살없이	맥살없이	false	false
脈새가리	맥새가리	false	false
脈엄씨	맥엄씨	false	false
脈통이	맥통이	false	false
脊髓뻬	척수뻬	false	false
腎臟벵	신장벵	false	false
腹帶	복대	false	false
腹桶	복통	false	false
腹桶살	복통살	false	false
腹痛	복통	false	false
腹瘧	복학	false	false
腹臟가심	복장가심	false	false
膽---	담보있다	false	false
自動고	자동고	false	false
自古루	자고루	false	false
自轉게	자전게	false	false
自轉교	자전교	false	false
至惡박이	지악박이	false	false
至毒시롭다	지독시롭다	false	false
至毒시리	지독시리	false	false
至誠껀	지성껀	false	false
至誠끈	지성끈	false	false
至誠끗	지성끗	false	false
至賤꾸러기	지천꾸러기	false	false
至賤꾸레기	지천꾸레기	false	false
致誠받이	치성받이	false	false
舍廊老人	사랑노인	false	false
舍廊뒷간	사랑뒷간	false	false
舍廊칙간	사랑칙간	false	false
船官	선관	false	false
船게	선게	false	false
色걸이	색걸이	false	false
色고리	색고리	false	false
色그리	색그리	false	false
色내이	색내이	false	false
色달르다	색달르다	false	false
色동누비	색동누비	false	false
色동저구리	색동저구리	false	false
色동주고리	색동주고리	false	false
色조	색조	false	false
花樹기	화수기	false	false
花魚	화어	false	false
若此하다	약차하다	false	false
苦學상	고학상	false	false
苦生바가치	고생바가치	false	false
苦生주무이	고생주무이	false	false
苦痛시룹다	고통시룹다	false	false
苦難시룹다	고난시룹다	false	false
茶食틀	다식틀	false	false
草堂居處	초당거처	false	false
草席	초석	false	false
草席자리	초석자리	false	false
草笠뎅이	초립뎅이	false	false
草집	초집	false	false
菁노배	청노배	false	false
菊重	국중	false	false
菓	과	false	false
菜田밭	채전밭	false	false
菜비미	채비미	false	false
菜비비미	채비비미	false	false
菜지	채지	false	false
菩提둑	보리둑	false	false
菩提뚝	보리뚝	false	false
菩薩감테	보살감테	false	false
菽麥이	숙맥이	false	false
萬事헹통	만사헹통	false	false
萬古잡눔	만고잡눔	false	false
萬古잡늠	만고잡늠	false	false
萬年구짜	만년구짜	false	false
萬物店房	만물점방	false	false
萬石지기	만석지기	false	false
萬端間	만단간	false	false
萬날千날	만날천날	false	false
萬날치나	만날치나	false	false
萬발	만발	false	false
萬부득히	만부득히	false	false
落	낙	false	false
落下선	낙하선	false	false
落床	낙상	false	false
葡萄	포도	false	false
葬나다	장나다	false	false
葬밧	장밧	false	false
蒸펜	증펜	false	false
蒸평	증평	false	false
蓋뚜베이	개뚜베이	false	false
蓋뜨배이	개뜨배이	false	false
蓋뜨베이	개뜨베이	false	false
蓋뜨벵이	개뜨벵이	false	false
蓖麻주	피마주	false	false
蓮알	연알	false	false
蔘꾼	삼꾼	false	false
蔥蔥딜이	총총딜이	false	false
薰짐	훈짐	false	false
藤너출	등너출	false	false
藤덩쿨	등덩쿨	false	false
藥按酒	약안주	false	false
藥松津	약송진	false	false
藥櫃	약궤	false	false
藥針재이	약침재이	false	false
藥그륵	약그륵	false	false
藥깨	약깨	false	false
藥꼬쟁이	약꼬쟁이	false	false
藥단지	약단지	false	false
藥담배	약담배	false	false
藥당새기	약당새기	false	false
藥대집	약대집	false	false
藥봉다리	약봉다리	false	false
藥비	약비	false	false
藥삐게이	약삐게이	false	false
藥사바리	약사바리	false	false
藥소캐	약소캐	false	false
藥손고락	약손고락	false	false
藥손구락	약손구락	false	false
藥손그락	약손그락	false	false
藥장새	약장새	false	false
藥조마이	약조마이	false	false
藥탕발	약탕발	false	false
蘭草사리	난초사리	false	false
蘭草시마	난초시마	false	false
虎狼나부	호랑나부	false	false
虐疾베이	학질베이	false	false
處處이	처처이	false	false
虛嘔逆	허구역	false	false
虛風벵	허풍벵	false	false
虛風재이	허풍재이	false	false
虛風젱이	허풍젱이	false	false
虛飢징	허깃징	false	false
虛바리	허바리	false	false
虛발	허발	false	false
蛤子	합자	false	false
螺叭고동	나팔고동	false	false
螺絲구	나사구	false	false
蠡魚동자개	여어동자개	false	false
行動가지	행동가지	false	false
行喪집	행상집	false	false
行輿	행여	false	false
衣몸	의몸	false	false
補비	보비	false	false
複雜다	복잡다	false	false
褐中衣	갈중의	false	false
褐고동에	갈고동에	false	false
褐고등에	갈고등에	false	false
褐독지	갈독지	false	false
褐등거리	갈등거리	false	false
褐등지게	갈등지게	false	false
褐바이	갈바이	false	false
褐베중이	갈베중이	false	false
褐잠방이	갈잠방이	false	false
褐잠뱅이	갈잠뱅이	false	false
褐적삼	갈적삼	false	false
褐점방이	갈점방이	false	false
褐점뱅이	갈점뱅이	false	false
褓따리	보따리	false	false
褓따리당시	보따리당시	false	false
褓따리맺임	보따리맺임	false	false
褓싸개	보싸개	false	false
褓조기	보조기	false	false
褓짐당사	봇짐당사	false	false
褓짐당시	봇짐당시	false	false
褓탱이	보탱이	false	false
西갈	서갈	false	false
西갈보롬	서갈보롬	false	false
西갈보름	서갈보름	false	false
西골	섯골	false	false
西녁	섯녁	false	false
西녁짝	서녁짝	false	false
西동네	섯동네	false	false
西멍에	서멍에	false	false
西짝	서짝	false	false
西쭉	서쭉	false	false
西카름	서카름	false	false
親庭아바시	친정아바시	false	false
親庭아버이	친정아버이	false	false
親庭아부지	친정아부지	false	false
親庭어마시	친정어마시	false	false
親庭어머이	친정어머이	false	false
親庭엄니	친정엄니	false	false
親갈	친갈	false	false
親누	친누	false	false
親누부	친누부	false	false
親누부야	친누부야	false	false
親누야	친누야	false	false
親동상	친동상	false	false
親사둔	친사둔	false	false
親사춘	친사춘	false	false
親삼춘	친삼춘	false	false
親손지	친손지	false	false
親아방	친아방	false	false
親아버이	친아버이	false	false
親아부지	친아부지	false	false
親어머이	친어머이	false	false
親할머이	친할머이	false	false
親할아버이	친할아버이	false	false
親할어버이	친할어버이	false	false
親할으버이	친할으버이	false	false
親할으버지	친할으버지	false	false
角貨	각화	false	false
角鹿	각록	false	false
角鼠魚	각서어	false	false
角떼	각떼	false	false
角또	각또	false	false
角뚜	각뚜	false	false
角뛰	각뛰	false	false
角수리	각수리	false	false
訃音物	부음물	false	false
語塞시롭다	어색시롭다	false	false
議論족족하다	의논족족하다	false	false
議論타다	의논타다	false	false
護喪옷	호상옷	false	false
豆腐초물	두부초물	false	false
豐年다래기	풍년다래기	false	false
負傷벵	부상벵	false	false
負袋쌈	부대쌈	false	false
財數때암	재수때암	false	false
財數땜	재수땜	false	false
財數바리	재수바리	false	false
財數보다	재수보다	false	false
財數치리하다	재수치리하다	false	false
販場	판장	false	false
貪두다	탐두다	false	false
貪부다	탐부다	false	false
貫銜	관함	false	false
責실	책실	false	false
責잽히다	책잽히다	false	false
貯水디	저수디	false	false
貰살이	세살이	false	false
貴드기	귀드기	false	false
貴득이	귀득이	false	false
貴얗다	귀얗다	false	false
貴테게	귀테게	false	false
貿販칩	무판칩	false	false
賣春보	매춘보	false	false
賤덕꾸럭지	천덕꾸럭지	false	false
賤덕꾸레기	천덕꾸레기	false	false
賤뎅이	천뎅이	false	false
賤드기	천드기	false	false
賤디구디	천디구디	false	false
賤디기	천디기	false	false
賤딩이	천딩이	false	false
赤多말	적다말	false	false
趙膏藥	조고약	false	false
足발	족발	false	false
足찌께	족찌께	false	false
足통	족통	false	false
跏趺자리	가부자리	false	false
路祭	노제	false	false
路資삯	노자삯	false	false
車	차	false	false
車띠기	차띠기	false	false
車몰미	차몰미	false	false
車물미	차물미	false	false
車바꾸	차바꾸	false	false
車바쿠	차바쿠	false	false
車발통	차발통	false	false
車질	찻질	false	false
車포	차포	false	false
車푀	차푀	false	false
車풰	차풰	false	false
軟材	연재	false	false
軟材가락	연재가락	false	false
辱감탱이	욕감탱이	false	false
辱대배기	욕대배기	false	false
辱맞다	욕맞다	false	false
辱묵다	욕묵다	false	false
辱바가치	욕바가치	false	false
辱비다	욕비다	false	false
辱사바리	욕사바리	false	false
辱재이	욕재이	false	false
辱주가리	욕주가리	false	false
辱태배기	욕태배기	false	false
辱털갑	욕털갑	false	false
辱티비기	욕티비기	false	false
辱퍼데기	욕퍼데기	false	false
農事딜	농사딜	false	false
農事여름	농사여름	false	false
農事연장	농사연장	false	false
農具엔장	농구엔장	false	false
農具여장	농구여장	false	false
農具연장	농구연장	false	false
農具연쟁	농구연쟁	false	false
農具옌장	농구옌장	false	false
農具이장	농구이장	false	false
農具인장	농구인장	false	false
農具자리	농구자리	false	false
農器연장	농기연장	false	false
農器이장	농기이장	false	false
農土배기	농토배기	false	false
農夫와니	농부와니	false	false
農夫하니	농부하니	false	false
農牛소	농우소	false	false
農神지	농신지	false	false
農기예	농기예	false	false
農쟁이	농쟁이	false	false
農투사이	농투사이	false	false
農투새이	농투새이	false	false
退園	퇴원	false	false
退마롱	툇마롱	false	false
退마룽	툇마룽	false	false
退마리	툇마리	false	false
退말레	툇말레	false	false
退하다	퇴하다	false	false
逃亡거지	도망거지	false	false
逃亡수	도망수	false	false
通信報	통신보	false	false
通竹	통죽	false	false
速기	속기	false	false
連데다	연데다	false	false
連주	연주	false	false
進甲	진갑	false	false
運動당	운동당	false	false
運動아	운동아	false	false
運數궂다	운수궂다	false	false
運數낮다	운수낮다	false	false
道路벤	도로벤	false	false
遠山배기	원산배기	false	false
遠적	원적	false	false
遺傳벵	유전벵	false	false
避難질	피난질	false	false
避애다	피애다	false	false
避캐다	피캐다	false	false
還甲잔체	환갑잔체	false	false
都家	도가	false	false
都方	도방	false	false
都方넘	도방넘	false	false
都賣집	도맷집	false	false
鄕愁벵	향수벵	false	false
配達이	배달이	false	false
酒酊바치	주정바치	false	false
酒酊배	주정배	false	false
酒돌이	주돌이	false	false
醋비	촛비	false	false
醋쉬엉	촛쉬엉	false	false
醋아재비	초아재비	false	false
醋친눔	초친눔	false	false
醋친늠	초친늠	false	false
醬粥	장죽	false	false
醬缸덕	장항덕	false	false
醬缸두껑	장항두껑	false	false
醬缸두께	장항두께	false	false
醬缸두에	장항두에	false	false
醬缸뒤	장항뒤	false	false
醬缸뚜껭이	장항뚜껭이	false	false
醬缸뚜꿰	장항뚜꿰	false	false
醬缸터	장항터	false	false
醬개미	장개미	false	false
醬곡도리	장곡도리	false	false
醬광臺	장광대	false	false
醬괭	장괭	false	false
醬구방	장구방	false	false
醬국	장국	false	false
醬그륵	장그륵	false	false
醬그방	장그방	false	false
醬까시	장까시	false	false
醬깍정	장깍정	false	false
醬깍젱이	장깍젱이	false	false
醬깡	장깡	false	false
醬꼬비	장꼬비	false	false
醬꼭도리	장꼭도리	false	false
醬꾸실	장꾸실	false	false
醬단지뚜게	장단지뚜게	false	false
醬도가지	장도가지	false	false
醬독庫房	장독고방	false	false
醬독광	장독광	false	false
醬독뒤	장독뒤	false	false
醬독떠꺼리	장독떠꺼리	false	false
醬독떠껑	장독떠껑	false	false
醬독떠께	장독떠께	false	false
醬독뚜꺼리	장독뚜꺼리	false	false
醬독뚜께	장독뚜께	false	false
醬독뚜껭	장독뚜껭	false	false
醬독뚜껭이	장독뚜껭이	false	false
醬독뚜낑이	장독뚜낑이	false	false
醬독뚜벙	장독뚜벙	false	false
醬독뚜베이	장독뚜베이	false	false
醬독띠빙이	장독띠빙이	false	false
醬독사래	장독사래	false	false
醬독서래기	장독서래기	false	false
醬둑	장둑	false	false
醬둑臺	장둑대	false	false
醬둑間	장둑간	false	false
醬둑강	장둑강	false	false
醬둑거리	장둑거리	false	false
醬둑뚜껑	장둑뚜껑	false	false
醬둑소대	장둑소대	false	false
醬둑소루게	장둑소루게	false	false
醬둑수래	장둑수래	false	false
醬떠께이	장떠께이	false	false
醬떼께	장떼께	false	false
醬뚜가리	장뚜가리	false	false
醬뚜거리	장뚜거리	false	false
醬뚜기	장뚜기	false	false
醬뚜깡	장뚜깡	false	false
醬뚜깽이	장뚜깽이	false	false
醬뚜껑이	장뚜껑이	false	false
醬뚜께	장뚜께	false	false
醬뚜껭이	장뚜껭이	false	false
醬뚜끼	장뚜끼	false	false
醬뜨껭	장뜨껭	false	false
醬물	장물	false	false
醬물국자	장물국자	false	false
醬물무리	장물무리	false	false
醬물오가리	장물오가리	false	false
醬반대기	장반대기	false	false
醬밴대기	장밴대기	false	false
醬버렝이	장버렝이	false	false
醬뻬기	장뻬기	false	false
醬소두랑	장소두랑	false	false
醬소래	장소래	false	false
醬종그레기	장종그레기	false	false
醬종재기	장종재기	false	false
醬종지	장종지	false	false
醬지즘	장지즘	false	false
醬지짐	장지짐	false	false
醬추바리	장추바리	false	false
醬쿡	장쿡	false	false
重벌	중벌	false	false
野俗시리	야속시리	false	false
野시롭다	야시롭다	false	false
量끈	양끈	false	false
量끗	양끗	false	false
量테기	양테기	false	false
金盞하	금잔하	false	false
金鷄랄	금계랄	false	false
金덩거리	금덩거리	false	false
金뎅이	금뎅이	false	false
金도꾸	금도꾸	false	false
金딩이	금딩이	false	false
金몰개	금몰개	false	false
金반재	금반재	false	false
金비네	금비네	false	false
金싸래기	금싸래기	false	false
金싸리기	금싸리기	false	false
針게기	침게기	false	false
針쟁이	침쟁이	false	false
鈍바리	둔바리	false	false
鈍챙이	둔챙이	false	false
鈍텡이	둔텡이	false	false
鉛筆깍	연필깍	false	false
銀杏남	은행남	false	false
銀杏낭	은행낭	false	false
銀구술	은구술	false	false
銀구실	은구실	false	false
銀까락지	은까락지	false	false
銀방구리	은방구리	false	false
銀방우리	은방우리	false	false
銀비네	은비네	false	false
銀상의	은상의	false	false
銀상이	은상이	false	false
銀수제	은수제	false	false
銀에	은에	false	false
銀조	은조	false	false
銀조우	은조우	false	false
銀조이	은조이	false	false
銃바지	총바지	false	false
銃쟁이	총쟁이	false	false
錘돌	추돌	false	false
鍍金漆	멕기칠	false	false
鍍金漆하다	멕기칠하다	false	false
鍼재이	침재이	false	false
鎔燐	용인	false	false
鐵匠房	철장방	false	false
鐵匠왕	철장왕	false	false
鐵桶겉다	철통겉다	false	false
鐵桶겉이	철통겉이	false	false
鐵甲복젱이	철갑복젱이	false	false
鐵絲줄	철사줄	false	false
鐵가치	철가치	false	false
鐵쇠	철쇠	false	false
鐵알	철알	false	false
鐵쟁이	철쟁이	false	false
鐵젱이	철젱이	false	false
鐵질	철질	false	false
長常에	장상에	false	false
長指손가락	장지손가락	false	false
長斫가비	장작가비	false	false
長斫개피	장작개피	false	false
長斫거리	장작거리	false	false
長斫데미	장작데미	false	false
長斫무디기	장작무디기	false	false
長斫숱	장작숱	false	false
長斫테미	장작테미	false	false
長頭魚	장두어	false	false
長가지	장가지	false	false
長귀클	장귀클	false	false
長기틀	장기틀	false	false
長나무	장나무	false	false
長낫	장낫	false	false
長대낫	장대낫	false	false
長대바눌	장대바눌	false	false
長대바늘	장대바늘	false	false
長덕석	장덕석	false	false
長소까락	장소까락	false	false
長손고락	장손고락	false	false
長손구락	장손구락	false	false
長스레	장스레	false	false
長쓰레	장쓰레	false	false
長조캐	장조캐	false	false
門內祭	문내제	false	false
門前	문전	false	false
門前告祀	문전고사	false	false
門前床	문전상	false	false
門前祭	문전제	false	false
門前고시	문전고시	false	false
門外拜	문외배	false	false
門木	문목	false	false
門祭	문제	false	false
門거리	문거리	false	false
門걸새	문걸새	false	false
門걸쎄	문걸쎄	false	false
門걸쒜	문걸쒜	false	false
門고냥	문고냥	false	false
門고렝이	문고렝이	false	false
門고루	문고루	false	false
門고리	문고리	false	false
門고망	문고망	false	false
門고비	문고비	false	false
門골갱이	문골갱이	false	false
門골게이	문골게이	false	false
門구녁	문구녁	false	false
門구녕	문구녕	false	false
門구먹	문구먹	false	false
門구무	문구무	false	false
門구뭉	문구뭉	false	false
門구영	문구영	false	false
門귀녕	문귀녕	false	false
門꼬다리	문꼬다리	false	false
門꼬리	문꼬리	false	false
門꼴게이	문꼴게이	false	false
門끄멍	문끄멍	false	false
門뎔귀	문뎔귀	false	false
門밲	문밲	false	false
門베기	문베기	false	false
門슬柱	문슬주	false	false
門시地枋	문시지방	false	false
門웃祭	문웃제	false	false
門적지	문적지	false	false
門제비	문제비	false	false
門조	문조	false	false
門조오	문조오	false	false
門조우	문조우	false	false
門조이	문조이	false	false
門종오	문종오	false	false
門종우	문종우	false	false
門주두리	문주두리	false	false
門주드리	문주드리	false	false
門주박	문주박	false	false
門중서리	문중서리	false	false
門지두리	문지두리	false	false
門지둥	문지둥	false	false
門지반	문지반	false	false
門짜갑	문짜갑	false	false
門째기	문째기	false	false
門쪼	문쪼	false	false
門쪽	문쪽	false	false
門처망	문처망	false	false
門첩시	문첩시	false	false
門치박	문치박	false	false
門쾅	문쾅	false	false
門터박	문터박	false	false
門텅	문텅	false	false
門텍	문텍	false	false
門통	문통	false	false
門투박	문투박	false	false
門툭	문툭	false	false
門트망	문트망	false	false
門트매기	문트매기	false	false
門트멍	문트멍	false	false
門틈배기	문틈배기	false	false
門푸출	문푸출	false	false
開化주머니	개화주머니	false	false
開鐵	개철	false	false
開鐵쉐	개철쉐	false	false
開주미	개주미	false	false
開줍치	개줍치	false	false
開투머니	개투머니	false	false
閑無歲月허다	한무세월허다	false	false
間가르다	간가르다	false	false
間막이하다	간막이하다	false	false
防川나다	방천나다	false	false
防川도랑	방천도랑	false	false
防川둑	방천둑	false	false
防牌은	방패은	false	false
防築두룩	방축두룩	false	false
附缸단디	부항단디	false	false
限定없이	한정없이	false	false
限死고	한사고	false	false
限死라꼬	한사라꼬	false	false
限死쿠	한사쿠	false	false
限量웂다	한량웂다	false	false
限껀	한껀	false	false
限끗	한끗	false	false
限웂다	한웂다	false	false
限펭생	한펭생	false	false
限허고	한허고	false	false
陰凶시룹다	음흉시룹다	false	false
陰地말	음짓말	false	false
陰강	음강	false	false
陰달지다	음달지다	false	false
陳外家집	진외갓집	false	false
陳웨가	진웨가	false	false
陸地물질	육지물질	false	false
陸땅	육땅	false	false
陽地달굼	양지달굼	false	false
陽地바리	양지바리	false	false
陽地발르다	양지발르다	false	false
陽地밭	양지밭	false	false
險시랍다	험시랍다	false	false
雄줄레	웅줄레	false	false
雄하다	웅하다	false	false
雇馬場	고마장	false	false
雙가르마	쌍가르마	false	false
雙가매	쌍가매	false	false
雙가메	쌍가메	false	false
雙가풀	쌍가풀	false	false
雙거네	쌍거네	false	false
雙건네	쌍건네	false	false
雙고란히	쌍고란히	false	false
雙군디	쌍군디	false	false
雙그란히	쌍그란히	false	false
雙까락지	쌍까락지	false	false
雙나라이	쌍나라이	false	false
雙나라히	쌍나라히	false	false
雙나란히	쌍나란히	false	false
雙녜	쌍녜	false	false
雙대이	쌍대이	false	false
雙댕이	쌍댕이	false	false
雙도이	쌍도이	false	false
雙됭이	쌍됭이	false	false
雙두	쌍두	false	false
雙두이	쌍두이	false	false
雙둥	쌍둥	false	false
雙뒝이	쌍뒝이	false	false
雙뒤	쌍뒤	false	false
雙뒹이	쌍뒹이	false	false
雙디	쌍디	false	false
雙디이	쌍디이	false	false
雙딩이	쌍딩이	false	false
雙메이	쌍메이	false	false
雙멩이	쌍멩이	false	false
雙바	쌍바	false	false
雙지둥	쌍지둥	false	false
雙커풀	쌍커풀	false	false
雙테이	쌍테이	false	false
雜貨商會	잡화상회	false	false
雜동사이	잡동사이	false	false
雜둥이	잡둥이	false	false
雜밥	잡밥	false	false
雜뱅이	잡뱅이	false	false
雜부룽이	잡부룽이	false	false
雜사셀	잡사셀	false	false
雜소리	잡소리	false	false
雜질	잡질	false	false
雜플	잡플	false	false
雨裝쓰다	우장쓰다	false	false
零縮없다	영축없다	false	false
零落읏다	영락읏다	false	false
零落읏이	영락읏이	false	false
露文하다	노문하다	false	false
靈芝버섭	영지버섭	false	false
靑毒	청독	false	false
靑氣	청기	false	false
靑盲가니	청맹가니	false	false
靑銅화리	청동화리	false	false
靑靑말	청청말	false	false
靑가개비	청가개비	false	false
靑가게비	청가게비	false	false
靑갈개비	청갈개비	false	false
靑갈게비	청갈게비	false	false
靑개	청개	false	false
靑개개비	청개개비	false	false
靑개고락지	청개고락지	false	false
靑개고리	청개고리	false	false
靑개구막지	청개구막지	false	false
靑게게비	청게게비	false	false
靑깨고락지	청깨고락지	false	false
靑깨고리	청깨고리	false	false
靑깨구락지	청깨구락지	false	false
靑깨구래이	청깨구래이	false	false
靑깨구리	청깨구리	false	false
靑너구리	청너구리	false	false
靑도고리	청도고리	false	false
靑동	청동	false	false
靑둥	청둥	false	false
靑멀구	청멀구	false	false
靑멕자구	청멕자구	false	false
靑멕장구	청멕장구	false	false
靑멱자구	청멱자구	false	false
靑밤	청밤	false	false
靑자	청자	false	false
靑저거리	청저거리	false	false
靑저구리	청저구리	false	false
靑조거리	청조거리	false	false
靑조고리	청조고리	false	false
靑조구리	청조구리	false	false
靑지	청지	false	false
靑포두	청포두	false	false
靑포래	청포래	false	false
鞋	혜	false	false
鞍裝도곰	안장도곰	false	false
鞍裝도금	안장도금	false	false
韓國醬물	한국장물	false	false
韓瓦집	한와집	false	false
頂시리	정시리	false	false
順내기	순내기	false	false
順더기	순더기	false	false
順데기	순데기	false	false
順데이	순데이	false	false
順뒤이	순뒤이	false	false
順디기	순디기	false	false
領收紙	영수지	false	false
領收정	영수정	false	false
頭上	두상	false	false
頭尾하다	두미하다	false	false
頭脫	두탈	false	false
願컷	원컷	false	false
類달르다	유달르다	false	false
風神꼬라지	풍신꼬라지	false	false
風神할마이	풍신할마이	false	false
風船줄	풍선줄	false	false
風고	풍고	false	false
風구데	풍구데	false	false
風그	풍그	false	false
風깃독	풍깃독	false	false
風무	풍무	false	false
風빙	풍빙	false	false
風산	풍산	false	false
風장	풍장	false	false
飛行구	비행구	false	false
食前바랑	식전바랑	false	false
食口	식구	false	false
食器뚜에	식기뚜에	false	false
養漱질	양수질	false	false
養아부지	양아부지	false	false
養하다	양하다	false	false
餘불	여불	false	false
餘불디기	여불디기	false	false
饅頭기	만두기	false	false
首심방	수심방	false	false
香氣럽다	향기럽다	false	false
香氣하다	향기하다	false	false
香水벵	향수벵	false	false
香냉기	향냉기	false	false
香지다	향지다	false	false
馬上八字	마상팔자	false	false
馬上하다	마상하다	false	false
馬廏門	마구문	false	false
馬廏間	마구간	false	false
馬廏거름	마굿거름	false	false
馬廏군	마구군	false	false
馬廏동	마구동	false	false
馬廏두엄	마구두엄	false	false
馬廏정지	마구정지	false	false
馬廏짓	마구짓	false	false
馬廏창	마구창	false	false
馬廏체	마구체	false	false
馬廳	마청	false	false
馬珠木	마주목	false	false
馬間	마간	false	false
馬답	마답	false	false
驕慢시룹다	교만시룹다	false	false
驕되다	교되다	false	false
驚症허다	경증허다	false	false
骸骨바가치	해골바가치	false	false
骸骨바각지	해골바각지	false	false
骸骨박데기	해골박데기	false	false
骸骨빡디기	해골빡디기	false	false
體統머리	체통머리	false	false
體面없다	체면없다	false	false
高外家	고외가	false	false
高祖할매	고조할매	false	false
高祖할배	고조할배	false	false
高等학상	고등학상	false	false
高等핵교	고등핵교	false	false
高손지	고손지	false	false
高헬압	고헬압	false	false
髥	염	false	false
鬱火벵	울화벵	false	false
鬼神손	귀신손	false	false
魂-魄	혼두백	false	false
魂怯나다	혼겁나다	false	false
魂魄상지	혼백상지	false	false
魂구녁	혼구녁	false	false
魂구녕	혼구녕	false	false
魂구영	혼구영	false	false
魂꾸녕나다	혼꾸녕나다	false	false
魂내쿠다	혼내쿠다	false	false
魂달구다	혼달구다	false	false
魂쓰다	혼쓰다	false	false
魂적	혼적	false	false
魂짝	혼짝	false	false
魂침내다	혼침내다	false	false
魚物즌	어물즌	false	false
鳶감개	연감개	false	false
鳶감개이	연감개이	false	false
鳶감기	연감기	false	false
鳶감끼	연감끼	false	false
鳶광개	연광개	false	false
鳶광대	연광대	false	false
鳶까께	연까께	false	false
鳶꾸리	연꾸리	false	false
鳶술	연술	false	false
鳶자사	연자사	false	false
鳶타불	연타불	false	false
鳶탐벌	연탐벌	false	false
鳶테	연테	false	false
鶴膝리	학스리	false	false
鹽化加里	염화가리	false	false
鹽장사	염장사	false	false
麥帽子	맥모자	false	false
麥酒벵	맥주벵	false	false
麥酒집	맥주집	false	false
麻袋	마대	false	false
黃流	황류	false	false
黃漆낭	황칠낭	false	false
黃개오리	황개오리	false	false
黃구링이	황구링이	false	false
黃솔	황솔	false	false
黃시리	황시리	false	false
黃시리젓	황시리젓	false	false
黃알개이	황알개이	false	false
黍粟	서속	false	false
黍粟쌀	서속쌀	false	false
黍粟짚	서속짚	false	false
黑質백직	흑질백직	false	false
黑돔	흑돔	false	false
點배이	점배이	false	false
點백이	점백이	false	false
點뱅이	점뱅이	false	false
點보	점보	false	false
鼓脹벵	고창벵	false	false
鼓脹빙	고창빙	false	false
鼠새온	서새온	false	false
鼠새완	서새완	false	false
鼠새원	서새원	false	false
齷齪시롭다	악착시롭다	false	false
龍고새	용고새	false	false
龍곱세	용곱세	false	false
龍구람	용구람	false	false
龍구름	용구름	false	false
龍구쇄	용구쇄	false	false
龍굴	용굴	false	false
龍누름	용누름	false	false
龍두렁이	용두렁이	false	false
龍두새	용두새	false	false
龍마란	용마란	false	false
龍마럼	용마럼	false	false
龍마로	용마로	false	false
龍마룸	용마룸	false	false
龍마르	용마르	false	false
龍마리	용마리	false	false
龍마림	용마림	false	false
龍말기	용말기	false	false
龍말레	용말레	false	false
龍머름	용머름	false	false
龍머리	용머리	false	false
龍모	용모	false	false
龍모럼	용모럼	false	false
龍모롬	용모롬	false	false
龍모루	용모루	false	false
龍모룸	용모룸	false	false
龍모르	용모르	false	false
龍모리	용모리	false	false
龍모새	용모새	false	false
龍무름	용무름	false	false
龍무새	용무새	false	false
龍므리	용므리	false	false
龍보롬	용보롬	false	false
龍보름	용보름	false	false
龍사리	용사리	false	false
龍새	용새	false	false
龍쇄	용쇄	false	false
龍트럼	용트럼	false	false
龍트레미	용트레미	false	false
龍트르미	용트르미	false	false
龍트름	용트름	false	false
龍파람	용파람	false	false
가不足	가부족	false	false
가床치다	가상치다	false	false
가近方	가근방	false	false
가갈레비鳶	가갈레비연	false	false
가감性	가감성	false	false
가갓房	가갓방	false	false
가거事	가거사	false	false
가것房	가것방	false	false
가겟房이	가겟방이	false	false
가구間	가구간	false	false
가꾸木	가꾸목	false	false
가나員	가나원	false	false
가나婦	가나부	false	false
가녁板	가녁판	false	false
가대評價	가대평가	false	false
가라楸子	가라추자	false	false
가래楸子	가래추자	false	false
가로藥	가로약	false	false
가로飮食	가로음식	false	false
가루劃	가루획	false	false
가루醬	가루장	false	false
가른症	가른징	false	false
가른窓살	가른창살	false	false
가른띠木	가른띠목	false	false
가를沙糖	가를사탕	false	false
가를藥	가를약	false	false
가를飮食	가를음식	false	false
가리牛乳	가리우유	false	false
가리粉	가리분	false	false
가리藥	가리약	false	false
가릿堂	가릿당	false	false
가마귀뭉게方席	가마귀뭉게방석	false	false
가메기方席	가메기방석	false	false
가멘劇	가멘극	false	false
가무치膾	가무치회	false	false
가믐害	가믐해	false	false
가부宅	가부댁	false	false
가부리湯	가부리탕	false	false
가부리白熟	가부리백숙	false	false
가부리鳶	가부리연	false	false
가섹欌	가섹장	false	false
가수園	가수원	false	false
가수欌	가수장	false	false
가슥欌	가슥장	false	false
가시桶	가시통	false	false
가식欌	가식장	false	false
가실酒	가실주	false	false
가우리鳶	가우리연	false	false
가일汁	가일즙	false	false
가일酒	가일주	false	false
가재미膾	가재미회	false	false
가재미食醢	가재미식해	false	false
가잿間	가잿간	false	false
가쟁이椄	가쟁이접	false	false
가제物	가제물	false	false
가지査頓	가지사돈	false	false
가지미膾	가지미회	false	false
가지미食醢	가지미식해	false	false
가지앗間	가지앗간	false	false
가지얏間	가지얏간	false	false
가진床	가진상	false	false
가진床받다	가진상받다	false	false
간公署	간공서	false	false
간年	간년	false	false
간桶	간통	false	false
간粉가루	간분가루	false	false
간醬깍쟁이	간장깍쟁이	false	false
간醬종구래기	간장종구래기	false	false
간醬종구래미	간장종구래미	false	false
간醬종구랭이	간장종구랭이	false	false
간강國	간강국	false	false
간강地	간강지	false	false
간강客	간강객	false	false
간람客	간람객	false	false
간람席	간람석	false	false
간람者	간람자	false	false
간물桶	간물통	false	false
간상家	간상가	false	false
간오員	간오원	false	false
간오師	간오사	false	false
간절炎	간절염	false	false
간조症	간조증	false	false
간줏症	간줏증	false	false
간중席	간중석	false	false
갈打作	갈타작	false	false
갈草	갈초	false	false
갈게비鳶	갈게비연	false	false
갈그牛乳	갈그우유	false	false
갈그粉	갈그분	false	false
갈그藥	갈그약	false	false
갈기牛乳	갈기우유	false	false
갈기粉	갈기분	false	false
갈기藥	갈기약	false	false
감梔子	감치자	false	false
감紅柿	감홍시	false	false
감長대	감장대	false	false
감재炙	감재적	false	false
감재筍	감재순	false	false
갓帽	갓모	false	false
갓房	갓방	false	false
강苔	강태	false	false
강고料	강고료	false	false
강고板	강고판	false	false
강고業	강고업	false	false
강내이粥	강내이죽	false	false
개冬栢	개동백	false	false
개冬栢사리	개동백사리	false	false
개堂	개당	false	false
개寸數	개촌수	false	false
개床	개상	false	false
개心	개심	false	false
개湯	개탕	false	false
개紫雲英	개자운영	false	false
개葡萄	개포도	false	false
개長魚	개장어	false	false
개雜눔	개잡눔	false	false
개雜늠	개잡늠	false	false
개鳶	개연	false	false
개갈레비鳶	개갈레비연	false	false
개구녕書房	개구녕서방	false	false
개구영書房	개구영서방	false	false
개궁기書房	개궁기서방	false	false
개귀녕書房	개귀녕서방	false	false
개다리板	개다리판	false	false
개돌常눔	개돌상눔	false	false
개란症	개란증	false	false
개발仙人掌	개발선인장	false	false
개발草	개발초	false	false
개밥桶	개밥통	false	false
개배재門	개배재문	false	false
개수欌	개수장	false	false
개시欌	개시장	false	false
개아桶	개아통	false	false
개오리鳶	개오리연	false	false
개왓囊	개왓낭	false	false
개왓張	개왓장	false	false
개자床	개자상	false	false
개자리粥	개자리죽	false	false
개핌症	개핌증	false	false
갠水	갠수	false	false
갯張	갯장	false	false
갱水	갱수	false	false
갱邊	갱변	false	false
갱기道	갱기도	false	false
갱피粥	갱피죽	false	false
걋張	걋장	false	false
거居之半	거거지반	false	false
거먼瞳子	거먼동자	false	false
거생이蟲	거생이충	false	false
거세이蟲	거세이충	false	false
거셍이蟲	거셍이충	false	false
거우藥	거우약	false	false
거적鬼神	거적귀신	false	false
거적디기門	거적디기문	false	false
거적띠기門	거적띠기문	false	false
거치門	거치문	false	false
거치때기門	거치때기문	false	false
건酬酌	건수작	false	false
건酬酌하다	건수작하다	false	false
건醉하다	건취하다	false	false
건네山보래기	건네산보래기	false	false
건넷房	건넷방	false	false
건느房	건느방	false	false
건닛山	건닛산	false	false
건닛房	건닛방	false	false
건덜幕	건덜막	false	false
건들幕	건들막	false	false
건력家	건력가	false	false
건력層	건력층	false	false
건력者	건력자	false	false
건주歌	건주가	false	false
건추粥	건추죽	false	false
걸貪하다	걸탐하다	false	false
걸금桶	걸금통	false	false
걸레미桶	걸레미통	false	false
걸채方틀	걸채방틀	false	false
검은瞳子	검은동자	false	false
것桶	것통	false	false
겉房	겉방	false	false
게父님	게부님	false	false
게粥	게죽	false	false
게과書	게과서	false	false
게기廛	게기전	false	false
게기煎	게기전	false	false
게기飯饌	게기반찬	false	false
게나리褓짐	게나리봇짐	false	false
게란湯	게란탕	false	false
게론式	게론식	false	false
게앗張	게앗장	false	false
게와窟	게와굴	false	false
게운機	게운기	false	false
겍자門	겍자문	false	false
겔론式	겔론식	false	false
겔멩子	겔멩자	false	false
겔벡症	겔벡증	false	false
겔벽症	겔벽증	false	false
겔혼半指	겔혼반지	false	false
겔혼寫眞	겔혼사진	false	false
겔혼式	겔혼식	false	false
겜床	겜상	false	false
겡弔事	겡조사	false	false
겡게蠟	겡게랍	false	false
겡기蠟	겡기랍	false	false
겡매人	겡매인	false	false
겡매場	겡매장	false	false
겡상打作	겡상타작	false	false
겡상道	겡상도	false	false
겡옥膏	겡옥고	false	false
겡운機	겡운기	false	false
겡작地	겡작지	false	false
겡작者	겡작자	false	false
겡조電報	겡조전보	false	false
겡찰官	겡찰관	false	false
겡찰署	겡찰서	false	false
겡포臺	겡포대	false	false
겡호員	겡호원	false	false
겨가書	겨가서	false	false
결堂	결당	false	false
결온式	결온식	false	false
겹房	겹방	false	false
경桶	경통	false	false
경낭間	경낭간	false	false
경물桶	경물통	false	false
경박間에	경박간에	false	false
고房	고방	false	false
고田	고전	false	false
고醬	고장	false	false
고가書	고가서	false	false
고과書	고과서	false	false
고구매筍	고구매순	false	false
고넹이方席	고넹이방석	false	false
고도래方席	고도래방석	false	false
고도레方席	고도레방석	false	false
고동枾	고동시	false	false
고두方席	고두방석	false	false
고랑八十	고랑팔십	false	false
고랑葬	고랑장	false	false
고레葬	고레장	false	false
고름葬	고름장	false	false
고리葬	고리장	false	false
고마夫	고마부	false	false
고메場	고메장	false	false
고무夫	고무부	false	false
고물沙工	고물사공	false	false
고상草	고상초	false	false
고상門	고상문	false	false
고새風	고새풍	false	false
고송器	고송기	false	false
고이醬	고이장	false	false
고중四寸	고중사촌	false	false
고치醬	고치장	false	false
고팡門	고팡문	false	false
곤甘酒	곤감주	false	false
곤百	곤백	false	false
곤粥	곤죽	false	false
곤西風	곤서풍	false	false
곤두幕	곤두막	false	false
곤둘八月	곤둘팔월	false	false
곤디幕	곤디막	false	false
곤심風	곤심풍	false	false
곤주歌	곤주가	false	false
골將軍	골장군	false	false
골房마루	골방마루	false	false
골桶	골통	false	false
골甘酒	골감주	false	false
골筆	골필	false	false
골남草	골남초	false	false
골맥이神	골맥이신	false	false
곰보病	곰보병	false	false
곱百	곱백	false	false
공千年	공천년	false	false
공산打作	공산타작	false	false
곶山田	곶산전	false	false
과가書	과가서	false	false
관안菩薩	관안보살	false	false
광房	광방	false	false
광間	광간	false	false
광산打作	광산타작	false	false
괜水	괜수	false	false
괴木	괴목	false	false
괴藥	괴약	false	false
괴얄鬚髥	괴얄수염	false	false
교가書	교가서	false	false
구畓	구답	false	false
구구자酒	구구자주	false	false
구둘房	구둘방	false	false
구둘막農事	구둘막농사	false	false
구들將軍	구들장군	false	false
구라粉	구라분	false	false
구렁欌	구렁장	false	false
구레桶	구레통	false	false
구리網	구리망	false	false
구릿間	구릿간	false	false
구먹筒	구먹통	false	false
구멍筒	구멍통	false	false
구무鳶	구무연	false	false
구묵筒	구묵통	false	false
구사筒	구사통	false	false
구숙房	구숙방	false	false
구시桶	구시통	false	false
구실數	구실수	false	false
구엉桶	구엉통	false	false
구융桶	구융통	false	false
구진沙鉢	구진사발	false	false
국粥	국죽	false	false
국물醬	국물장	false	false
국시板	국시판	false	false
국시粥	국시죽	false	false
국시臺	국시대	false	false
군두幕	군두막	false	false
굴간祭服	굴간제복	false	false
굴근祭服	굴근제복	false	false
굴때桶	굴때통	false	false
굴렛鬚髥	굴렛수염	false	false
굴룬飮食	굴룬음식	false	false
굴피張	굴피장	false	false
굼숭花	굼숭화	false	false
굽도로紙	굽도로지	false	false
굽돌紙	굽돌지	false	false
굽두紙	굽두지	false	false
굽둘紙	굽둘지	false	false
궁間	궁간	false	false
궁글桶	궁글통	false	false
궁급症	궁급증	false	false
궝桶	궝통	false	false
궤깃點	궤깃점	false	false
궤팡門	궤팡문	false	false
궷房	궷방	false	false
궷門	궷문	false	false
귀桶	귀통	false	false
귀椽	귀연	false	false
귀簪	귀잠	false	false
귀膜	귀막	false	false
귀農事	귀농사	false	false
귀鼓膜	귀고막	false	false
그後年	그후년	false	false
그昨年	그작년	false	false
그番	그번	false	false
그물間	그물간	false	false
글廳	글청	false	false
금소花	금소화	false	false
급겡사地	급겡사지	false	false
긍굴桶	긍굴통	false	false
기公女	기공녀	false	false
기公子	기공자	false	false
기婦人	기부인	false	false
기椽木	기연목	false	false
기母	기모	false	false
기簪	기잠	false	false
기膜	기막	false	false
기金屬	기금속	false	false
기간支	기간지	false	false
기간車	기간차	false	false
기간銃	기간총	false	false
기간長	기간장	false	false
기간지炎	기간지염	false	false
기게毒	기게독	false	false
기겟毒	기겟독	false	false
기구萬丈	기구만장	false	false
기국民	기국민	false	false
기국船	기국선	false	false
기기毒	기기독	false	false
기동女	기동녀	false	false
기동子	기동자	false	false
기렁醬	기렁장	false	false
기멍桶	기멍통	false	false
기물桶	기물통	false	false
기빈室	기빈실	false	false
기빈席	기빈석	false	false
기성헤費	기성헤비	false	false
기셍品	기셍품	false	false
기셍服	기셍복	false	false
기순者	기순자	false	false
기암症	기암증	false	false
기약書	기약서	false	false
기약金	기약금	false	false
기양地	기양지	false	false
기엉桶	기엉통	false	false
기염性	기염성	false	false
기영桶	기영통	false	false
기융물桶	기융물통	false	false
기인性	기인성	false	false
기인相	기인상	false	false
기중品	기중품	false	false
긴醬	긴장	false	false
긴물桶	긴물통	false	false
길字	길자	false	false
길門	길문	false	false
김醬	김장	false	false
깃대鳶	깃대연	false	false
깃물桶	깃물통	false	false
깅이粥	깅이죽	false	false
까마구四寸	까마구사촌	false	false
까막所	까막소	false	false
까만瞳子	까만동자	false	false
까시方席	까시방석	false	false
까자商	까자상	false	false
까자店	까자점	false	false
까재미膾	까재미회	false	false
까재미食醢	까재미식해	false	false
까지乾菜	까지건채	false	false
까지炙	까지적	false	false
까지煎	까지전	false	false
까지膾	까지회	false	false
까지色	까지색	false	false
까지菜	까지채	false	false
까지미膾	까지미회	false	false
까지미食醢	까지미식해	false	false
깍等	깍등	false	false
깍바지鳶	깍바지연	false	false
깍바치鳶	깍바치연	false	false
깍짓間	깍짓간	false	false
깎개標	깎개표	false	false
깔딱症	깔딱증	false	false
깔보孃	깔보양	false	false
깡太	깡태	false	false
깨病	깨병	false	false
깨病부리다	깨병부리다	false	false
꺼먹瞳子	꺼먹동자	false	false
꺼먼瞳子	꺼먼동자	false	false
꺼시藥	꺼시약	false	false
꺼적門	꺼적문	false	false
껄貰	껄세	false	false
껌은瞳子	껌은동자	false	false
껕張	껕장	false	false
껕治粧	껕치장	false	false
껕漆	껕칠	false	false
껕穀	껕곡	false	false
껕表紙	껕표지	false	false
껭낭間	껭낭간	false	false
꼉낭間	꼉낭간	false	false
꼬孫子	꼬손자	false	false
꼬板	꼬판	false	false
꼬깔帽子	꼬깔모자	false	false
꼬꼬再拜	꼬꼬재배	false	false
꼬닥手	꼬닥수	false	false
꼬도리船	꼬도리선	false	false
꼬두밥方席	꼬두밥방석	false	false
꼬드레船	꼬드레선	false	false
꼬랑酒	꼬랑주	false	false
꼬량酒	꼬량주	false	false
꼬박鳶	꼬박연	false	false
꼬이醬	꼬이장	false	false
꼬추醬	꼬추장	false	false
꼬치親舊	꼬치친구	false	false
꼬치醬	꼬치장	false	false
꼰板	꼰판	false	false
꼰等	꼰등	false	false
꼴千年	꼴천년	false	false
꼴房	꼴방	false	false
꼴목大將	꼴목대장	false	false
꼴짝手	꼴짝수	false	false
꼼보琉璃	꼼보유리	false	false
꼽標	꼽표	false	false
꼽셈標	꼽셈표	false	false
꼽셈法	꼽셈법	false	false
꼽셈記號	꼽셈기호	false	false
꼿酒	꼿주	false	false
꽁等	꽁등	false	false
꽁藥	꽁약	false	false
꽁醬	꽁장	false	false
꽁點	꽁점	false	false
꽃紫地	꽃자지	false	false
꾀手	꾀수	false	false
꾸중물桶	꾸중물통	false	false
꿰粥	꿰죽	false	false
끝錢	끝전	false	false
나까傘	나까산	false	false
나냥公主	나냥공주	false	false
나는文䲙이	나는문절이	false	false
나락器具	나락기구	false	false
나락種子	나락종자	false	false
나락農事	나락농사	false	false
나록메種	나록메종	false	false
나록모種	나록모종	false	false
나리船	나리선	false	false
나목病	나목병	false	false
나무廳	나무청	false	false
나무等神	나무등신	false	false
나물꾹粥	나물꾹죽	false	false
나뭇都家	나뭇도가	false	false
낙철主事	낙철주사	false	false
낙화傘	낙화산	false	false
낚船	낚선	false	false
난役	난역	false	false
날參與	날참여	false	false
날奉事	날봉사	false	false
날醬	날장	false	false
남桶	남통	false	false
남봉燈盞	남봉등잔	false	false
낫對面	낫대면	false	false
낫色	낫색	false	false
낫面	낫면	false	false
낭그板	낭그판	false	false
낭그桶	낭그통	false	false
낭긋津	낭긋진	false	false
낭기桶	낭기통	false	false
낭깃津	낭깃진	false	false
낮前	낮전	false	false
낮前밧	낮전밧	false	false
내筒	내통	false	false
너래磐石	너래반석	false	false
널板대기	널판대기	false	false
널板대이	널판대이	false	false
널板때이	널판때이	false	false
널門	널문	false	false
넛孫子	넛손자	false	false
넝수證	넝수증	false	false
네內出血	네내출혈	false	false
네硬塞	네경색	false	false
네랑色	네랑색	false	false
노는牌	노는패	false	false
노랑凍太	노랑동태	false	false
노랑色	노랑색	false	false
노랑땡錢	노랑땡전	false	false
노롬牌	노롬패	false	false
노룸房	노룸방	false	false
노룸牌	노룸패	false	false
노미者	노미자	false	false
녹長魚	녹장어	false	false
녹뒤煎	녹뒤전	false	false
녹드이粥	녹드이죽	false	false
녹디煎	녹디전	false	false
녹디粥	녹디죽	false	false
논防川	논방천	false	false
놀거리牌	놀거리패	false	false
놀음場	놀음장	false	false
놋長魚	놋장어	false	false
놋食器	놋식기	false	false
농님帽	농님모	false	false
농님帽子	농님모자	false	false
누波	누파	false	false
누렁太	누렁태	false	false
누울査頓	누울사돈	false	false
눈熱	눈열	false	false
눈까리沙糖	눈까리사탕	false	false
뉘비婚姻	뉘비혼인	false	false
늘品수	늘품수	false	false
늙處女	늙처녀	false	false
늦處女	늦처녀	false	false
니비繡	니비수	false	false
닐常	닐상	false	false
님君	님군	false	false
다紅초매	다홍초매	false	false
다紅치매	다홍치매	false	false
다레미板	다레미판	false	false
다매桶	다매통	false	false
다박酒	다박주	false	false
다석板	다석판	false	false
다항匣	다항갑	false	false
다항桶	다항통	false	false
다황桶	다황통	false	false
닥게欌	닥게장	false	false
닥홰欌	닥홰장	false	false
단任하다	단임하다	false	false
단牆	단장	false	false
단달奉事	단달봉사	false	false
단석板	단석판	false	false
단우場	단우장	false	false
단우符籍	단우부적	false	false
단자板	단자판	false	false
달幕	달막	false	false
달方席	달방석	false	false
달欌	달장	false	false
달白熟	달백숙	false	false
달粥	달죽	false	false
달貰	달세	false	false
달貰房	달셋방	false	false
달駐車	달주차	false	false
달개卵	달개란	false	false
달개打作	달개타작	false	false
달개醬	달개장	false	false
달거固執	달거고집	false	false
달거欌	달거장	false	false
달구桶	달구통	false	false
달구欌테	달구장테	false	false
달귀欌	달귀장	false	false
달그欌	달그장	false	false
달그欌터	달그장터	false	false
달기桶	달기통	false	false
달달奉事	달달봉사	false	false
달도리湯	달도리탕	false	false
달성商	달성상	false	false
닭桶	닭통	false	false
담배紙匣	담배지갑	false	false
담뱃대桶	담뱃대통	false	false
담베桶	담베통	false	false
담보桶	담보통	false	false
담복醬	담복장	false	false
담뿌車	담뿌차	false	false
당桶	당통	false	false
당갈奉事	당갈봉사	false	false
당다리奉事	당다리봉사	false	false
당달菩薩	당달보살	false	false
당알奉事	당알봉사	false	false
당추醬	당추장	false	false
대桶	대통	false	false
대桶꼭지	대통꼭지	false	false
대豆腐	대두부	false	false
대가리數	대가리수	false	false
대굴嶺	대굴령	false	false
대뎝沙鉢	대뎝사발	false	false
대레미板	대레미판	false	false
대레비板	대레비판	false	false
대리미板	대리미판	false	false
대멩天地	대멩천지	false	false
대비나木	대비나목	false	false
대아지馬廏	대아지마구	false	false
대자函	대자함	false	false
대정間	대정간	false	false
대지粥	대지죽	false	false
대지貯金筒	대지저금통	false	false
대지足湯	대지족탕	false	false
대지足발	대지족발	false	false
대지頭	대지두	false	false
대지馬廏	대지마구	false	false
대지수肉	대지수육	false	false
대지죽桶	대지죽통	false	false
대짓間	대짓간	false	false
대차籠	대차롱	false	false
댄醬	댄장	false	false
댐壁	댐벽	false	false
댐배桶	댐배통	false	false
댓津내	댓진내	false	false
댕가지醬	댕가지장	false	false
댕길心	댕길심	false	false
댕추醬	댕추장	false	false
더겁祖上	더겁조상	false	false
더듬數	더듬수	false	false
더련紙	더련지	false	false
더벅總角	더벅총각	false	false
덜菊花	덜국화	false	false
덜거리總角	덜거리총각	false	false
덜거머리總角	덜거머리총각	false	false
덜구桶	덜구통	false	false
덜컥手	덜컥수	false	false
덤불査頓	덤불사돈	false	false
데醬	데장	false	false
덴媤집	덴시집	false	false
덴書房	덴서방	false	false
덴粥	덴죽	false	false
덴醬국	덴장국	false	false
덴醬찌개	덴장찌개	false	false
뎃情	뎃정	false	false
뎃數	뎃수	false	false
도桶	도통	false	false
도겍機	도겍기	false	false
도고桶	도고통	false	false
도곡機	도곡기	false	false
도구桶	도구통	false	false
도국機	도국기	false	false
도극機	도극기	false	false
도기桶	도기통	false	false
도독눔딧廛	도독눔딧전	false	false
도래床	도래상	false	false
도런紙	도런지	false	false
도렌紙	도렌지	false	false
도련紙	도련지	false	false
도루묵魚	도루묵어	false	false
도르묵魚	도르묵어	false	false
도리床	도리상	false	false
도리方席	도리방석	false	false
도리板	도리판	false	false
도리盤	도리반	false	false
도마板	도마판	false	false
도아紙	도아지	false	false
도우桶	도우통	false	false
독幕	독막	false	false
독搗臼	독도구	false	false
독搗臼桶	독도구통	false	false
독欌	독장	false	false
독닥船	독닥선	false	false
돈打作	돈타작	false	false
돈打作하다	돈타작하다	false	false
돈毒	돈독	false	false
돈醬	돈장	false	false
돈點백이	돈점백이	false	false
돌常눔	돌상눔	false	false
돌搗臼桶	돌도구통	false	false
돌洑	돌보	false	false
돌鳶	돌연	false	false
돌갯病	돌갯병	false	false
돌거리總角	돌거리총각	false	false
돌구桶	돌구통	false	false
돌래方席	돌래방석	false	false
돌바잇間	돌바잇간	false	false
동고랑方席	동고랑방석	false	false
동구間	동구간	false	false
동군床	동군상	false	false
동그래미粥	동그래미죽	false	false
동글床	동글상	false	false
동글方席	동글방석	false	false
동사아宅	동사아댁	false	false
동상宅	동상댁	false	false
동상우宅	동상우댁	false	false
동상으宅	동상으댁	false	false
동상이宅	동상이댁	false	false
동생에宅	동생에댁	false	false
동생이宅	동생이댁	false	false
동서어宅	동서어댁	false	false
동수間	동수간	false	false
동숫間	동숫간	false	false
동숭애妻	동숭애처	false	false
동숭에妻	동숭에처	false	false
동승同本	동승동본	false	false
동시間	동시간	false	false
동싯間	동싯간	false	false
동우桶	동우통	false	false
돼지馬廏	돼지마구	false	false
돼지우리間	돼지우리간	false	false
돼지우릿間	돼지우릿간	false	false
됀醬	됀장	false	false
되豆腐	되두부	false	false
되련紙	되련지	false	false
되배紙	되배지	false	false
되아지廳	되아지청	false	false
되아지窟	되아지굴	false	false
되아지馬廏	되아지마구	false	false
되아지울廳	되아지울청	false	false
되아지울廳幕	되아지울청막	false	false
된醬버러지	된장버러지	false	false
두張빼이	두장빼이	false	false
두間	두간	false	false
두구桶	두구통	false	false
두렁太	두렁태	false	false
두렁盤	두렁반	false	false
두레깃床	두레깃상	false	false
두룸性	두룸성	false	false
두룹菜	두룹채	false	false
두르盤	두르반	false	false
두리板	두리판	false	false
두무山골	두무산골	false	false
두벌査頓	두벌사돈	false	false
두짓間	두짓간	false	false
둘름性	둘름성	false	false
둣間	둣간	false	false
둥學敎	둥학교	false	false
둥굴桶	둥굴통	false	false
둥매者	둥매자	false	false
둥벙酒	둥벙주	false	false
둼間	둼간	false	false
뒈지馬廏	뒈지마구	false	false
뒌醬	뒌장	false	false
뒌醬국	뒌장국	false	false
뒌醬쿡	뒌장쿡	false	false
뒤間	뒤간	false	false
뒤안間	뒤안간	false	false
뒤애짓間	뒤애짓간	false	false
뒤짓間	뒤짓간	false	false
뒤창結縛	뒤창결박	false	false
뒤창結縛하다	뒤창결박하다	false	false
뒨書房	뒨서방	false	false
뒨醬	뒨장	false	false
드나깃間	드나깃간	false	false
든田	든전	false	false
들參與	들참여	false	false
들菊花	들국화	false	false
들飮食	들음식	false	false
들게葬	들게장	false	false
등山만대이	등산만대이	false	false
등沐浴	등목욕	false	false
디山	디산	false	false
디廳	디청	false	false
디窓	디창	false	false
디紙	디지	false	false
디處理	디처리	false	false
디處理하다	디처리하다	false	false
디車	디차	false	false
디醬	디장	false	false
디醬국	디장국	false	false
디間	디간	false	false
디頉	디탈	false	false
디딜바앗間	디딜바앗간	false	false
디안間	디안간	false	false
딤醬	딤장	false	false
딧公論	딧공론	false	false
딧公論하다	딧공론하다	false	false
딧去來	딧거래	false	false
딧去來꾼	딧거래꾼	false	false
딧去來되다	딧거래데다	false	false
딧去來하다	딧거래하다	false	false
딧圖章	딧도장	false	false
딧堪當	딧감당	false	false
딧堪當하다	딧감당하다	false	false
딧大門	딧대문	false	false
딧子孫	딧자손	false	false
딧孫	딧손	false	false
딧山	딧산	false	false
딧廛	딧전	false	false
딧張	딧장	false	false
딧房	딧방	false	false
딧房살이	딧방살이	false	false
딧所聞	딧소문	false	false
딧收拾	딧수습	false	false
딧收拾하다	딧수습하다	false	false
딧整理	딧정리	false	false
딧整理하다	딧정리하다	false	false
딧方틀	딧방틀	false	false
딧模樣	딧모양	false	false
딧洞네	딧동네	false	false
딧苦生	딧고생	false	false
딧調査	딧조사	false	false
딧調査하다	딧조사하다	false	false
딧車	딧차	false	false
딧門	딧문	false	false
딧間	딧간	false	false
따따否타	따따부타	false	false
따바리銃	따바리총	false	false
따배이窟	따배이굴	false	false
따이빙臺	따이빙대	false	false
딱粉	딱분	false	false
딱紙포	딱지포	false	false
딴天障	딴천장	false	false
땀壁	땀벽	false	false
땀떼藥	땀떼약	false	false
땀떼기藥	땀떼기약	false	false
땀뚜藥	땀뚜약	false	false
땀띠기藥	땀띠기약	false	false
땅나구廳	땅나구청	false	false
땅판車	땅판차	false	false
땐醬	땐장	false	false
땜壁	땜벽	false	false
떡本	떡본	false	false
떡煎	떡전	false	false
떡狂	떡광	false	false
떡바앗間	떡바앗간	false	false
떼國넘	떼국넘	false	false
떼國밀	떼국밀	false	false
또까비市場	또까비시장	false	false
또깨비市場	또깨비시장	false	false
또바리銃	또바리총	false	false
똑딱機	똑딱기	false	false
똘紫雲英	똘자운영	false	false
똘리幕	똘리막	false	false
똥別나다	똥별나다	false	false
똥常늠	똥상늠	false	false
똥廁間	똥측간	false	false
똥燒酒	똥소주	false	false
똥고란床	똥고란상	false	false
똥돗間	똥돗간	false	false
똥딧間	똥딧간	false	false
똥물桶	똥물통	false	false
똥치村	똥치촌	false	false
똥치窟	똥치굴	false	false
똥특間	똥특간	false	false
뙌醬	뙌장	false	false
뚜가리醬	뚜가리장	false	false
뚝性	뚝성	false	false
뛰紙	뛰지	false	false
뜬奉事	뜬봉사	false	false
뜬물桶	뜬물통	false	false
뜸桶	뜸통	false	false
띠封하다	띠봉하다	false	false
띠甲長	띠갑장	false	false
띠紙	띠지	false	false
띠醬	띠장	false	false
띠넌粥	띠넌죽	false	false
띠연粥	띠연죽	false	false
마고間	마고간	false	false
마디木	마디목	false	false
마라草	마라초	false	false
마른행지布	마른행지포	false	false
마리房	마리방	false	false
마릿房	마릿방	false	false
마릿門	마릿문	false	false
마부間	마부간	false	false
마쉬間	마쉬간	false	false
마우릿間	마우릿간	false	false
막手	막수	false	false
막談	막담	false	false
막豆腐	막두부	false	false
막醬	막장	false	false
막間	막간	false	false
막내三寸	막내삼촌	false	false
막내叔父	막내숙부	false	false
막내孫주	막내손주	false	false
막내孫지	막내손지	false	false
막줄宕巾	막줄탕건	false	false
만구江山	만구강산	false	false
만벵通治	만벵통치	false	false
만하冊	만하책	false	false
만하房	만하방	false	false
맏三寸	맏삼촌	false	false
말參預	말참예	false	false
말廳	말청	false	false
말草	말초	false	false
말葬	말장	false	false
말農事	말농사	false	false
말飯饌	말반찬	false	false
말馬廏	말마구	false	false
말馬廏間	말마구간	false	false
말잣喪制	말잣상제	false	false
맘粥	맘죽	false	false
맘褓자기	맘보자기	false	false
맘褓재기	맘보재기	false	false
맞擇日	맞택일	false	false
맞錢	맞전	false	false
맞門	맞문	false	false
매方席	매방석	false	false
매귀間	매귀간	false	false
매귓間	매귓간	false	false
맥方席	맥방석	false	false
맨날千날	맨날천날	false	false
맴草	맴초	false	false
맴褓따리	맴보따리	false	false
맴褓재기	맴보재기	false	false
맷中쎄	맷중쎄	false	false
맷독方席	맷독방석	false	false
맷돌方席	맷돌방석	false	false
맹封堂	맹봉당	false	false
맹無識	맹무식	false	false
머거리總角	머거리총각	false	false
머구리總角	머구리총각	false	false
머스마態	머스마태	false	false
머이桶	머이통	false	false
먹板	먹판	false	false
먹草	먹초	false	false
먹長魚	먹장어	false	false
먼山바래기	먼산바래기	false	false
먼山뵈기	먼산뵈기	false	false
먼자番	먼자번	false	false
먼젯番	먼젯번	false	false
멀房	멀방	false	false
멀구酒	멀구주	false	false
멈桶	멈통	false	false
멍멍이湯	멍멍이탕	false	false
메方席	메방석	false	false
메畓	메답	false	false
메饌	메찬	false	false
메탁機	메탁기	false	false
멕漆하다	멕칠하다	false	false
멕이桶	멕이통	false	false
멘事務所	멘사무소	false	false
멘도器	멘도기	false	false
멘살米飮	멘살미음	false	false
멘쌀米飮	멘쌀미음	false	false
멘헤室	멘헤실	false	false
멘헤所	멘헤소	false	false
멘헤證	멘헤증	false	false
멧器	멧기	false	false
멧祭	멧제	false	false
멧산재褓따리	멧산재보따리	false	false
멩砲手	멩포수	false	false
멩곡集	멩곡집	false	false
멩년度	멩년도	false	false
모種터	모종터	false	false
모개酒	모개주	false	false
모개이帳	모개이장	false	false
모게이帳	모게이장	false	false
모게이香	모게이향	false	false
모구帳	모구장	false	false
모구藥	모구약	false	false
모구香	모구향	false	false
모깐銃	모깐총	false	false
모둠伐草	모둠벌초	false	false
모둠掃墳	모둠소분	false	false
모른按酒	모른안주	false	false
모른飯饌	모른반찬	false	false
모린按酒	모린안주	false	false
모린飯饌	모린반찬	false	false
모린행지布	모린행지포	false	false
모새桶	모새통	false	false
모시桶	모시통	false	false
모싯間	모싯간	false	false
모욕桶	모욕통	false	false
모욕湯	모욕탕	false	false
목桶	목통	false	false
목聲	목성	false	false
목馬	목마	false	false
목강桶	목강통	false	false
목용湯	목용탕	false	false
목출帽子	목출모자	false	false
목테水巾	목테수건	false	false
몬독板	몬독판	false	false
몯喪主	몯상주	false	false
몯喪制	몯상제	false	false
몸張	몸장	false	false
몸菜	몸채	false	false
몹시桶	몹시통	false	false
못자릿間	못자릿간	false	false
몽枕지	몽침지	false	false
몽땅鉛筆	몽땅연필	false	false
뫼饌	뫼찬	false	false
무色것	무색것	false	false
무기筒	무기통	false	false
무랑大福	무랑대복	false	false
무삼者	무삼자	false	false
무선氣	무선기	false	false
무성木	무성목	false	false
무수粥	무수죽	false	false
무시乾菜	무시건채	false	false
무시煎	무시전	false	false
묵湯	묵탕	false	false
묵長魚	묵장어	false	false
묵덕樵軍	묵덕초군	false	false
묵덕醬	묵덕장	false	false
묵운醬	묵운장	false	false
문相	문상	false	false
문醬	문장	false	false
문앜房	문앜방	false	false
문에鳶	문에연	false	false
문지板	문지판	false	false
문칸房	문칸방	false	false
물便	물편	false	false
물太	물태	false	false
물手巾	물수건	false	false
물方席	물방석	false	false
물明太	물명태	false	false
물水缸	물수항	false	false
물甘酒	물감주	false	false
물缸	물항	false	false
물醬	물장	false	false
물靑苔	물청태	false	false
물레飛行機	물레비행기	false	false
물미藥	물미약	false	false
물천魚	물천어	false	false
물흑湯	물흑탕	false	false
뭉將軍	뭉장군	false	false
미끄럼板	미끄럼판	false	false
미롱紙	미롱지	false	false
미장門	미장문	false	false
미창門	미창문	false	false
믹이桶	믹이통	false	false
민長魚	민장어	false	false
민물長魚	민물장어	false	false
밀筍	밀순	false	false
밀紙	밀지	false	false
밀醬국	밀장국	false	false
밀門	밀문	false	false
밀가리醬국	밀가리장국	false	false
밀대帽子	밀대모자	false	false
밀데帽子	밀데모자	false	false
밀장門	밀장문	false	false
밈長魚	밈장어	false	false
밉相구디기	밉상구디기	false	false
밉相시리	밉상시리	false	false
밉相지기다	밉상지기다	false	false
바깟門	바깟문	false	false
바눌方席	바눌방석	false	false
바다生鮮	바다생선	false	false
바다뱀長魚	바다뱀장어	false	false
바닷生鮮	바닷생선	false	false
바당間	바당간	false	false
바당鬼神	바당귀신	false	false
바둑板겉다	바둑판겉다	false	false
바라지門	바라지문	false	false
바앗室	바앗실	false	false
바앗間	바앗간	false	false
바앙間	바앙간	false	false
바앳間	바앳간	false	false
바이山	바이산	false	false
바장桶	바장통	false	false
바주門	바주문	false	false
바지長대	바지장대	false	false
바지랑長대	바지랑장대	false	false
바지랭이長대	바지랭이장대	false	false
박雨傘	박주산	false	false
박주雨傘	박주우산	false	false
밖父母	밖부모	false	false
반생器	반생기	false	false
발板	발판	false	false
발板대기	발판대기	false	false
발板대이	발판대이	false	false
발락魚	발락어	false	false
밤長魚	밤장어	false	false
밥桶	밥통	false	false
밥桶가리	밥통가리	false	false
밥蟲이	밥충이	false	false
밥食器	밥식기	false	false
밧七星	밧칠성	false	false
밧主人	밧주인	false	false
밧喪制	밧상제	false	false
밧査頓	밧사돈	false	false
방間	방간	false	false
방구筒물레	방구통물레	false	false
방앙間	방앙간	false	false
방앳間	방앳간	false	false
방엣間	방엣간	false	false
방파鳶	방파연	false	false
밭蔘	밭삼	false	false
배草席	배초석	false	false
배겉査頓	배겉사돈	false	false
배깟主人	배깟주인	false	false
배깟兩班	배깟양반	false	false
배깟喪制	배깟상제	false	false
배깟房	배깟방	false	false
배깟所聞	배깟소문	false	false
배깟消息	배깟소식	false	false
배깟父母	배깟부모	false	false
배깟食口	배깟식구	false	false
배깥便所	배깥변소	false	false
배깥兩班	배깥양반	false	false
배깥喪制	배깥상제	false	false
배깥門	배깥문	false	false
배꺁兩班	배꺁양반	false	false
배꺁喪制	배꺁상제	false	false
배꺁門	배꺁문	false	false
배껕兩班	배껕양반	false	false
배껕喪主	배껕상주	false	false
배껕査頓	배껕사돈	false	false
배낕主人	배낕주인	false	false
배낕兩班	배낕양반	false	false
배낕査頓	배낕사돈	false	false
배무長魚	배무장어	false	false
배미長魚	배미장어	false	false
배안엣病身	배안엣병신	false	false
배얌長魚	배얌장어	false	false
배염長魚	배염장어	false	false
배음長魚	배음장어	false	false
배재門	배재문	false	false
백갑草꼿	백갑초꼿	false	false
백빌湯	백빌탕	false	false
백장大笑	백장대소	false	false
백필湯	백필탕	false	false
백하店	백하점	false	false
뱃龍神	뱃용신	false	false
뱃구뭉時計	뱃구뭉시계	false	false
뱅기場	뱅기장	false	false
뱅앗間	뱅앗간	false	false
뱅패鳶	뱅패연	false	false
뱜長魚	뱜장어	false	false
버버리掌匣	버버리장갑	false	false
버부리掌匣	버부리장갑	false	false
버점藥	버점약	false	false
벅食칼	벅식칼	false	false
벙치掌匣	벙치장갑	false	false
벜食칼	벜식칼	false	false
베機械	베기계	false	false
베農事	베농사	false	false
베니아合板	베니아합판	false	false
베니아板	베니아판	false	false
베락富者	베락부자	false	false
베락欌	베락장	false	false
베락치기工夫	베락치기공부	false	false
베랜間	베랜간	false	false
베럼間	베럼간	false	false
베실兩班	베실양반	false	false
벡墻	벡장	false	false
벡梧桐	벡오동	false	false
벡面	벡면	false	false
벡갑草꼿	벡갑초꼿	false	false
벡돌工	벡돌공	false	false
벡장門	벡장문	false	false
벤冬至달	벤동짓달	false	false
벤디骨	벤디골	false	false
벤비藥	벤비약	false	false
벤소間	벤소간	false	false
벤솟間	벤솟간	false	false
벤압器	벤압기	false	false
벤오士	벤오사	false	false
벤전所	벤전소	false	false
벤호士	벤호사	false	false
벨世上	벨세상	false	false
벨事件	벨사건	false	false
벨人物	벨인물	false	false
벨問題	벨문제	false	false
벨手段	벨수단	false	false
벨支障	벨지장	false	false
벨道理	벨도리	false	false
벨안間	벨안간	false	false
벳機械	벳기계	false	false
벳種子	벳종자	false	false
벳間	벳간	false	false
벵問安	벵문안	false	false
벵喇叭	벵나발	false	false
벵아리桶	벵아리통	false	false
벵충害	벵충해	false	false
벹氣	벹기	false	false
벼갯머리訟事	벼갯머리송사	false	false
벼너士	벼너사	false	false
벽蟲	벽충	false	false
변네士	변네사	false	false
볏種子	볏종자	false	false
병아리欌	병아리장	false	false
보래色	보래색	false	false
보리同甲	보리동갑	false	false
보리配匹	보리배필	false	false
보릿대帽子	보릿대모자	false	false
보석魚	보석어	false	false
보선本	보선본	false	false
보오者	보오자	false	false
보항客主	보항객주	false	false
보항客主집	보항객줏집	false	false
보항錢	보항전	false	false
봉桶	봉통	false	false
봉송花	봉송화	false	false
봉창鳶	봉창연	false	false
봉토紙	봉토지	false	false
봌大門	봌대문	false	false
봌門	봌문	false	false
부기多男	부기다남	false	false
부님性	부님성	false	false
부뜸性	부뜸성	false	false
부루網	부루망	false	false
부림奉畓	부림봉답	false	false
부릿網	부릿망	false	false
부릿間	부릿간	false	false
부석門	부석문	false	false
부얼桶	부얼통	false	false
부엌大門	부엌대문	false	false
부줏間	부줏간	false	false
부찌査頓	부찌사돈	false	false
북도七星	북도칠성	false	false
북방色	북방색	false	false
북지房	북지방	false	false
분영色	분영색	false	false
분응色	분응색	false	false
분형色	분형색	false	false
불常넘	불상넘	false	false
불筒	불통	false	false
불랑者	불랑자	false	false
불멘症	불멘증	false	false
불무廳	불무청	false	false
불무間	불무간	false	false
불뭇間	불뭇간	false	false
불미間	불미간	false	false
불밋間	불밋간	false	false
불앙黨	불앙당	false	false
붓桶	붓통	false	false
비개속桶	비개속통	false	false
비갯머리訟事	비갯머리송사	false	false
비나木	비나목	false	false
비눌漆	비눌칠	false	false
비렁間	비렁간	false	false
비사리草幕	비사리초막	false	false
비암長魚	비암장어	false	false
비앙機	비앙기	false	false
비앵機	비앵기	false	false
비얌長魚	비얌장어	false	false
비양場	비양장	false	false
비양機	비양기	false	false
비양기場	비양기장	false	false
비얭機	비얭기	false	false
비영機	비영기	false	false
비옝機	비옝기	false	false
비응機	비응기	false	false
비형機	비형기	false	false
빈筒	빈통	false	false
빈솟間	빈솟간	false	false
빈자門	빈자문	false	false
빚債	빚채	false	false
빠섬醬	빠섬장	false	false
빠숨醬	빠숨장	false	false
빠점醬	빠점장	false	false
빡酒	빡주	false	false
빤닥手	빤닥수	false	false
빤닥지鳶	빤닥지연	false	false
빰長魚	빰장어	false	false
빼닫間	빼닫간	false	false
빼답間	빼답간	false	false
빼빼將軍	빼빼장군	false	false
뺄間	뺄간	false	false
뻘桶	뻘통	false	false
뻬骨	뻬골	false	false
뻿骨	뻿골	false	false
뽁닥陽地	뽁닥양지	false	false
뽈락魚	뽈락어	false	false
뿔덕農軍	뿔덕농군	false	false
뿔떡固執	뿔떡고집	false	false
삐가리桶	삐가리통	false	false
삔針	삔침	false	false
삘가리桶	삘가리통	false	false
삥아리桶	삥아리통	false	false
사熱	사열	false	false
사걸貰	사걸세	false	false
사나의喪制	사나의상제	false	false
사나의査頓	사나의사돈	false	false
사둔宅	사둔댁	false	false
사라門	사라문	false	false
사랍門	사랍문	false	false
사랑間	사랑간	false	false
사러門	사러문	false	false
사럽門	사럽문	false	false
사레門	사레문	false	false
사름房	사름방	false	false
사리門	사리문	false	false
사릿門	사릿문	false	false
사모室	사모실	false	false
사무冠帶	사무관대	false	false
사바리工事	사바리공사	false	false
사초房	사초방	false	false
산宅	산댁	false	false
살작門	살작문	false	false
살채기門	살채기문	false	false
삼上峯	삼상봉	false	false
삼무喪	삼무상	false	false
삽재기門	삽재기문	false	false
삽적門	삽적문	false	false
상방門	상방문	false	false
새房	새방	false	false
새洑도랑	새봇도랑	false	false
새甘藷	새감저	false	false
새肝腸	새간장	false	false
새랍門	새랍문	false	false
새루門	새루문	false	false
새르門	새르문	false	false
새릅門	새릅문	false	false
새리門	새리문	false	false
새립門	새립문	false	false
새릿門	새릿문	false	false
새뱅이매운湯	새뱅이매운탕	false	false
새벅朝飯	새벅조반	false	false
새벅鐘	새벅종	false	false
새벡鐘	새벡종	false	false
새복鐘	새복종	false	false
새북鐘	새북종	false	false
새살門	새살문	false	false
새새宅	새새댁	false	false
새알粥	새알죽	false	false
새우醬	새우장	false	false
샙門	샙문	false	false
샛房	샛방	false	false
샛書房질	샛서방질	false	false
생水	생수	false	false
생水구녁	생숫구녁	false	false
생水꼬지	생수꼬지	false	false
생이方席	생이방석	false	false
생이銃	생이총	false	false
샤랑間	샤랑간	false	false
샹鐵	샹철	false	false
섕水	섕수	false	false
서堂주마니	서당공중이	false	false
서냉間	서냉간	false	false
서냥間	서냥간	false	false
서드레八月	서드레팔월	false	false
서리門	서리문	false	false
서슬木	서슬목	false	false
서실木	서실목	false	false
서왕堂	서왕당	false	false
석間	석간	false	false
선夫人	선부인	false	false
선낭堂	선낭당	false	false
선물稅	선물세	false	false
선항堂	선항당	false	false
설治粧	설치장	false	false
섬囊	섬낭	false	false
성낭匣	성낭갑	false	false
성낭桶	성낭통	false	false
성낭間	성낭간	false	false
성냐이桶	성냐이통	false	false
성냥廳	성냥청	false	false
성냥桶	성냥통	false	false
성넁이桶	성넁이통	false	false
성녕間	성녕간	false	false
성양間	성양간	false	false
성제姊妹	성제자매	false	false
성제間	성제간	false	false
성지間	성지간	false	false
세粥	세죽	false	false
세粥바가지	세죽바가지	false	false
세粥바가치	세죽바가치	false	false
세馬廏거름	세마구거름	false	false
세뎡節	세뎡절	false	false
세멘場	세멘장	false	false
세멘臺	세멘대	false	false
세멘道具	세멘도구	false	false
셋째仲父	셋째중부	false	false
셋째伯父	셋째백부	false	false
소廛머리	소전머리	false	false
소桶	소통	false	false
소粥바강이	소죽바강이	false	false
소粥박재이	소죽박재이	false	false
소粥박쟁이	소죽박쟁이	false	false
소粥통빼기	소죽통빼기	false	false
소網	소망	false	false
소藥	소약	false	false
소車	소차	false	false
소頭	소두	false	false
소馬廏間	소마구간	false	false
소馬廏창	소마구창	false	false
소갯張	소갯장	false	false
소경桶	소경통	false	false
소굼氣	소굼기	false	false
소나紙	소나지	false	false
소도방蓋	소도방개	false	false
소두방蓋	소두방개	false	false
소드랑蓋	소드랑개	false	false
소등蓋	소등개	false	false
소땅蓋	소땅개	false	false
소맷間	소맷간	false	false
소메桶	소메통	false	false
소상水	소상수	false	false
소양間	소양간	false	false
소왕間	소왕간	false	false
소욍間	소욍간	false	false
소이粥	소이죽	false	false
소입網	소입망	false	false
소주門	소주문	false	false
속太	속태	false	false
손床	손상	false	false
솔蟲	솔충	false	false
솔蟲버렝이	솔충버렝이	false	false
솔기症	솔기증	false	false
솟間	솟간	false	false
솟일大門	솟일대문	false	false
송벨式	송벨식	false	false
송신病나다	송신병나다	false	false
쇄粥	쇄죽	false	false
쇄물桶	쇄물통	false	false
쇄이桶	쇄이통	false	false
쇄죽桶	쇄죽통	false	false
쇠常눔	쇠상눔	false	false
쇠幕	쇠막	false	false
쇠粥바가치	쇠죽바가치	false	false
쇠粥젓이	쇠죽젓이	false	false
쇠粥주걱	쇠죽주걱	false	false
쇠粥쪽박	쇠죽쪽박	false	false
쇠足발	쇠족발	false	false
쇠鐵	쇠철	false	false
쇠馬廏廳	쇠마구청	false	false
쇠낭堂	쇠낭당	false	false
쇠손板	쇠손판	false	false
쇠양鐵	쇠양철	false	false
쇠양間	쇠양간	false	false
쇠왱間	쇠왱간	false	false
쇠입網	쇠입망	false	false
쇠처네醬	쇠처네장	false	false
쇠포場	쇠포장	false	false
쇡임數	쇡임수	false	false
쇳물桶	쇳물통	false	false
수中쇠	수중쇠	false	false
수門쩌귀	수문쩌귀	false	false
수구木	수구목	false	false
수근닥公論	수근닥공론	false	false
수근덕公論	수근덕공론	false	false
수랑筒	수랑통	false	false
수밋桃	수밋도	false	false
수수米	수수미	false	false
수영父母	수영부모	false	false
수이粥	수이죽	false	false
수지비粥	수지비죽	false	false
숙中쉬	숙중쉬	false	false
술藥	술약	false	false
술調査	술조사	false	false
술酒酊배이	술주정배이	false	false
술間	술간	false	false
숨筒	숨통	false	false
숫中쇠	숫중쇠	false	false
숫中쉐	숫중쉐	false	false
숫幕	숫막	false	false
숭악犯	숭악범	false	false
쉐幕	쉐막	false	false
쉐桶	쉐통	false	false
쉐粥	쉐죽	false	false
쉐網	쉐망	false	false
쉐고기炙	쉐고기적	false	false
쉐궤기炙	쉐궤기적	false	false
쉐기書房	쉐기서방	false	false
쉑임數	쉑임수	false	false
쉬桶	쉬통	false	false
쉬발油	쉬발유	false	false
쉬엄桶	쉬엄통	false	false
쉴桶	쉴통	false	false
슈발油	슈발유	false	false
스母	스모	false	false
스父母	스부모	false	false
슥三年	슥삼년	false	false
슬症	슬증	false	false
승錢	승전	false	false
승냥桶	승냥통	false	false
승냥間	승냥간	false	false
승녕間	승녕간	false	false
시粥	시죽	false	false
시개廛	시개전	false	false
시굼醬	시굼장	false	false
시늉病	시늉병	false	false
시동桶	시동통	false	false
시라구粥	시라구죽	false	false
시라리粥	시라리죽	false	false
시락粥	시락죽	false	false
시루밑方席	시루밑방석	false	false
시름草	시름초	false	false
시리方席	시리방석	false	false
시릿方席	시릿방석	false	false
시릿方시기	시릿방시기	false	false
시문社	시문사	false	false
시미깃間	시미깃간	false	false
시발油	시발유	false	false
시벽朝飯	시벽조반	false	false
시살門	시살문	false	false
시상事	시상사	false	false
시상天地	시상천지	false	false
시상煩	시상번	false	false
시상萬事	시상만사	false	false
시양所	시양소	false	false
시영父母	시영부모	false	false
시옹甁	시옹병	false	false
식재憂患	식재우환	false	false
신겡痛	신겡통	false	false
신겡質	신겡질	false	false
실가리粥	실가리죽	false	false
실농氏	실농씨	false	false
심壯士	심장사	false	false
심桶	심통	false	false
심罷허다	심파허다	false	false
심밤中이	심밤중이	false	false
싯房	싯방	false	false
싸門	싸문	false	false
싸랩門	싸랩문	false	false
싸룹門	싸룹문	false	false
싸르門	싸르문	false	false
싸릅門	싸릅문	false	false
싸리門짝	싸리문짝	false	false
싸리짝門	싸리짝문	false	false
싸립門	싸립문	false	false
싸립門짝	싸립문짝	false	false
싸릿門	싸릿문	false	false
싸무室	싸무실	false	false
쌀缸	쌀항	false	false
쌀門	쌀문	false	false
쌉쌀鳶	쌉쌀연	false	false
쌉짝門	쌉짝문	false	false
쌔립門	쌔립문	false	false
쌩亂離	쌩난리	false	false
쌩固執	쌩고집	false	false
쌩寡婦	쌩과부	false	false
쌩苦生	쌩고생	false	false
써럭草	써럭초	false	false
쏙內服	쏙내복	false	false
쏙病	쏙병	false	false
쏜手巾	쏜수건	false	false
쑤염魚	쑤염어	false	false
쑥中세	쑥중세	false	false
쑥査頓	쑥사돈	false	false
쑷中쇠	쑷중쇠	false	false
쑷中쐬	쑷중쐬	false	false
쒯毒	쒯독	false	false
쓰께板	쓰께판	false	false
쓰라기粥	쓰라기죽	false	false
쓰래기粥	쓰래기죽	false	false
쓸이板	쓸이판	false	false
씨父母	씨부모	false	false
씨라구粥	씨라구죽	false	false
씨락粥	씨락죽	false	false
씨락羹粥	씨락갱죽	false	false
씨래기粥	씨래기죽	false	false
씨레기桶	씨레기통	false	false
씰가리粥	씰가리죽	false	false
아初	아초	false	false
아구湯	아구탕	false	false
아네子	아네자	false	false
아렛張	아렛장	false	false
아룻房	아룻방	false	false
아리層	아리층	false	false
아리웃間	아리웃간	false	false
아릿代	아릿대	false	false
아릿房	아릿방	false	false
아릿間	아릿간	false	false
아옵數	아옵수	false	false
아척上食	아척상식	false	false
아척床	아척상	false	false
아츰上食	아츰상식	false	false
아츰床	아츰상	false	false
아칙朝飯	아칙조반	false	false
아쿠湯	아쿠탕	false	false
안中	안중	false	false
안侍下	안시하	false	false
안喪主	안상주	false	false
안廳	안청	false	false
안房구술	안방구숙	false	false
안服裝	안복장	false	false
안粥	안죽	false	false
안胎	안태	false	false
안방門	안방문	false	false
알兩班	알양반	false	false
알房	알방	false	false
알桶	알통	false	false
알량米	알량미	false	false
암中세	암중세	false	false
암中쇄	암중쇄	false	false
암中쇠	암중쇠	false	false
암中쉬	암중쉬	false	false
암粥가리	암죽가리	false	false
압실器	압실기	false	false
앙팡門	앙팡문	false	false
앞前이	앞전이	false	false
앞딧門	앞딧문	false	false
애三寸	애삼촌	false	false
애柑	애감	false	false
애燒酒	애소주	false	false
애番	애번	false	false
애醬	애장	false	false
애기丹楓	애기단풍	false	false
애기冬至	애기동지	false	false
애기將軍	애기장군	false	false
애장間	애장간	false	false
앵間	앵간	false	false
야소間	야소간	false	false
양囊주머니	양낭주마니	false	false
양板	양판	false	false
양넴간醬	양넴간장	false	false
양념醬물	양념장물	false	false
양녬醬	양녬장	false	false
양님醬	양님장	false	false
양님醬물	양님장물	false	false
양님간醬	양님간장	false	false
얘장間	얘장간	false	false
얭일虐	얭일학	false	false
어작船	어작선	false	false
언太	언태	false	false
언두幕	언두막	false	false
얼病들다	얼병들다	false	false
얼매間	얼매간	false	false
얼음板	얼음판	false	false
얼음車	얼음차	false	false
엄幕	엄막	false	false
엄머症	엄머증	false	false
업手巾	업수건	false	false
엇對答하다	엇대답하다	false	false
엉근宕巾	엉근탕건	false	false
에三寸	에삼촌	false	false
에叔母	에숙모	false	false
에叔父	에숙부	false	false
에四寸	에사촌	false	false
에固執	에고집	false	false
에固執재이	에고집재이	false	false
에孫女	에손녀	false	false
에孫子	에손자	false	false
에科	에과	false	false
에葬	에장	false	false
에通手	에통수	false	false
에骨髓	에골수	false	false
에비堂	에비당	false	false
에수廳	에수청	false	false
에양間	에양간	false	false
에장紙	에장지	false	false
엔便	엔편	false	false
엔기筒	엔기통	false	false
엔두幕	엔두막	false	false
엥間	엥간	false	false
여縮엄따	여축엄따	false	false
여縮엄시	여축엄시	false	false
여렴性	여렴성	false	false
여물倉庫	여물창고	false	false
여물庫間	여물곳간	false	false
여물廳	여물청	false	false
여미깃間	여미깃간	false	false
연장間	연장간	false	false
열매大王	열매대왕	false	false
엿房	엿방	false	false
옆네山보래기	옆네산보래기	false	false
예비堂	예비당	false	false
예양間	예양간	false	false
예젱이門	예젱이문	false	false
예청喪制	예청상제	false	false
예펜喪制	예펜상제	false	false
예펜査頓	예펜사돈	false	false
옌지瘡	옌지창	false	false
옝일瘧	옝일학	false	false
오叔母	오숙모	false	false
오番	오번	false	false
오가木	오가목	false	false
오고렝이글字	오고렝이글자	false	false
오구랑粥	오구랑죽	false	false
오냥間	오냥간	false	false
오다리塔	오다리탑	false	false
오더幕	오더막	false	false
오더幕집	오더막집	false	false
오도幕	오도막	false	false
오도幕살이	오도막살이	false	false
오도幕살이집	오도막살이집	false	false
오도幕집	오도막집	false	false
오두幕살이	오두막살이	false	false
오둥이雜둥이	오둥이잡둥이	false	false
오드幕	오드막	false	false
오드幕집	오드막집	false	false
오라버宅	오라버댁	false	false
오라부宅	오라부댁	false	false
오라분宅	오라분댁	false	false
오라붐宅	오라붐댁	false	false
오랍宅	오랍댁	false	false
오리方席	오리방석	false	false
오방草	오방초	false	false
오사러雜늠	오사러잡늠	false	false
오수馬	오수마	false	false
오양間	오양간	false	false
오유月	오유월	false	false
오이四寸	오이사촌	false	false
오이孫女	오이손녀	false	false
오이孫子	오이손자	false	false
오줌糞池	오줌분지	false	false
옥食器	옥식기	false	false
옥영木	옥영목	false	false
온固執	온고집	false	false
온냥間	온냥간	false	false
온데萬데	온데만데	false	false
올今年	올금년	false	false
옷당褓	옷당보	false	false
옷빈針	옷빈침	false	false
옹구幕	옹구막	false	false
옹구店	옹구점	false	false
옹구廛	옹구전	false	false
옹중石	옹중석	false	false
옻漆개	옻칠개	false	false
와랑다랑機械	와랑다랑기계	false	false
와릉機	와릉기	false	false
와살風	와살풍	false	false
왁왁沈沈하다	왁왁침침하다	false	false
완字	완자	false	false
왕망生員	왕망생원	false	false
왕창金	왕창금	false	false
왕천大金	왕천대금	false	false
왕천金	왕천금	false	false
왜三寸	왜삼촌	false	false
왜冷국	왜냉국	false	false
왜叔父	왜숙부	false	false
왜四寸	왜사촌	false	false
왜삼촌宅	왜삼촌댁	false	false
왜앙間	왜앙간	false	false
왜양間	왜양간	false	false
왱喇叭	왱나발	false	false
외冷국	외냉국	false	false
외匹	외필	false	false
외幕	외막	false	false
외柑	외감	false	false
외醬	외장	false	false
외동幕	외동막	false	false
외앙間	외앙간	false	false
외째기門	외째기문	false	false
왹양木	왹양목	false	false
왼兄弟	왼형제	false	false
왼두幕	왼두막	false	false
욋間	욋간	false	false
욍間	욍간	false	false
요中間	요중간	false	false
요常시럽다	요상시럽다	false	false
요물桶	요물통	false	false
요새間	요새간	false	false
요참番	요참번	false	false
요항數	요항수	false	false
욥錢	욥전	false	false
우層	우층	false	false
우明年	우명년	false	false
우雉	우치	false	false
우둥이雜둥이	우둥이잡둥이	false	false
우리前	우리전	false	false
우술草	우술초	false	false
우염堂	우염당	false	false
우치園	우치원	false	false
우펜函	우펜함	false	false
우펜局	우펜국	false	false
우펜所	우펜소	false	false
우펜物	우펜물	false	false
우푀딱紙	우푀딱지	false	false
운던手	운던수	false	false
운두幕	운두막	false	false
운정手	운정수	false	false
운판船	운판선	false	false
울幕	울막	false	false
울廳	울청	false	false
울牆	울장	false	false
울間	울간	false	false
울뚝症	울뚝증	false	false
울매間	울매간	false	false
울움褓따리	울움보따리	false	false
움窟	움굴	false	false
움매間	움매간	false	false
웃位	웃위	false	false
웃大枋	웃대방	false	false
웃親	웃친	false	false
웃錢	웃전	false	false
웃밥床	웃밥상	false	false
워曜日	워요일	false	false
원뒤幕	원뒤막	false	false
원들幕	원들막	false	false
원재彈	원재탄	false	false
월매間	월매간	false	false
웨三寸	웨삼촌	false	false
웨叔母	웨숙모	false	false
웨四寸	웨사촌	false	false
웨固執	웨고집	false	false
웨固執다리	웨고집다리	false	false
웨固執쟁이	웨고집쟁이	false	false
웨固執퉁이	웨고집퉁이	false	false
웨國	웨국	false	false
웨孫女	웨손녀	false	false
웨孫子	웨손자	false	false
웨幕	웨막	false	false
웨幕사리	웨막사리	false	false
웨床	웨상	false	false
웨廣木	웨광목	false	false
웨獨子	웨독자	false	false
웨祖父	웨조부	false	false
웨通	웨통	false	false
웨삼춘宅	웨삼춘댁	false	false
웨양間	웨양간	false	false
웬두幕	웬두막	false	false
위三寸	위삼촌	false	false
위四寸	위사촌	false	false
위孫女	위손녀	false	false
위孫子	위손자	false	false
위對허다	위대허다	false	false
위髥	위염	false	false
윈便	윈편	false	false
유粥	유죽	false	false
유관鐵	유관철	false	false
유람性	유람성	false	false
유렴性	유렴성	false	false
유리前	유리전	false	false
유성개板	유성개판	false	false
유싱機	유싱기	false	false
유앵歌	유앵가	false	false
육절砲	육절포	false	false
육철砲	육철포	false	false
윤성개板	윤성개판	false	false
윰라大王	윰라대왕	false	false
으기揚揚	으기양양	false	false
으벵將	으벵장	false	false
으붓子息	으붓자식	false	false
으용軍	으용군	false	false
은앵手	은앵수	false	false
을매間	을매간	false	false
을진風	을진풍	false	false
음매間	음매간	false	false
음물廛	음물전	false	false
음진風	음진풍	false	false
의벵將	의벵장	false	false
이四寸	이사촌	false	false
이夢사夢	이몽사몽	false	false
이孫女	이손녀	false	false
이孫子	이손자	false	false
이曰저曰	이왈저왈	false	false
이門절귀	이문절귀	false	false
이깝桶	이깝통	false	false
이럭書	이럭서	false	false
이로後제	이로후제	false	false
이른朝飯	이른조반	false	false
이문地枋	이문지방	false	false
이문間	이문간	false	false
이물간房	이물간방	false	false
이바구冊	이바구책	false	false
이벨歌	이벨가	false	false
이벨酒	이벨주	false	false
이언長	이언장	false	false
이용軍	이용군	false	false
이원長	이원장	false	false
이은病	이은병	false	false
이지間	이지간	false	false
인모草	인모초	false	false
인문草	인문초	false	false
인앵道	인앵도	false	false
인정氣	인정기	false	false
인주板	인주판	false	false
인증氣	인증기	false	false
일대船	일대선	false	false
일로後제	일로후제	false	false
일루後제	일루후제	false	false
일뤠堂	일뤠당	false	false
일뤳堂	일뤳당	false	false
일목手巾	일목수건	false	false
일분醬	일분장	false	false
일주後제	일주후제	false	false
일지後제	일지후제	false	false
일진風	일진풍	false	false
일천肝腸	일천간장	false	false
일펜丹心	일펜단심	false	false
임마草	임마초	false	false
임모草	임모초	false	false
입中	입중	false	false
입天井	입천정	false	false
입禁하다	입금하다	false	false
입網	입망	false	false
입草	입초	false	false
입食器	입식기	false	false
잉접室	잉접실	false	false
자골醬	자골장	false	false
자공針	자공침	false	false
자광針	자광침	false	false
자굴醬	자굴장	false	false
자던車	자던거	false	false
자동針	자동침	false	false
자디色	자디색	false	false
자래湯	자래탕	false	false
자멩鼓	자멩고	false	false
자봉機	자봉기	false	false
자숫間	자숫간	false	false
자숫물桶	자숫물통	false	false
자싯물桶	자싯물통	false	false
자양車	자양거	false	false
자영車	자영거	false	false
자오針	자오침	false	false
자오間	자오간	false	false
자우間	자우간	false	false
자우튼間	자우튼간	false	false
자인車	자인거	false	false
자잉車	자잉거	false	false
자자一村	자자일촌	false	false
자즌車	자즌거	false	false
자지色	자지색	false	false
자진車	자진거	false	false
작은伯父	작은백부	false	false
작은媤叔	작은시숙	false	false
작은書房님	작은서방님	false	false
작은盜賊	작은도적	false	false
잔桶	잔통	false	false
잔調理하다	잔조리하다	false	false
잔車	잔차	false	false
잘개打作	잘개타작	false	false
잘깨打作	잘깨타작	false	false
잠精神	잠정신	false	false
잠蟲	잠충	false	false
잠食蟲이	잠식충이	false	false
잠食퉁이	잠식퉁이	false	false
잠시蟲이	잠시충이	false	false
잠쌀粥	잠쌀죽	false	false
잡하商	잡하상	false	false
잡하商店	잡하상점	false	false
잡하店	잡하점	false	false
잡하廛	잡하전	false	false
장房	장방	false	false
장귓門	장귓문	false	false
장레穀	장레곡	false	false
장짓門	장짓문	false	false
재床	재상	false	false
재張	재장	false	false
재桶	재통	false	false
재광針	재광침	false	false
재밤中	재밤중	false	false
재인車	재인거	false	false
재전車	재전거	false	false
재진車	재진거	false	false
잰車	잰거	false	false
잰錢	잰전	false	false
잰錢푼	잰전푼	false	false
잽기帳	잽기장	false	false
잿方席	잿방석	false	false
저後年	저후년	false	false
저番週	저번주	false	false
저番날	저번날	false	false
저番달	저번달	false	false
저番해	저번해	false	false
저粥	저죽	false	false
저근生인	저근생인	false	false
저꼬房	저꼬방	false	false
저냑床	저냑상	false	false
저냑祭	저냑제	false	false
저릅門	저릅문	false	false
저저後年	저저후년	false	false
적시桶	적시통	false	false
전壁	전벽	false	false
절酒	절주	false	false
절게房	절게방	false	false
절기桶	절기통	false	false
절벤떡本	절벤떡본	false	false
점酒	점주	false	false
접宕巾	접탕건	false	false
접將	접장	false	false
접房	접방	false	false
접房살이	접방살이	false	false
접査頓	접사돈	false	false
접門	접문	false	false
젓房	젓방	false	false
젓筍	젓순	false	false
젓肝	젓간	false	false
젓間	젓간	false	false
정鳶	정연	false	false
정구桶	정구통	false	false
정낭間	정낭간	false	false
정심床	정심상	false	false
정자間	정자간	false	false
정재間	정재간	false	false
정지門	정지문	false	false
젙房	젙방	false	false
젙房살이	젙방살이	false	false
젙房살이하다	젙방살이하다	false	false
젙査頓	젙사돈	false	false
젙筍	젙순	false	false
젙筍치기	젙순치기	false	false
젙門	젙문	false	false
제後年	제후년	false	false
제筒	제통	false	false
제우畓	제우답	false	false
제우祭	제우제	false	false
젱운機	젱운기	false	false
조飛行機	조비행기	false	false
조리鳶	조리연	false	false
조신간醬	조신간장	false	false
조전車	조전차	false	false
족은妻男	족은처남	false	false
족은媽媽	족은마마	false	false
족탑機	족탑기	false	false
졸紙	졸지	false	false
졸갑症	졸갑증	false	false
좟張	좟장	false	false
죄各其	죄각기	false	false
죄미藥	죄미약	false	false
죈丈	죈장	false	false
죈宅	죈댁	false	false
주개鳶	주개연	false	false
주애張	주애장	false	false
준奔走히	준분주히	false	false
줄長대	줄장대	false	false
줄댓褓	줄댓보	false	false
줸宅	줸댁	false	false
쥘木	쥘목	false	false
즈금筒	즈금통	false	false
즈녁床	즈녁상	false	false
즌과者	즌과자	false	false
즌기工	즌기공	false	false
즌당鋪	즌당포	false	false
즌동機	즌동기	false	false
즌동車	즌동차	false	false
즌자밥桶	즌자밥통	false	false
즌파社	즌파사	false	false
즌화番號	즌화번호	false	false
즌화筒	즌화통	false	false
즘심床	즘심상	false	false
증二月	증이월	false	false
증反對	증반대	false	false
증슴床	증슴상	false	false
증심床	증심상	false	false
증지間	증지간	false	false
지各其	지각기	false	false
지各各	지각각	false	false
지各끔	지각끔	false	false
지時間	지시간	false	false
지精神	지정신	false	false
지脯	지포	false	false
지게木발	지게목발	false	false
지게鬼神	지게귀신	false	false
지녁床	지녁상	false	false
지둥書房	지둥서방	false	false
지랄發狂	지랄발광	false	false
지름桶	지름통	false	false
지름氣	지름기	false	false
지름漆	지름칠	false	false
지름甁	지름병	false	false
지름醬	지름장	false	false
지릉醬	지릉장	false	false
지멩度	지멩도	false	false
지봉針	지봉침	false	false
지사床	지사상	false	false
지앗張	지앗장	false	false
지애張	지애장	false	false
지앳張	지앳장	false	false
지약床	지약상	false	false
지얏張	지얏장	false	false
지역床	지역상	false	false
지왓張	지왓장	false	false
지적門	지적문	false	false
지제所	지제소	false	false
지첨藥	지첨약	false	false
지한時	지한시	false	false
지홧張	지홧장	false	false
진醬	진장	false	false
진針	진침	false	false
진달래酒	진달래주	false	false
질初	질초	false	false
질擧止	질거지	false	false
질癡	질치	false	false
질구桶	질구통	false	false
질재間	질재간	false	false
짐醬	짐장	false	false
집散炙	집산적	false	false
집淸	집청	false	false
집새間	집새간	false	false
짓잎粥	짓잎죽	false	false
징板	징판	false	false
징祖母	징조모	false	false
징祖父	징조부	false	false
징風物	징풍물	false	false
짜른針	짜른침	false	false
짝錢	짝전	false	false
짝대기牌	짝대기패	false	false
짠지粥	짠지죽	false	false
쨋張	쨋장	false	false
쩔間	쩔간	false	false
쩡낭間	쩡낭간	false	false
쩡냥間	쩡냥간	false	false
쩡양間	쩡양간	false	false
쪼르福	쪼르복	false	false
쫑양間	쫑양간	false	false
찌脯	찌포	false	false
찌色	찌색	false	false
찌藥	찌약	false	false
찍師	찍사	false	false
찍方席	찍방석	false	false
찐骨	찐골	false	false
찝方席	찝방석	false	false
찟間	찟간	false	false
차籠	차롱	false	false
차籠착	차롱착	false	false
찰村	찰촌	false	false
찰村놈	찰촌놈	false	false
참鳶	참연	false	false
참외幕	참외막	false	false
참우幕	참우막	false	false
참이幕	참이막	false	false
참회幕	참회막	false	false
찹살꼬치醬	찹살꼬치장	false	false
창자間	창자간	false	false
창지間	창지간	false	false
채床질	채상질	false	false
채桶	채통	false	false
채票	채표	false	false
채끼비手巾	채끼비수건	false	false
처낭堂	처낭당	false	false
처매幅	처매폭	false	false
처이態	처이태	false	false
천륭蓋	천륭개	false	false
천빗生鮮	천빗생선	false	false
천재文	천재문	false	false
철개이飛行機	철개이비행기	false	false
철목魚	철목어	false	false
첩門	첩문	false	false
청壁	청벽	false	false
청醬	청장	false	false
청間	청간	false	false
청북醬	청북장	false	false
체키花	체키화	false	false
쳇房	쳇방	false	false
초赤多말	초적다말	false	false
초매幅	초매폭	false	false
촘鳶	촘연	false	false
촛대石	촛대석	false	false
추氣	추기	false	false
추사場	추사장	false	false
측싣間	측싣간	false	false
츳人事	츳인사	false	false
츳印象	츳인상	false	false
츳情	츳정	false	false
치로法	치로법	false	false
치로費	치로비	false	false
치매幅	치매폭	false	false
칙구所	칙구소	false	false
칙칙山中	칙칙산중	false	false
칠멘鳥	칠멘조	false	false
침秤	침칭	false	false
칩칩山소곱	칩칩산소곱	false	false
콥大蒜이	콥대산이	false	false
콥大蒜잇대	콥대산잇대	false	false
콩菜	콩채	false	false
콩醬	콩장	false	false
콩간醬	콩간장	false	false
콩길금醬물	콩길금장물	false	false
큰伯父	큰백부	false	false
큰大水	큰대수	false	false
큰媤叔	큰시숙	false	false
큰媤누부	큰시누부	false	false
큰江	큰강	false	false
클房	클방	false	false
타릿手巾	타릿수건	false	false
타막機	타막기	false	false
탁根	탁근	false	false
탈골機	탈골기	false	false
탈국機	탈국기	false	false
탕근廳	탕근청	false	false
태床	태상	false	false
태板	태판	false	false
태桶	태통	false	false
택鬚髥	택수염	false	false
탱개木	탱개목	false	false
터는病	터는병	false	false
터러귓病	터러귓병	false	false
털手甲	털수갑	false	false
텃間	텃간	false	false
테장間	테장간	false	false
텽間	텽간	false	false
토께이欌	토께이장	false	false
토끼窟	토끼굴	false	false
통沙鉢	통사발	false	false
통軍	통군	false	false
통셋間	통셋간	false	false
통특間	통특간	false	false
퇴壁	퇴벽	false	false
퇴께이欌	퇴께이장	false	false
퇴끼幕	퇴끼막	false	false
퇴끼欌	퇴끼장	false	false
투구幕	투구막	false	false
퉁싯間	퉁싯간	false	false
틀房	틀방	false	false
파熟지	파숙지	false	false
파醬	파장	false	false
파醬물	파장물	false	false
파미病身	파미병신	false	false
판固執다리	판고집다리	false	false
팔富者	팔부자	false	false
팔닥船	팔닥선	false	false
팔매員	팔매원	false	false
팔수馬	팔수마	false	false
팟粥	팟죽	false	false
팟粥건지	팟죽건지	false	false
팟터는病	팟터는병	false	false
패醬	패장	false	false
패끼粥	패끼죽	false	false
펄렁霸	펄렁패	false	false
펕粥	펕죽	false	false
페딱紙	페딱지	false	false
펜紙	펜지	false	false
펜파的	펜파적	false	false
펭橘	펭귤	false	false
펭지紛亂	펭지분란	false	false
펭지風波	펭지풍파	false	false
편소間	편소간	false	false
편숫間	편숫간	false	false
평전광魚	평전광어	false	false
포치오그랑粥	포치오그랑죽	false	false
폭폭症	폭폭증	false	false
폿粥건지	폿죽건지	false	false
퐅粥	퐅죽	false	false
푀지板	푀지판	false	false
푸帳	푸장	false	false
푸떼粥	푸떼죽	false	false
푸렁杖毒	푸렁장독	false	false
푸무間	푸무간	false	false
풀網	풀망	false	false
풀때粥	풀때죽	false	false
풀떼粥	풀떼죽	false	false
풀맷間	풀맷간	false	false
풀뭇間	풀뭇간	false	false
품뭇間	품뭇간	false	false
풋苦椒	풋고초	false	false
풋대粥	풋대죽	false	false
풍뭇間	풍뭇간	false	false
핀숫間	핀숫간	false	false
핏粥	핏죽	false	false
핑숫間	핑숫간	false	false
하曜日	하요일	false	false
하리速히	하리속히	false	false
하물車	하물차	false	false
하쇠固執	하쇠고집	false	false
하야間	하야간	false	false
하여트間	하여트간	false	false
하이間	하이간	false	false
학搗臼	학도구	false	false
한冬三	한동삼	false	false
한地	한지	false	false
한漆	한칠	false	false
한갑老人	한갑노인	false	false
한데便所	한데변소	false	false
한뎃便所	한뎃변소	false	false
한동구間	한동구간	false	false
한디便所	한디변소	false	false
할락山	할락산	false	false
할루速히	할루속히	false	false
합수桶	합수통	false	false
핫周衣	핫주의	false	false
핫댓褓	핫댓보	false	false
항漆	항칠	false	false
항장木	항장목	false	false
해이室	해이실	false	false
해칫間	해칫간	false	false
핵교堂	핵교당	false	false
햇手巾	햇수건	false	false
햇대褓	햇대보	false	false
행기布	행기포	false	false
행우褓따리	행우보따리	false	false
행주布	행주포	false	false
행줏褓	행줏보	false	false
행지布	행지포	false	false
행지褓	행지보	false	false
행짓褓	행짓보	false	false
허間	허간	false	false
허구症	허구증	false	false
허그症	허그증	false	false
허덧間	허덧간	false	false
허슬間	허슬간	false	false
허텅間	허텅간	false	false
헌物體	헌물체	false	false
헐헐單身	헐헐단신	false	false
헤양間	헤양간	false	false
헷所聞	헷소문	false	false
헷手	헷수	false	false
헷放	헷방	false	false
헷間	헷간	false	false
헹광燈	헹광등	false	false
헹무所	헹무소	false	false
헹제姊妹	헹제자매	false	false
헹제間	헹제간	false	false
호레子息	호레자식	false	false
호롱燈	호롱등	false	false
호루角	호루각	false	false
호리角	호리각	false	false
호박石	호박석	false	false
호석八字	호석팔자	false	false
호양木	호양목	false	false
호양氣	호양기	false	false
혼새物件	혼새물건	false	false
혼역媽媽	혼역마마	false	false
혼연式	혼연식	false	false
홀媤아버이	홀시아버이	false	false
홀媤아부지	홀시아부지	false	false
홀媤어머이	홀시어머이	false	false
홀리式	홀리식	false	false
홀수線	홀수선	false	false
홀탯機械	홀탯기계	false	false
홀홀單身	홀홀단신	false	false
홍아鳶	홍아연	false	false
홍에鳶	홍에연	false	false
홍회鳶	홍회연	false	false
화닥症	화닥증	false	false
화룡船	화룡선	false	false
화쇠固執	화쇠고집	false	false
화술盞	화술잔	false	false
화토張	화토장	false	false
화해道	화해도	false	false
확搗臼	확도구	false	false
확桶	확통	false	false
홧댓褓	홧댓보	false	false
황해廛	황해전	false	false
홰欌	홰장	false	false
홰이室	홰이실	false	false
횃장褓	횃장보	false	false
횟間	횟간	false	false
횟댓褓	횟댓보	false	false
훌루麵	훌루면	false	false
훗間	훗간	false	false
휘전線	휘전선	false	false
휴발油	휴발유	false	false
흑湯물	흑탕물	false	false
흑물湯	흑물탕	false	false
흑바람壁	흑바람벽	false	false
흘湯물	흘탕물	false	false
흘湯질	흘탕질	false	false
히발油	히발유	false	false
히양所	히양소	false	false
히양間	히양간	false	false
