hanja	hangul	require_hanja	require_hangul
ㄷ型鋼	ㄷ형강	false	false
䘌鼻	닉비	false	false
䴇𩾚	령정	false	false
䴷子	혼자	false	false
一人兩役	일인량역	false	false
一元化計劃體系	일원화계획체계	false	false
一利一失	일리일실	false	false
一化五味之敎	일화오미지교	false	false
一四分區	일사분구	false	false
一回態	일회태	false	false
一回甲	일회갑	false	false
一國一黨原則	일국일당원칙	false	false
一夜千里	일야천리	false	false
一委	일위	false	false
一委되다	일위되다	false	false
一委하다	일위하다	false	false
一宗	일종	false	false
一家頉	일가탈	false	false
一年감色	일년감색	false	false
一年감빛	일년감빛	false	false
一廡	일무	false	false
一式家具	일식가구	false	false
一時金	일시금	false	false
一曆年	일력년	false	false
一曆月	일력월	false	false
一條垂兒	일조수아	false	false
一次中性子	일차중성자	false	false
一次信號	일차신호	false	false
一次原子爐	일차원자로	false	false
一次奉仕單位	일차봉사단위	false	false
一次粒子	일차립자	false	false
一次結晶化	일차결정화	false	false
一次醫療奉仕	일차의료봉사	false	false
一次關聯	일차관련	false	false
一次電氣設備	일차전기설비	false	false
一次마디	일차마디	false	false
一次안같기式	일차안같기식	false	false
一次여러마디式	일차여러마디식	false	false
一次잔구멍	일차잔구멍	false	false
一火線	일화선	false	false
一生當代	일생당대	false	false
一産	일산	false	false
一目大將	일목대장	false	false
一級負荷	일급부하	false	false
一線形	일선형	false	false
一致規定語	일치규정어	false	false
一般兵種部隊	일반병종부대	false	false
一般區間防潮堤	일반구간방조제	false	false
一般寢臺	일반침대	false	false
一般巧藝	일반교예	false	false
一般指導	일반지도	false	false
一般數字操縱工作機械	일반수자조종공작기계	false	false
一般格	일반격	false	false
一般水文地質學	일반수문지질학	false	false
一般的指導	일반적지도	false	false
一般的選擧	일반적선거	false	false
一般監視	일반감시	false	false
一般祝日	일반축일	false	false
一般繪畫	일반회화	false	false
一般託兒所	일반탁아소	false	false
一般車	일반차	false	false
一般食事	일반식사	false	false
一般마디	일반마디	false	false
一般머리	일반머리	false	false
一般무이能力	일반무이능력	false	false
一般양념醬	일반양념장	false	false
一舷突擊	일현돌격	false	false
一萬樂	일만락	false	false
一葉雙曲線	일엽쌍곡선	false	false
一行千里戰術	일행천리전술	false	false
一進一新	일진일신	false	false
一進一新하다	일진일신하다	false	false
一邊倒政策	일변도정책	false	false
一部構成文	일부구성문	false	false
一隻底曳網	일척저예망	false	false
一面天幕	일면천막	false	false
一顯一沒	일현일몰	false	false
一顯一沒하다	일현일몰하다	false	false
一體	일체	false	false
一體式層막	일체식층막	false	false
七寶八珍	칠보팔진	false	false
七寶족도리	칠보족도리	false	false
七星子	칠성자	false	false
七星門	칠성문	false	false
七月窮節	칠월궁절	false	false
七甲	칠갑	false	false
七縱八擒	칠종팔금	false	false
七色松魚	칠색송어	false	false
七葉나무	칠엽나무	false	false
七部身畫面	칠부신화면	false	false
七面鳥장과	칠면조장과	false	false
七面鳥찬묵	칠면조찬묵	false	false
七香鷄찜닭色말이	칠향계찜닭색말이	false	false
丈人	장인	false	false
三一人民蜂起	삼일인민봉기	false	false
三七	삼칠	false	false
三世界	삼세계	false	false
三人一派	삼인일파	false	false
三人一黨	삼인일당	false	false
三人運動	삼인운동	false	false
三位一體의方針	삼위일체의방침	false	false
三住所符號	삼주소부호	false	false
三作	삼작	false	false
三作하다	삼작하다	false	false
三元一次聯立方程式	삼원일차련립방정식	false	false
三光政策	삼광정책	false	false
三八國際婦女節	삼팔국제부녀절	false	false
三八婦女節	삼팔부녀절	false	false
三八節	삼팔절	false	false
三動변	삼동변	false	false
三化輸送	삼화수송	false	false
三化輸送方針	삼화수송방침	false	false
三十二分休止符	삼십이분휴지부	false	false
三十二分소리標	삼십이분소리표	false	false
三千六父之子	삼천륙부지자	false	false
三原色印刷	삼원색인쇄	false	false
三原色受像管	삼원색수상관	false	false
三同紬	삼동주	false	false
三喪不弔	삼상부조	false	false
三大力量	삼대력량	false	false
三大基本力量	삼대기본력량	false	false
三大技術革命	삼대기술혁명	false	false
三大陸	삼대륙	false	false
三大革命	삼대혁명	false	false
三大革命小組	삼대혁명소조	false	false
三大革命小組運動	삼대혁명소조운동	false	false
三大革命路線	삼대혁명로선	false	false
三大革命붉은旗	삼대혁명붉은기	false	false
三大革命붉은旗爭取運動	삼대혁명붉은기쟁취운동	false	false
三婚	삼혼	false	false
三家村	삼가촌	false	false
三寸아버님	삼촌아버님	false	false
三寸아버지	삼촌아버지	false	false
三寸어머니	삼촌어머니	false	false
三寸어머님	삼촌어머님	false	false
三尖瓣閉鎖	삼첨판페쇄	false	false
三尺兩刃刀	삼척량인도	false	false
三山神靈	삼산신령	false	false
三島型	삼도형	false	false
三島型船舶	삼도형선박	false	false
三度音	삼도음	false	false
三從因緣	삼종인연	false	false
三心圓무지개形누운窟	삼심원무지개형누운굴	false	false
三日兩面	삼일량면	false	false
三月감자	삼월감자	false	false
三極三極素子論理集積回路	삼극삼극소자론리집적회로	false	false
三極素子	삼극소자	false	false
三極素子論理回路	삼극소자론리회로	false	false
三極電子管	삼극전자관	false	false
三機關體系	삼기관체계	false	false
三次元探知機	삼차원탐지기	false	false
三次元電波探知機	삼차원전파탐지기	false	false
三步걷기	삼보걷기	false	false
三段揚水場	삼단양수장	false	false
三段法	삼단법	false	false
三段論法	삼단론법	false	false
三段매듭	삼단매듭	false	false
三池淵	삼지연	false	false
三池淵郡	삼지연군	false	false
三泉郡	삼천군	false	false
三焦兪	삼초유	false	false
三用受信機	삼용수신기	false	false
三男兩女	삼남량녀	false	false
三界城	삼계성	false	false
三疊紀層	삼첩기층	false	false
三相電弧鎔接	삼상전호용접	false	false
三相맞닿이	삼상맞닿이	false	false
三神不淨	삼신부정	false	false
三秒規定	삼초규정	false	false
三穴銃	삼혈총	false	false
三系統間雜種	삼계통간잡종	false	false
三級負荷	삼급부하	false	false
三絃曲	삼현곡	false	false
三線鐵條網	삼선철조망	false	false
三耕	삼경	false	false
三耕體系	삼경체계	false	false
三耕하다	삼경하다	false	false
三聯式보습	삼련식보습	false	false
三胎女	삼태녀	false	false
三色學說	삼색학설	false	false
三色비름	삼색비름	false	false
三葉松	삼엽송	false	false
三蟲이	삼충이	false	false
三角列	삼각렬	false	false
三角天幕	삼각천막	false	false
三角實驗甁	삼각실험병	false	false
三角形構圖	삼각형구도	false	false
三角形法	삼각형법	false	false
三角形連結	삼각형련결	false	false
三角洲湖	삼각주호	false	false
三角連結	삼각련결	false	false
三角고임天井	삼각고임천정	false	false
三角물림	삼각물림	false	false
三角살	삼각살	false	false
三角천	삼각천	false	false
三輪	삼륜	false	false
三重式壓延機	삼중식압연기	false	false
三重經過音	삼중경과음	false	false
三針繡	삼침수	false	false
三香	삼향	false	false
三點發振器	삼점발진기	false	false
三點邊	삼점변	false	false
三결이婚	삼결이혼	false	false
三도리깨	삼도리깨	false	false
三도리깨질	삼도리깨질	false	false
三도리깨질하다	삼도리깨질하다	false	false
三발	삼발	false	false
三송곳채찍벌레	삼송곳채찍벌레	false	false
三치집	삼치집	false	false
三탈이	삼탈이	false	false
上上峯	상상봉	false	false
上下針	상하침	false	false
上佐	상좌	false	false
上價	상가	false	false
上元郡	상원군	false	false
上回轉	상회전	false	false
上士	상사	false	false
上天癡	상천치	false	false
上學場	상학장	false	false
上學組	상학조	false	false
上將	상장	false	false
上尉	상위	false	false
上導音	상도음	false	false
上層前線帶	상층전선대	false	false
上層構造	상층구조	false	false
上層火	상층화	false	false
上層統一	상층통일	false	false
上層統一戰線	상층통일전선	false	false
上層골	상층골	false	false
上屬音	상속음	false	false
上昇法	상승법	false	false
上昇뒤집기	상승뒤집기	false	false
上架工	상가공	false	false
上架線	상가선	false	false
上穀	상곡	false	false
上等兵	상등병	false	false
上等손님	상등손님	false	false
上筍	상순	false	false
上級寢臺	상급침대	false	false
上級寢臺車	상급침대차	false	false
上級敎員	상급교원	false	false
上級車	상급차	false	false
上級車票	상급차표	false	false
上級車칸	상급차칸	false	false
上級電話	상급전화	false	false
上經過	상경과	false	false
上綴	상철	false	false
上緋緞	상비단	false	false
上膊三頭筋	상박삼두근	false	false
上膊關節	상박관절	false	false
上船機	상선기	false	false
上苦役	상고역	false	false
上菽麥이	상숙맥이	false	false
上視丘	상시구	false	false
上農軍	상농군	false	false
上針저고리	상침저고리	false	false
上陸輸送船	상륙수송선	false	false
上陸隊	상륙대	false	false
上顎洞鏡	상악동경	false	false
上風	상풍	false	false
上飮食	상음식	false	false
上값	상값	false	false
上고기	상고기	false	false
上군	상군	false	false
上그네	상그네	false	false
上껏	상껏	false	false
上껏해야	상껏해야	false	false
上나물	상나물	false	false
上머슴군	상머슴군	false	false
上씨름군	상씨름군	false	false
上아지	상아지	false	false
上어리	상어리	false	false
上일군	상일군	false	false
上틀	상틀	false	false
下位植物	하위식물	false	false
下低氣壓	하저기압	false	false
下價	하가	false	false
下價되다	하가되다	false	false
下價하다	하가하다	false	false
下列	하렬	false	false
下劣하다	하렬하다	false	false
下劣히	하렬히	false	false
下勾配	하구배	false	false
下半年	하반년	false	false
下向採掘	하향채굴	false	false
下土半徑	하토반경	false	false
下土높이	하토높이	false	false
下導音	하도음	false	false
下小하다	하소하다	false	false
下小히	하소히	false	false
下層火	하층화	false	false
下層統一	하층통일	false	false
下屬機能	하속기능	false	false
下席	하석	false	false
下忱	하침	false	false
下攻	하공	false	false
下攻하다	하공하다	false	false
下敢不上	하감불상	false	false
下林木	하림목	false	false
下流世俗	하류세속	false	false
下綴	하철	false	false
下綴하다	하철하다	false	false
下處	하처	false	false
下處房	하처방	false	false
下處하다	하처하다	false	false
下行導音	하행도음	false	false
下行군	하행군	false	false
下車界線	하차계선	false	false
下農軍	하농군	false	false
下降制動機	하강제동기	false	false
下降導音	하강도음	false	false
下降泉	하강천	false	false
下隷	하예	false	false
下공靜脈	하공정맥	false	false
下길	하길	false	false
下바닥	하바닥	false	false
下바닥쇠	하바닥쇠	false	false
不一致規定語	불일치규정어	false	false
不了義	불료의	false	false
不了義하다	불료의하다	false	false
不交感	불교감	false	false
不似하다	불사하다	false	false
不充實하다	불충실하다	false	false
不動反射	부동반사	false	false
不動産抵當	부동산저당	false	false
不勝其樂	불승기락	false	false
不勝嗚咽	불승오열	false	false
不勝嗚咽하다	불승오열하다	false	false
不勝堪當하다	불승감당하다	false	false
不勝醉興	불승취흥	false	false
不勤實하다	불근실하다	false	false
不協和和音	불협화화음	false	false
不反結合體系	부반결합체계	false	false
不可克服	불가극복	false	false
不可制勝하다	불가제승하다	false	false
不可妥協	불가타협	false	false
不可妥協性	불가타협성	false	false
不可妥協하다	불가타협하다	false	false
不可讓渡하다	불가양도하다	false	false
不均性	불균성	false	false
不堅固하다	불견고하다	false	false
不夜場	불야장	false	false
不如福將	불여복장	false	false
不安定和音	불안정화음	false	false
不安定小節	불안정소절	false	false
不安定常數	불안정상수	false	false
不安定臨界循環	불안정림계순환	false	false
不完了態	불완료태	false	false
不完全互換性	불완전호환성	false	false
不完全互換方法	불완전호환방법	false	false
不完全分解	불완전분해	false	false
不完全文	불완전문	false	false
不完全流産	불완전류산	false	false
不完全燒鈍	불완전소둔	false	false
不完全錐孔	불완전추공	false	false
不完全鎔着	불완전용착	false	false
不完全큰피줄轉位	불완전큰피줄전위	false	false
不定形	부정형	false	false
不容不然	불용불연	false	false
不屈無變하다	불굴무변하다	false	false
不平질	불평질	false	false
不幸事	불행사	false	false
不得眠	부득면	false	false
不怠하다	불태하다	false	false
不意性	불의성	false	false
不意打擊	불의타격	false	false
不意打擊하다	불의타격하다	false	false
不意行動	불의행동	false	false
不意行動하다	불의행동하다	false	false
不憚하다	불탄하다	false	false
不支拂勞動	부지불로동	false	false
不攻自破	불공자파	false	false
不攻自破하다	불공자파하다	false	false
不易差	불역차	false	false
不服控訴	불복공소	false	false
不榮譽	불영예	false	false
不榮譽스럽다	불영예스럽다	false	false
不死鳥	불사조	false	false
不毛家庭	불모가정	false	false
不氣味	불기미	false	false
不法無效	불법무효	false	false
不法無效하다	불법무효하다	false	false
不法다치기	불법다치기	false	false
不洗掘流速	불세굴류속	false	false
不淨木	부정목	false	false
不無靈驗하다	불무령험하다	false	false
不熟米	불숙미	false	false
不申告犯	불신고범	false	false
不當千萬하다	부당천만하다	false	false
不確乎하다	불확호하다	false	false
不稔性	불념성	false	false
不等速度	부등속도	false	false
不純異色分子	불순이색분자	false	false
不老酒	불로주	false	false
不肖女息	불초녀식	false	false
不良者	부량자	false	false
不良하다	부량하다	false	false
不規	불규	false	false
不規則變化	불규칙변화	false	false
不變債務	불변채무	false	false
不變費	불변비	false	false
不賢하다	불현하다	false	false
不足近似값	부족근사값	false	false
不辜	불고	false	false
不通	불통	false	false
不通하다	불통하다	false	false
不逞團體	불령단체	false	false
不連續	불련속	false	false
不連續層	불련속층	false	false
不連續性	불련속성	false	false
不連續操縱體系	불련속조종체계	false	false
不連續褶曲構造	불련속습곡구조	false	false
不連續面	불련속면	false	false
不遜스럽다	불손스럽다	false	false
不遠코	불원코	false	false
不避코	불피코	false	false
不顧利害	불고리해	false	false
世上物理	세상물리	false	false
世上苦	세상고	false	false
世上맛	세상맛	false	false
世上영문	세상영문	false	false
世代共同體	세대공동체	false	false
世代量	세대량	false	false
世俗凡人	세속범인	false	false
世俗티	세속티	false	false
世儒	세유	false	false
世宗譜	세종보	false	false
世層	세층	false	false
世帶主	세대주	false	false
世態民謠	세태민요	false	false
世態童謠	세태동요	false	false
世界靑年學生祝典	세계청년학생축전	false	false
世祖譜	세조보	false	false
丘陵性景觀	구릉성경관	false	false
丙部給水管	병부급수관	false	false
中	중	false	false
中三門	중삼문	false	false
中丹靑	중단청	false	false
中交代	중교대	false	false
中代거리	중대거리	false	false
中伏물	중복물	false	false
中佐	중좌	false	false
中動	중동	false	false
中動相	중동상	false	false
中口徑高射砲	중구경고사포	false	false
中合杖	중합장	false	false
中和基	중화기	false	false
中和貯水池	중화저수지	false	false
中國猿人	중국원인	false	false
中央主權機關	중앙주권기관	false	false
中央人民委員會	중앙인민위원회	false	false
中央大學	중앙대학	false	false
中央工業	중앙공업	false	false
中央年鑑	중앙년감	false	false
中央政權	중앙정권	false	false
中央政權機關	중앙정권기관	false	false
中央新聞	중앙신문	false	false
中央標識點	중앙표식점	false	false
中央檢察所	중앙검찰소	false	false
中央熱暖房	중앙열난방	false	false
中央級	중앙급	false	false
中央通信	중앙통신	false	false
中央防禦手	중앙방어수	false	false
中央集中的純所得	중앙집중적순소득	false	false
中央電動式濃縮機	중앙전동식농축기	false	false
中央돌무지	중앙돌무지	false	false
中奚琴	중해금	false	false
中實	중실	false	false
中寫畫面	중사화면	false	false
中層찬물	중층찬물	false	false
中帶길	중대길	false	false
中幕	중막	false	false
中微	중미	false	false
中心中部	중심중부	false	false
中心力마당	중심력마당	false	false
中心巧藝	중심교예	false	false
中心強土	중심강토	false	false
中心攻擊手	중심공격수	false	false
中心木	중심목	false	false
中心機關	중심기관	false	false
中心相似	중심상사	false	false
中心누름部材	중심누름부재	false	false
中心닮음	중심닮음	false	false
中心당김部材	중심당김부재	false	false
中心잡이	중심잡이	false	false
中性子檢層法	중성자검층법	false	false
中性的單語	중성적단어	false	false
中性的語彙	중성적어휘	false	false
中折	중절	false	false
中斷	중단	false	false
中斷反結合回路	중단반결합회로	false	false
中斷回路	중단회로	false	false
中斷文	중단문	false	false
中斷되다	중단되다	false	false
中斷하다	중단하다	false	false
中星	중성	false	false
中景	중경	false	false
中枋턱	중방턱	false	false
中止알	중지알	false	false
中江郡	중강군	false	false
中波操作治療	중파조작치료	false	false
中波透熱治療	중파투열치료	false	false
中火田	중화전	false	false
中熄	중식	false	false
中熄되다	중식되다	false	false
中熄하다	중식하다	false	false
中眼	중안	false	false
中碎	중쇄	false	false
中空	중공	false	false
中空造形	중공조형	false	false
中空飛行	중공비행	false	false
中立條約	중립조약	false	false
中等學園	중등학원	false	false
中等專門家	중등전문가	false	false
中等義務敎育制	중등의무교육제	false	false
中籠	중농	false	false
中米洲	중미주	false	false
中細小業	중세소업	false	false
中細小漁業	중세소어업	false	false
中緯度前線	중위도전선	false	false
中縮尺	중축척	false	false
中繼地帶	중계지대	false	false
中繼管理所	중계관리소	false	false
中繼負荷	중계부하	false	false
中繼飜譯	중계번역	false	false
中繼나무터	중계나무터	false	false
中老輩	중로배	false	false
中耕作物	중경작물	false	false
中聲區	중성구	false	false
中膠	중교	false	false
中落差發電所	중락차발전소	false	false
中表	중표	false	false
中途幕	중도막	false	false
中金	중금	false	false
中長距離速攻	중장거리속공	false	false
中間中性子爐	중간중성자로	false	false
中間倉庫	중간창고	false	false
中間哨	중간초	false	false
中間地	중간지	false	false
中間地帶	중간지대	false	false
中間實驗工場	중간실험공장	false	false
中間工場	중간공장	false	false
中間形旋盤	중간형선반	false	false
中間板	중간판	false	false
中間母音	중간모음	false	false
中間油	중간유	false	false
中間環節	중간환절	false	false
中間線	중간선	false	false
中間調	중간조	false	false
中間車	중간차	false	false
中間運材	중간운재	false	false
中間防禦手	중간방어수	false	false
中間飛行場	중간비행장	false	false
中間驛	중간역	false	false
中間걸음	중간걸음	false	false
中間고기	중간고기	false	false
中間치기	중간치기	false	false
中間치기하다	중간치기하다	false	false
中間털	중간털	false	false
中隊機關銃	중대기관총	false	false
中隊部	중대부	false	false
中音區	중음구	false	false
中音樂團	중음악단	false	false
中音記號	중음기호	false	false
中音저대	중음저대	false	false
中高線	중고선	false	false
中鹽	중염	false	false
中鹽藏	중염장	false	false
中鼻葉	중비엽	false	false
中가운데	중가운데	false	false
中고기	중고기	false	false
中고치	중고치	false	false
中나절	중나절	false	false
中늙다	중늙다	false	false
中동매끼	중동매끼	false	false
中동이	중동이	false	false
中둥	중둥	false	false
中둥끈	중둥끈	false	false
中둥매끼	중둥매끼	false	false
中둥메다	중둥메다	false	false
中둥무이	중둥무이	false	false
中둥무이되다	중둥무이되다	false	false
中둥무이하다	중둥무이하다	false	false
中둥이	중둥이	false	false
中둥치레	중둥치레	false	false
中둥풀이	중둥풀이	false	false
中뿔스럽다	중뿔스럽다	false	false
中뿔스레	중뿔스레	false	false
中축	중축	false	false
中판메다	중판메다	false	false
中품	중품	false	false
丸刻	환각	false	false
丸棒機	환봉기	false	false
丸礫	환력	false	false
丸釜	환부	false	false
丹丹朱脣	단단주순	false	false
丹弓	단궁	false	false
丹心抗日	단심항일	false	false
丹木살	단목살	false	false
丹桂	단계	false	false
丹楓맞이	단풍맞이	false	false
丹槍	단창	false	false
丹蔘補藥	단삼보약	false	false
主主題部	주주제부	false	false
主亞族	주아족	false	false
主亞族元素	주아족원소	false	false
主人結晶	주인결정	false	false
主作강냉이	주작강냉이	false	false
主作콩	주작콩	false	false
主價	주가	false	false
主反結合	주반결합	false	false
主名	주명	false	false
主客	주객	false	false
主宴卓	주연탁	false	false
主審공	주심공	false	false
主導語	주도어	false	false
主席團	주석단	false	false
主席壇	주석단	false	false
主席豫備	주석예비	false	false
主情吐露	주정토로	false	false
主打擊	주타격	false	false
主掌	주장	false	false
主掌질	주장질	false	false
主掌질하다	주장질하다	false	false
主旋律	주선률	false	false
主星	주성	false	false
主林木	주림목	false	false
主案	주안	false	false
主案者	주안자	false	false
主權的指導	주권적지도	false	false
主牌놀이	주패놀이	false	false
主牌놀이하다	주패놀이하다	false	false
主牌목	주패목	false	false
主畫	주화	false	false
主短役	주단역	false	false
主線	주선	false	false
主義者머리	주의자머리	false	false
主翁	주옹	false	false
主翼	주익	false	false
主聲	주성	false	false
主聲音樂	주성음악	false	false
主聲體	주성체	false	false
主腦部	주뇌부	false	false
主要調性	주요조성	false	false
主討論	주토론	false	false
主語副文	주어부문	false	false
主軸函	주축함	false	false
主軸尺	주축척	false	false
主辨	주변	false	false
主辨하다	주변하다	false	false
主運動	주운동	false	false
主防地帶	주방지대	false	false
主防線	주방선	false	false
主題旋律	주제선률	false	false
主題記錄映畫	주제기록영화	false	false
主題部	주제부	false	false
主體	주체	false	false
主體史觀	주체사관	false	false
主體哲學	주체철학	false	false
主體思想敎養	주체사상교양	false	false
主體時代	주체시대	false	false
主體農法	주체농법	false	false
之於字	지어자	false	false
乘務길	승무길	false	false
乘木搖之	승목요지	false	false
乘車工	승차공	false	false
乘車費	승차비	false	false
乘轎군	승교군	false	false
九一八事變	구일팔사변	false	false
九九數	구구수	false	false
九尾여우	구미여우	false	false
九層都市遺跡	구층도시유적	false	false
九層같다	구층같다	false	false
九死十生	구사십생	false	false
九腸	구장	false	false
九葉草	구엽초	false	false
九轉靈沙	구전령사	false	false
九重宸襟	구중신금	false	false
九龍緞	구룡단	false	false
乞糧군	걸량군	false	false
乞軍	걸군	false	false
乞雨	걸우	false	false
乞鬼배	걸귀배	false	false
乳劑型	유제형	false	false
乳嘴突起	유취돌기	false	false
乳房帶	유방대	false	false
乳柑나무	유감나무	false	false
乳槽	유조	false	false
乳濁化	유탁화	false	false
乳濁重合	유탁중합	false	false
乳金色	유금색	false	false
乳金빛	유금빛	false	false
乾上	건상	false	false
乾作	건작	false	false
乾作하다	건작하다	false	false
乾劣米	건렬미	false	false
乾嘔	건구	false	false
乾噦	건얼	false	false
乾式充塡	건식충전	false	false
乾式加工	건식가공	false	false
乾式混合	건식혼합	false	false
乾式燐酸	건식린산	false	false
乾式穿孔	건식천공	false	false
乾式穿孔方法	건식천공방법	false	false
乾式精製	건식정제	false	false
乾式自粉碎機	건식자분쇄기	false	false
乾式鑿巖	건식착암	false	false
乾式미장	건식미장	false	false
乾性度	건성도	false	false
乾斟酌	건짐작	false	false
乾果器	건과기	false	false
乾栗	건률	false	false
乾沒	건몰	false	false
乾沒되다	건몰되다	false	false
乾沒하다	건몰하다	false	false
乾沙爐	건사로	false	false
乾漆函	건칠함	false	false
乾漆彫刻	건칠조각	false	false
乾燥煎劑	건조전제	false	false
乾燥空氣浴	건조공기욕	false	false
乾燥龜裂	건조균렬	false	false
乾燥젖劑	건조젖제	false	false
乾生	건생	false	false
乾畓農法	건답농법	false	false
乾空中잡이	건공중잡이	false	false
乾草壓搾機	건초압착기	false	false
乾草積載機	건초적재기	false	false
乾葉育	건엽육	false	false
乾裡	건리	false	false
乾達式	건달식	false	false
乾達思想	건달사상	false	false
乾達江	건달강	false	false
乾達農事	건달농사	false	false
乾達雜놈	건달잡놈	false	false
乾達곽쇠	건달곽쇠	false	false
乾達닭	건달닭	false	false
乾達치기	건달치기	false	false
乾酒酊	건주정	false	false
乾髮	건발	false	false
乾髮機	건발기	false	false
乾麵機	건면기	false	false
乾먹이	건먹이	false	false
乾주낙	건주낙	false	false
亂世	란세	false	false
亂中	란중	false	false
亂伐	란벌	false	false
亂伐하다	란벌하다	false	false
亂供	란공	false	false
亂供하다	란공하다	false	false
亂俗	란속	false	false
亂俗하다	란속하다	false	false
亂倫	란륜	false	false
亂倫悖德	란륜패덕	false	false
亂倫하다	란륜하다	false	false
亂入	란입	false	false
亂入하다	란입하다	false	false
亂兵	란병	false	false
亂刀	란도	false	false
亂刀질	란도질	false	false
亂刀질하다	란도질하다	false	false
亂刀하다	란도하다	false	false
亂分布	란분포	false	false
亂刺	란자	false	false
亂刺法	란자법	false	false
亂刺하다	란자하다	false	false
亂動	란동	false	false
亂動군	란동군	false	false
亂動하다	란동하다	false	false
亂反射	란반사	false	false
亂命	란명	false	false
亂唱	란창	false	false
亂唱하다	란창하다	false	false
亂啄	란탁	false	false
亂國	란국	false	false
亂場	란장	false	false
亂場질	란장질	false	false
亂場판	란장판	false	false
亂夢	란몽	false	false
亂婚	란혼	false	false
亂家	란가	false	false
亂局	란국	false	false
亂層雲	란층운	false	false
亂廛	란전	false	false
亂後	란후	false	false
亂心	란심	false	false
亂戰	란전	false	false
亂戰하다	란전하다	false	false
亂打	란타	false	false
亂打하다	란타하다	false	false
亂招	란초	false	false
亂擣	란도	false	false
亂擣하다	란도하다	false	false
亂政	란정	false	false
亂數	란수	false	false
亂日	란일	false	false
亂時	란시	false	false
亂暴하다	란포하다	false	false
亂杖	란장	false	false
亂杖刑	란장형	false	false
亂民	란민	false	false
亂法亂道	란법란도	false	false
亂波	란파	false	false
亂流	란류	false	false
亂獲	란획	false	false
亂用	란용	false	false
亂用하다	란용하다	false	false
亂畫	란화	false	false
亂發	란발	false	false
亂發하다	란발하다	false	false
亂立	란립	false	false
亂立하다	란립하다	false	false
亂筆	란필	false	false
亂脈	란맥	false	false
亂脈相	란맥상	false	false
亂臣	란신	false	false
亂臣賊子	란신적자	false	false
亂舞	란무	false	false
亂舞場	란무장	false	false
亂舞하다	란무하다	false	false
亂草	란초	false	false
亂行	란행	false	false
亂視	란시	false	false
亂視眼	란시안	false	false
亂視鏡	란시경	false	false
亂言	란언	false	false
亂調	란조	false	false
亂讀	란독	false	false
亂讀하다	란독하다	false	false
亂賊	란적	false	false
亂軍	란군	false	false
亂邦	란방	false	false
亂雜스럽다	란잡스럽다	false	false
亂離	란리	false	false
亂離판	란리판	false	false
亂類	란류	false	false
亂飛	란비	false	false
亂飛하다	란비하다	false	false
亂髮	란발	false	false
亂髮灰	란발회	false	false
亂鬪	란투	false	false
亂鬪劇	란투극	false	false
亂鬪하다	란투하다	false	false
亂麻	란마	false	false
亂黨	란당	false	false
亂판	란판	false	false
了債	료채	false	false
了債하다	료채하다	false	false
了役	료역	false	false
了役하다	료역하다	false	false
了得	료득	false	false
了悟	료오	false	false
了悟하다	료오하다	false	false
了結	료결	false	false
了結되다	료결되다	false	false
了結하다	료결하다	false	false
了義	료의	false	false
了義經	료의경	false	false
了解	료해	false	false
了解度	료해도	false	false
了解되다	료해되다	false	false
了解하다	료해하다	false	false
事事反對	사사반대	false	false
事事反對하다	사사반대하다	false	false
事事某事	사사모사	false	false
事件審理中止	사건심리중지	false	false
事件棄却	사건기각	false	false
事件組織	사건조직	false	false
事件線	사건선	false	false
事大妄想症	사대망상증	false	false
事大風	사대풍	false	false
事少功倍	사소공배	false	false
事役	사역	false	false
事業作風	사업작풍	false	false
事業總和	사업총화	false	false
事業마당	사업마당	false	false
事關	사관	false	false
二人運動	이인운동	false	false
二元燃料機關	이원연료기관	false	false
二分소리標	이분소리표	false	false
二十重式壓延機	이십중식압연기	false	false
二四分區	이사분구	false	false
二國籍	이국적	false	false
二尺底曳網	이척저예망	false	false
二尺機船底曳網	이척기선저예망	false	false
二律背反	이률배반	false	false
二條垂兒	이조수아	false	false
二極三極素子論理集積回路	이극삼극소자론리집적회로	false	false
二極素子論理回路	이극소자론리회로	false	false
二極電子管	이극전자관	false	false
二次冷媒	이차랭매	false	false
二次核燃料	이차핵연료	false	false
二次異狀마당	이차이상마당	false	false
二次金屬加工	이차금속가공	false	false
二次電波探知機	이차전파탐지기	false	false
二次마디	이차마디	false	false
二次세마디式	이차세마디식	false	false
二次잔구멍	이차잔구멍	false	false
二毛作型	이모작형	false	false
二相맞닿이	이상맞닿이	false	false
二硫化	이류화	false	false
二硫化炭素	이류화탄소	false	false
二級負荷	이급부하	false	false
二草栽培	이초재배	false	false
二萬五千里長征	이만오천리장정	false	false
二豆	이두	false	false
二連窓	이련창	false	false
二連音	이련음	false	false
二連音符	이련음부	false	false
二進式	이진식	false	false
二進式十進數	이진식십진수	false	false
二部構成文	이부구성문	false	false
二重動脈音	이중동맥음	false	false
二重千里馬	이중천리마	false	false
二重命名法	이중명명법	false	false
二重回轉臺式	이중회전대식	false	false
二重固定臺	이중고정대	false	false
二重子音	이중자음	false	false
二重屬和音	이중속화음	false	false
二重屬音	이중속음	false	false
二重平量法	이중평량법	false	false
二重從屬原則	이중종속원칙	false	false
二重英雄	이중영웅	false	false
二重補語	이중보어	false	false
二重規律	이중규률	false	false
二重變奏曲	이중변주곡	false	false
二重辭典	이중사전	false	false
二重遮音壁	이중차음벽	false	false
二重金屬印刷版	이중금속인쇄판	false	false
二重속빼기	이중속빼기	false	false
二項곁數	이항곁수	false	false
二각雄蕊	이각웅예	false	false
二값素子	이값소자	false	false
于歸	우귀	false	false
于歸날	우귀날	false	false
于歸하다	우귀하다	false	false
互助班	호조반	false	false
互助組	호조조	false	false
互相	호상	false	false
互相作用	호상작용	false	false
互相反則	호상반칙	false	false
互相溶解度	호상용해도	false	false
互相訓鍊	호상훈련	false	false
互相誘導	호상유도	false	false
互相間	호상간	false	false
互相防衛條約	호상방위조약	false	false
五一節	오일절	false	false
五人一波	오인일파	false	false
五人一黨	오인일당	false	false
五六	오륙	false	false
五冬至	오동지	false	false
五刃	오인	false	false
五分熱度	오분열도	false	false
五分熱度式	오분열도식	false	false
五列式보습	오렬식보습	false	false
五升生布	오승생포	false	false
五味子단물	오미자단물	false	false
五太	오태	false	false
五寸叔	오촌숙	false	false
五度律	오도률	false	false
五度둘레	오도둘레	false	false
五律	오률	false	false
五德型고인돌	오덕형고인돌	false	false
五性	오성	false	false
五恨	오한	false	false
五感的檢査	오감적검사	false	false
五戶擔當制	오호담당제	false	false
五戶擔當宣傳員	오호담당선전원	false	false
五政	오정	false	false
五方頭尾	오방두미	false	false
五服諫臣	오복간신	false	false
五毛作	오모작	false	false
五毛作하다	오모작하다	false	false
五氣	오기	false	false
五洋	오양	false	false
五疳알藥	오감알약	false	false
五穀雜밥	오곡잡밥	false	false
五臟六腑	오장륙부	false	false
五色筆	오색필	false	false
五色鳥	오색조	false	false
五色더구리	오색더구리	false	false
五行	오행	false	false
五角純털진드기	오각순털진드기	false	false
五角채찍벌레	오각채찍벌레	false	false
五階段	오계단	false	false
五階段採點法	오계단채점법	false	false
五雲宮中	오운궁중	false	false
五面鏡	오면경	false	false
五音調式	오음조식	false	false
五鹽化燐	오염화린	false	false
五點	오점	false	false
井字樂譜	정자악보	false	false
亞北極氣候帶	아북극기후대	false	false
亞城	아성	false	false
亞準位	아준위	false	false
亞熱帶줄기잎樹林帶	아열대줄기잎수림대	false	false
亞砒酸滴定	아비산적정	false	false
亞砒酸鐵	아비산철	false	false
亞硫酸法	아류산법	false	false
亞硫酸鹽法	아류산염법	false	false
亞細亞移住메뚜기	아세아이주메뚜기	false	false
亞裸多體	아라다체	false	false
亞赤道氣候	아적도기후	false	false
亞鉛燈	아연등	false	false
亞鉛燒鑛浸出	아연소광침출	false	false
亞鉛硫化鑛	아연류화광	false	false
亞鉛葺	아연즙	false	false
亞鉛鍍凸板	아연도철판	false	false
亞鉛鍍板	아연도판	false	false
亞鉛鍍金板	아연도금판	false	false
亞鉛찌끼	아연찌끼	false	false
亞高山	아고산	false	false
亞麻紡績機	아마방적기	false	false
亞麻織物	아마직물	false	false
亞麻깨묵	아마깨묵	false	false
亞麻씨	아마씨	false	false
亞麻씨粕	아마씨박	false	false
亞麻씨기름	아마씨기름	false	false
亞麻씨깨묵	아마씨깨묵	false	false
亡家漢	망가한	false	false
亡種氣	망종기	false	false
亡種牌	망종패	false	false
亡骨子孫	망골자손	false	false
亡수	망수	false	false
交代合列	교대합렬	false	false
交代性	교대성	false	false
交代곁數	교대곁수	false	false
交代뛰기	교대뛰기	false	false
交代뜨기	교대뜨기	false	false
交叉分岐機	교차분기기	false	false
交叉周波數	교차주파수	false	false
交叉戰術	교차전술	false	false
交叉混合器	교차혼합기	false	false
交叉生産	교차생산	false	false
交叉監視	교차감시	false	false
交叉遺傳	교차유전	false	false
交叉關係	교차관계	false	false
交換作業設備	교환작업설비	false	false
交換分岐點	교환분기점	false	false
交換則	교환칙	false	false
交換基	교환기	false	false
交換席	교환석	false	false
交換物數	교환물수	false	false
交換病歷書	교환병력서	false	false
交換貨物	교환화물	false	false
交換띠	교환띠	false	false
交撚실	교연실	false	false
交易收買	교역수매	false	false
交易穀	교역곡	false	false
交替拍子	교체박자	false	false
交沈菜	교침채	false	false
交流商品	교류상품	false	false
交流市場	교류시장	false	false
交流變換型直流增幅回路	교류변환형직류증폭회로	false	false
交流재개	교류재개	false	false
交用	교용	false	false
交通保護林	교통보호림	false	false
交通安全員	교통안전원	false	false
交通焦點	교통초점	false	false
交際	교제	false	false
交際하다	교제하다	false	false
交響話曲	교향화곡	false	false
交首接面	교수접면	false	false
享利品	향리품	false	false
京國	경국	false	false
京畿忠淸道方言	경기충청도방언	false	false
亭驛	정역	false	false
亮明하다	량명하다	false	false
亮直하다	량직하다	false	false
亮直히	량직히	false	false
亮窓	량창	false	false
亮陰	량음	false	false
人事態	인사태	false	false
人事발림	인사발림	false	false
人事빚	인사빚	false	false
人事판	인사판	false	false
人口再生곁수	인구재생곁수	false	false
人口自然增加率	인구자연증가률	false	false
人命不停	인명부정	false	false
人員隱蔽部	인원은페부	false	false
人山人波	인산인파	false	false
人工冠	인공관	false	false
人工冬眠療法	인공동면료법	false	false
人工時計	인공시계	false	false
人工流産	인공류산	false	false
人工火星衛星	인공화성위성	false	false
人工照明	인공조명	false	false
人工肺	인공페	false	false
人工膵臟	인공취장	false	false
人工降雨	인공강우	false	false
人工갑작變異	인공갑작변이	false	false
人工달衛星	인공달위성	false	false
人工달거울	인공달거울	false	false
人工뜨물	인공뜨물	false	false
人工물고기성에	인공물고기성에	false	false
人工알깨우기	인공알깨우기	false	false
人工잠깨우기	인공잠깨우기	false	false
人工추리기	인공추리기	false	false
人工피줄	인공피줄	false	false
人形	인형	false	false
人心德	인심덕	false	false
人情世界	인정세계	false	false
人情心理劇	인정심리극	false	false
人情線	인정선	false	false
人情겹다	인정겹다	false	false
人情싸다	인정싸다	false	false
人情주머니	인정주머니	false	false
人指가락	인지가락	false	false
人村	인촌	false	false
人格치	인격치	false	false
人民代表制	인민대표제	false	false
人民保健法	인민보건법	false	false
人民保健體操	인민보건체조	false	false
人民俳優	인민배우	false	false
人民創作	인민창작	false	false
人民參審員	인민참심원	false	false
人民口頭創作	인민구두창작	false	false
人民史	인민사	false	false
人民司書	인민사서	false	false
人民大學習堂	인민대학습당	false	false
人民奉仕	인민봉사	false	false
人民學校	인민학교	false	false
人民性	인민성	false	false
人民戰爭	인민전쟁	false	false
人民投票	인민투표	false	false
人民抗戰	인민항전	false	false
人民抗爭	인민항쟁	false	false
人民抗爭運動	인민항쟁운동	false	false
人民放送員	인민방송원	false	false
人民政府	인민정부	false	false
人民政權機關	인민정권기관	false	false
人民敎員	인민교원	false	false
人民敎育	인민교육	false	false
人民敎育體系	인민교육체계	false	false
人民文學	인민문학	false	false
人民暴動	인민폭동	false	false
人民會議	인민회의	false	false
人民歌謠	인민가요	false	false
人民民主主義制度	인민민주주의제도	false	false
人民民主主義國家	인민민주주의국가	false	false
人民民主主義政權	인민민주주의정권	false	false
人民民主主義獨裁	인민민주주의독재	false	false
人民民主主義獨裁政權	인민민주주의독재정권	false	false
人民民主主義革命	인민민주주의혁명	false	false
人民民主制度	인민민주제도	false	false
人民班	인민반	false	false
人民的品性	인민적품성	false	false
人民的文風	인민적문풍	false	false
人民的施策	인민적시책	false	false
人民的民主主義	인민적민주주의	false	false
人民的藝術	인민적예술	false	false
人民的資本主義	인민적자본주의	false	false
人民的資本主義論	인민적자본주의론	false	false
人民科學者	인민과학자	false	false
人民稱號	인민칭호	false	false
人民經濟	인민경제	false	false
人民經濟發展計劃	인민경제발전계획	false	false
人民經濟計劃	인민경제계획	false	false
人民義勇軍	인민의용군	false	false
人民藝術家	인민예술가	false	false
人民藥劑士	인민약제사	false	false
人民裁判所	인민재판소	false	false
人民解放運動	인민해방운동	false	false
人民記者	인민기자	false	false
人民設計家	인민설계가	false	false
人民賞	인민상	false	false
人民遊擊隊	인민유격대	false	false
人民遊擊鬪爭	인민유격투쟁	false	false
人民醫師	인민의사	false	false
人民革命	인민혁명	false	false
人民音樂	인민음악	false	false
人民體育	인민체육	false	false
人民體育人	인민체육인	false	false
人物線	인물선	false	false
人物繡	인물수	false	false
人物말	인물말	false	false
人生地點	인생지점	false	false
人生沙漠	인생사막	false	false
人生總和	인생총화	false	false
人皆常情	인개상정	false	false
人種徵表	인종징표	false	false
人種가림徵表	인종가림징표	false	false
人稱文	인칭문	false	false
人稱範疇	인칭범주	false	false
人稱述語	인칭술어	false	false
人絹多色緞	인견다색단	false	false
人絹文化緞	인견문화단	false	false
人絹法緞	인견법단	false	false
人絹洋緞	인견양단	false	false
人絹綾綢	인견릉주	false	false
人絹色동緞	인견색동단	false	false
人絹貢緞	인견공단	false	false
人絹뉴똥	인견뉴똥	false	false
人絹숙수	인견숙수	false	false
人絹실	인견실	false	false
人肉奴隷	인육노예	false	false
人蔘三七	인삼삼칠	false	false
人蔘미음	인삼미음	false	false
人蔘술	인삼술	false	false
人身不可侵	인신불가침	false	false
人車場	인차장	false	false
人造綿	인조면	false	false
人造기름	인조기름	false	false
人造꿀	인조꿀	false	false
人間	인간	false	false
人間外地	인간외지	false	false
人間形態學	인간형태학	false	false
人間樂	인간락	false	false
人間法則	인간법칙	false	false
人間肖像	인간초상	false	false
人間萬世	인간만세	false	false
人間關係	인간관계	false	false
人間머리	인간머리	false	false
人間재미	인간재미	false	false
人類無常	인류무상	false	false
人類紀	인류기	false	false
人類進化發展史	인류진화발전사	false	false
人體保險	인체보험	false	false
人골	인골	false	false
人끔	인끔	false	false
人줄	인줄	false	false
人턱	인턱	false	false
什長式	십장식	false	false
仁丹	인단	false	false
仁川풀모기	인천풀모기	false	false
仁興種	인흥종	false	false
仕宦熱	사환열	false	false
他勵磁	타려자	false	false
他律	타률	false	false
他聞	타문	false	false
他變數	타변수	false	false
付壁	부벽	false	false
仙人掌地衣	선인장지의	false	false
仙園道觀	선원도관	false	false
仙女구름	선녀구름	false	false
仙槎	선차	false	false
仙步	선보	false	false
代休勞力	대휴로력	false	false
代數的合	대수적합	false	false
代數的算法	대수적산법	false	false
代數的셈法	대수적셈법	false	false
代用燃料	대용연료	false	false
代用燃油	대용연유	false	false
代用牛乳	대용우유	false	false
代用物資	대용물자	false	false
代用皮	대용피	false	false
代用蛋白먹이	대용단백먹이	false	false
代用資材	대용자재	false	false
代用車票	대용차표	false	false
代用飼料	대용사료	false	false
代用가죽	대용가죽	false	false
代用동발	대용동발	false	false
代用먹이	대용먹이	false	false
代用젖	대용젖	false	false
代田	대전	false	false
代置商品	대치상품	false	false
代置物資	대치물자	false	false
代表會	대표회	false	false
代表證	대표증	false	false
代議員	대의원	false	false
代거리군	대거리군	false	false
令	령	false	false
令人	령인	false	false
令兄	령형	false	false
令公	령공	false	false
令出多門	령출다문	false	false
令前	령전	false	false
令史	령사	false	false
令名	령명	false	false
令堂	령당	false	false
令士	령사	false	false
令壻	령서	false	false
令大人	령대인	false	false
令夫人	령부인	false	false
令女	령녀	false	false
令妹	령매	false	false
令姊	령자	false	false
令姪	령질	false	false
令嬌	령교	false	false
令孃	령양	false	false
令字旗	령자기	false	false
令孫	령손	false	false
令室	령실	false	false
令寵	령총	false	false
令尊	령존	false	false
令尊大人	령존대인	false	false
令尹	령윤	false	false
令弟	령제	false	false
令後	령후	false	false
令德	령덕	false	false
令息	령식	false	false
令愛	령애	false	false
令抱	령포	false	false
令旗	령기	false	false
令旨	령지	false	false
令書	령서	false	false
令月	령월	false	false
令望	령망	false	false
令狀	령장	false	false
令甲	령갑	false	false
令監	령감	false	false
令監老親	령감로친	false	false
令監님	령감님	false	false
令監마님	령감마님	false	false
令監자	령감자	false	false
令監쟁이	령감쟁이	false	false
令監태기	령감태기	false	false
令監티	령감티	false	false
令箭	령전	false	false
令節	령절	false	false
令終	령종	false	false
令胤	령윤	false	false
令色	령색	false	false
令行禁止	령행금지	false	false
令調	령조	false	false
令譽	령예	false	false
令辰	령신	false	false
令郞	령랑	false	false
令飭	령칙	false	false
令飭하다	령칙하다	false	false
以上분	이상분	false	false
以上사람	이상사람	false	false
以零化整	이령화정	false	false
仰天涕泣	앙천체읍	false	false
仰瞰圖	앙감도	false	false
仰祝大賀	앙축대하	false	false
仰祝大賀하다	앙축대하하다	false	false
仰角紋	앙각문	false	false
仰送	앙송	false	false
仲介調	중개조	false	false
价川	개천	false	false
任內	임내	false	false
任務了解	임무료해	false	false
企業所	기업소	false	false
企業所價格	기업소가격	false	false
企業管理	기업관리	false	false
伍伴	오반	false	false
伍長	오장	false	false
伏中炎天	복중염천	false	false
伏哨長	복초장	false	false
伏射壕	복사호	false	false
伏獅里무덤떼	복사리무덤떼	false	false
伏거리	복거리	false	false
伐木處	벌목처	false	false
休息閣	휴식각	false	false
休息날	휴식날	false	false
休息터	휴식터	false	false
休憩	휴계	false	false
休憩室	휴계실	false	false
休憩所	휴계소	false	false
休憩하다	휴계하다	false	false
休暇金	휴가금	false	false
休段	휴단	false	false
休炭	휴탄	false	false
休炭하다	휴탄하다	false	false
休眠性	휴면성	false	false
休眠性알	휴면성알	false	false
休轉	휴전	false	false
休轉率	휴전률	false	false
休轉하다	휴전하다	false	false
休養券	휴양권	false	false
休養員	휴양원	false	false
休養團	휴양단	false	false
休養生	휴양생	false	false
休養閣	휴양각	false	false
休養군	휴양군	false	false
伯夷叔齊	백이숙제	false	false
伴來	반래	false	false
伶人	령인	false	false
伶俐하다	령리하다	false	false
伸延	신연	false	false
伸延하다	신연하다	false	false
伸張器	신장기	false	false
伽倻琴手	가야금수	false	false
伽倻琴獨竝唱	가야금독병창	false	false
伽倻琴다리	가야금다리	false	false
位格吐	위격토	false	false
位相分割多重化方法	위상분할다중화방법	false	false
位相差檢出器	위상차검출기	false	false
位相돌림回路	위상돌림회로	false	false
位置토	위치토	false	false
低位	저위	false	false
低備品	저비품	false	false
低劣兒	저렬아	false	false
低劣性	저렬성	false	false
低劣感	저렬감	false	false
低奚琴	저해금	false	false
低山性景觀	저산성경관	false	false
低床모	저상모	false	false
低廻	저회	false	false
低張	저장	false	false
低感症	저감증	false	false
低浮刻	저부각	false	false
低溫끓음層불間	저온끓음층불간	false	false
低熱	저열	false	false
低熱炭	저열탄	false	false
低狹하다	저협하다	false	false
低率	저률	false	false
低落差發電所	저락차발전소	false	false
低賤하다	저천하다	false	false
低速度錄畫器	저속도록화기	false	false
低速度飛行機	저속도비행기	false	false
低音	저음	false	false
低音區	저음구	false	false
低音標	저음표	false	false
低音記號	저음기호	false	false
低音피리	저음피리	false	false
住宅料	주택료	false	false
住宅資金	주택자금	false	false
住所變身器	주소변신기	false	false
住民區域	주민구역	false	false
住民地圖	주민지도	false	false
住民地理學	주민지리학	false	false
住民地點	주민지점	false	false
住民營養	주민영양	false	false
住民行政	주민행정	false	false
住民通信	주민통신	false	false
佐級	좌급	false	false
何如	하여	false	false
佚蕩껏	질탕껏	false	false
佛供之願	불공지원	false	false
佛供施主	불공시주	false	false
佛境	불경	false	false
佛家戒名	불가계명	false	false
佛工寺匠	불공사장	false	false
佛經	불경	false	false
佛陀聖衆	불타성중	false	false
作品圈	작품권	false	false
作戰區	작전구	false	false
作戰的密度	작전적밀도	false	false
作戰的思考	작전적사고	false	false
作戰藝術	작전예술	false	false
作料	작료	false	false
作束	작속	false	false
作束되다	작속되다	false	false
作束하다	작속하다	false	false
作業奉仕契約	작업봉사계약	false	false
作業掘進	작업굴진	false	false
作業探査	작업탐사	false	false
作業探索	작업탐색	false	false
作業機關	작업기관	false	false
作業流速	작업류속	false	false
作業班優待制	작업반우대제	false	false
作業舷	작업현	false	false
作業船	작업선	false	false
作業蓄電器	작업축전기	false	false
作業證	작업증	false	false
作物配置	작물배치	false	false
作用層	작용층	false	false
作白	작백	false	false
作白하다	작백하다	false	false
作稱	작칭	false	false
作群	작군	false	false
作群하다	작군하다	false	false
作義兄弟	작의형제	false	false
作銀	작은	false	false
作銀하다	작은하다	false	false
作食	작식	false	false
作食場	작식장	false	false
作食工作	작식공작	false	false
作食隊	작식대	false	false
作食터	작식터	false	false
佞惑	녕혹	false	false
佞惑하다	녕혹하다	false	false
佞臣	녕신	false	false
佩囊	패낭	false	false
佩物	패물	false	false
佩쪽	패쪽	false	false
佳友	가우	false	false
佳樹奇木	가수기목	false	false
佳筆	가필	false	false
使役相	사역상	false	false
使役군	사역군	false	false
使者밥	사자밥	false	false
使館貿易	사관무역	false	false
來世	래세	false	false
來世觀	래세관	false	false
來人去客	래인거객	false	false
來任	래임	false	false
來任하다	래임하다	false	false
來來年	래래년	false	false
來來月	래래월	false	false
來侵	래침	false	false
來侵하다	래침하다	false	false
來便	래편	false	false
來信	래신	false	false
來到	래도	false	false
來到하다	래도하다	false	false
來參	래참	false	false
來參하다	래참하다	false	false
來同	래동	false	false
來同하다	래동하다	false	false
來報	래보	false	false
來報하다	래보하다	false	false
來孫	래손	false	false
來客	래객	false	false
來年	래년	false	false
來往	래왕	false	false
來往間	래왕간	false	false
來往군	래왕군	false	false
來往하다	래왕하다	false	false
來後年	래후년	false	false
來後달	래후달	false	false
來意	래의	false	false
來攻	래공	false	false
來攻하다	래공하다	false	false
來日	래일	false	false
來日모레	래일모레	false	false
來明年	래명년	false	false
來春	래춘	false	false
來書	래서	false	false
來月	래월	false	false
來朝	래조	false	false
來朝하다	래조하다	false	false
來歷	래력	false	false
來歷表	래력표	false	false
來泊	래박	false	false
來泊하다	래박하다	false	false
來獻	래헌	false	false
來獻하다	래헌하다	false	false
來生	래생	false	false
來由	래유	false	false
來番週	래번주	false	false
來着	래착	false	false
來着하다	래착하다	false	false
來示	래시	false	false
來示하다	래시하다	false	false
來秋	래추	false	false
來聞	래문	false	false
來聞하다	래문하다	false	false
來脈	래맥	false	false
來臨	래림	false	false
來臨釋	래림석	false	false
來臨하다	래림하다	false	false
來航	래항	false	false
來航하다	래항하다	false	false
來襲	래습	false	false
來襲하다	래습하다	false	false
來訪	래방	false	false
來訪하다	래방하다	false	false
來談	래담	false	false
來謁	래알	false	false
來謁하다	래알하다	false	false
來貢	래공	false	false
來貢하다	래공하다	false	false
來賓	래빈	false	false
來迎	래영	false	false
來迎하다	래영하다	false	false
來週	래주	false	false
來遊	래유	false	false
來遊期	래유기	false	false
來遊하다	래유하다	false	false
來降	래항	false	false
來降하다	래항하다	false	false
來院	래원	false	false
來院率	래원률	false	false
來院하다	래원하다	false	false
來電	래전	false	false
來電하다	래전하다	false	false
來頭	래두	false	false
來頭事	래두사	false	false
來駐	래주	false	false
來駐하다	래주하다	false	false
來龍	래룡	false	false
來달	래달	false	false
例	례	false	false
例下	례하	false	false
例下하다	례하하다	false	false
例事	례사	false	false
例事로이	례사로이	false	false
例事롭다	례사롭다	false	false
例件	례건	false	false
例作府	례작부	false	false
例兼	례겸	false	false
例句	례구	false	false
例問	례문	false	false
例問하다	례문하다	false	false
例外	례외	false	false
例套	례투	false	false
例封	례봉	false	false
例封하다	례봉하다	false	false
例常事	례상사	false	false
例常일	례상일	false	false
例年	례년	false	false
例式	례식	false	false
例批	례비	false	false
例擧	례거	false	false
例擧하다	례거하다	false	false
例文	례문	false	false
例會	례회	false	false
例格	례격	false	false
例病	례병	false	false
例示	례시	false	false
例示되다	례시되다	false	false
例示하다	례시하다	false	false
例祭	례제	false	false
例納	례납	false	false
例納하다	례납하다	false	false
例規	례규	false	false
例解	례해	false	false
例解하다	례해하다	false	false
例言	례언	false	false
例談	례담	false	false
例證	례증	false	false
例證하다	례증하다	false	false
例送	례송	false	false
例送하다	례송하다	false	false
例陞	례승	false	false
例陞하다	례승하다	false	false
例題	례제	false	false
例飭	례칙	false	false
例컨대	례컨대	false	false
例하다	례하다	false	false
侍臨	시림	false	false
侍臨하다	시림하다	false	false
侏張하다	주장하다	false	false
供給制	공급제	false	false
供給契約	공급계약	false	false
供給手	공급수	false	false
供給桶	공급통	false	false
供運	공운	false	false
供運하다	공운하다	false	false
依在	의재	false	false
依在하다	의재하다	false	false
侵入反則	침입반칙	false	false
侵入式鑿巖機	침입식착암기	false	false
侵犯軍	침범군	false	false
侵略輩	침략배	false	false
侵鑿機	침착기	false	false
便宜協同組合	편의협동조합	false	false
便宜回路	편의회로	false	false
便宜奉仕	편의봉사	false	false
便宜奉仕員	편의봉사원	false	false
便宜奉仕網	편의봉사망	false	false
便宜網	편의망	false	false
便宜金庫	편의금고	false	false
便將	편장	false	false
便所間	변소간	false	false
便紙體	편지체	false	false
便紙體小說	편지체소설	false	false
便美하다	편미하다	false	false
便車	편거	false	false
便역	편역	false	false
促進競技	촉진경기	false	false
促하다	촉하다	false	false
俊味	준미	false	false
俊爽하다	준상하다	false	false
俊聲	준성	false	false
俊鷹	준응	false	false
俏擺春風	초파춘풍	false	false
俗	속	false	false
俗流進化論	속류진화론	false	false
俗畫	속화	false	false
俚俗하다	리속하다	false	false
俚歌	리가	false	false
俚言	리언	false	false
俚語	리어	false	false
俚諺	리언	false	false
俚謠	리요	false	false
保佐藥	보좌약	false	false
保健中心	보건중심	false	false
保健法	보건법	false	false
保健組織學	보건조직학	false	false
保壁	보벽	false	false
保壁管	보벽관	false	false
保存的療法	보존적료법	false	false
保存마당	보존마당	false	false
保存힘	보존힘	false	false
保安事業	보안사업	false	false
保安員	보안원	false	false
保安機關	보안기관	false	false
保安殘柱	보안잔주	false	false
保安署	보안서	false	false
保安隊	보안대	false	false
保機	보기	false	false
保溫層	보온층	false	false
保溫帶	보온대	false	false
保溫灌漑	보온관개	false	false
保溫車	보온차	false	false
保溫띠	보온띠	false	false
保溫짐函	보온짐함	false	false
保育員	보육원	false	false
保育所	보육소	false	false
保薦	보천	false	false
保薦하다	보천하다	false	false
保衛色	보위색	false	false
保衛隊	보위대	false	false
保護中性化	보호중성화	false	false
保護兵	보호병	false	false
保護劑	보호제	false	false
保護帽	보호모	false	false
保護度	보호도	false	false
保護接地母線	보호접지모선	false	false
保護木	보호목	false	false
保護柵	보호책	false	false
保護機資材	보호기자재	false	false
保護欄干	보호란간	false	false
保護石	보호석	false	false
保護種	보호종	false	false
保護綠地	보호록지	false	false
保護膜	보호막	false	false
保護臺	보호대	false	false
保護船	보호선	false	false
保護遮陽	보호채양	false	false
保護防禦	보호방어	false	false
保護고리	보호고리	false	false
保護기둥	보호기둥	false	false
保護바자	보호바자	false	false
保護숲	보호숲	false	false
保讚	보찬	false	false
保讚하다	보찬하다	false	false
保身分子	보신분자	false	false
保釋品	보석품	false	false
保障地	보장지	false	false
保障組	보장조	false	false
保障處分	보장처분	false	false
保險戰	보험전	false	false
保養所	보양소	false	false
保養生	보양생	false	false
保養閣	보양각	false	false
信憑感	신빙감	false	false
信正	신정	false	false
信號品質檢査方式	신호품질검사방식	false	false
信號哨所	신호초소	false	false
信號探照燈	신호탐조등	false	false
信號樂	신호악	false	false
信號標識	신호표식	false	false
信號燈불	신호등불	false	false
信號片	신호편	false	false
信號線	신호선	false	false
信號追跡器	신호추적기	false	false
信號지레臺	신호지레대	false	false
修整齒車	수정치차	false	false
修整곁數	수정곁수	false	false
修業狀	수업장	false	false
修正主義病菌	수정주의병균	false	false
修正腐蝕	수정부식	false	false
修理水門	수리수문	false	false
修築加工	수축가공	false	false
修築加工되다	수축가공되다	false	false
修築加工하다	수축가공하다	false	false
修飾辭	수식사	false	false
俱卒	구졸	false	false
俱卒하다	구졸하다	false	false
俱樂部	구락부	false	false
俱樂部化	구락부화	false	false
俱樂部化하다	구락부화하다	false	false
倂合症	병합증	false	false
倂合關節	병합관절	false	false
倂現	병현	false	false
倂現하다	병현하다	false	false
倂罷	병파	false	false
倉庾	창유	false	false
倉敖	창오	false	false
倉菌	창균	false	false
個人主義的生命觀	개인주의적생명관	false	false
個人出世主義	개인출세주의	false	false
個人副業	개인부업	false	false
個人副業經理	개인부업경리	false	false
個人商工業	개인상공업	false	false
個人商業	개인상업	false	false
個人團體競技	개인단체경기	false	false
個人戰壕	개인전호	false	false
個人法人	개인법인	false	false
個人經理	개인경리	false	false
個人繃帶	개인붕대	false	false
個人責任制	개인책임제	false	false
個人農	개인농	false	false
個人農業	개인농업	false	false
個人農業經理	개인농업경리	false	false
個人農民	개인농민	false	false
個人農民經理	개인농민경리	false	false
個人農經理	개인농경리	false	false
個人都給制	개인도급제	false	false
個人都給支拂制	개인도급지불제	false	false
個人都給賃金制	개인도급임금제	false	false
個人터밭	개인터밭	false	false
個別傳動	개별전동	false	false
個別分工	개별분공	false	false
個別契約	개별계약	false	false
個別情報量	개별정보량	false	false
個別敎養	개별교양	false	false
個別油壓동발	개별유압동발	false	false
個別潤滑	개별윤활	false	false
個別的人士	개별적인사	false	false
個別的價値	개별적가치	false	false
個別的文件	개별적문건	false	false
個別的인것	개별적인것	false	false
個別經濟法則	개별경제법칙	false	false
個別設計	개별설계	false	false
個別談話	개별담화	false	false
個別責任制	개별책임제	false	false
個別走路	개별주로	false	false
個別동발	개별동발	false	false
個別쇠동발	개별쇠동발	false	false
個品檢査	개품검사	false	false
個數짐	개수짐	false	false
個體生活	개체생활	false	false
個體衛生	개체위생	false	false
個體고르기	개체고르기	false	false
個體무리	개체무리	false	false
個體무리構造	개체무리구조	false	false
倍加器具	배가기구	false	false
倍勇하다	배용하다	false	false
倍數植物	배수식물	false	false
倍角法	배각법	false	false
倍電壓整流回路	배전압정류회로	false	false
倒睫	도첩	false	false
倒睫捲毛	도첩권모	false	false
倒立轉回	도립전회	false	false
候補地	후보지	false	false
候補家禽	후보가금	false	false
候補院士	후보원사	false	false
候補黨員	후보당원	false	false
候補닭	후보닭	false	false
候補먹이	후보먹이	false	false
候補우리	후보우리	false	false
倦索	권삭	false	false
倨傲放恣하다	거오방자하다	false	false
倨慢症	거만증	false	false
倩人	청인	false	false
倩人하다	청인하다	false	false
倫序	륜서	false	false
倫理	륜리	false	false
倫理學	륜리학	false	false
倫理觀	륜리관	false	false
倫理說	륜리설	false	false
倫紀	륜기	false	false
倫義	륜의	false	false
倭농어	왜농어	false	false
假妊	가임	false	false
假定所有	가정소유	false	false
假宿舍	가숙사	false	false
假想源泉	가상원천	false	false
假想的待機時間	가상적대기시간	false	false
假想記憶器	가상기억기	false	false
假戰壕	가전호	false	false
假排水路	가배수로	false	false
假景	가경	false	false
假段丘	가단구	false	false
假泊作業	가박작업	false	false
假熱性	가열성	false	false
假紙幣	가지페	false	false
假終止	가종지	false	false
假聲區	가성구	false	false
假肋	가륵	false	false
假裝衣裳	가장의상	false	false
假設橋	가설교	false	false
假設舍	가설사	false	false
假貨幣	가화페	false	false
假酸性	가산성	false	false
假陣地	가진지	false	false
假面鬱病	가면울병	false	false
假鷄舍	가계사	false	false
假물막이뚝	가물막이뚝	false	false
假젖劑	가젖제	false	false
假짜同志	가짜동지	false	false
假짜壁	가짜벽	false	false
假짜松津홈	가짜송진홈	false	false
假짜渡河場	가짜도하장	false	false
假짜瞳子	가짜동자	false	false
假짜結核	가짜결핵	false	false
假짜聲門	가짜성문	false	false
假짜風	가짜풍	false	false
假짜갈비뼈	가짜갈비뼈	false	false
假짜꽃	가짜꽃	false	false
假짜마디	가짜마디	false	false
假짜미친개病	가짜미친개병	false	false
假짜발	가짜발	false	false
假짜뼈	가짜뼈	false	false
假짜뿌리	가짜뿌리	false	false
假짜속살	가짜속살	false	false
假짜수꽃술	가짜수꽃술	false	false
假짜씨껍질	가짜씨껍질	false	false
假짜잎	가짜잎	false	false
假짜죽음	가짜죽음	false	false
偉勳談	위훈담	false	false
偉容스럽다	위용스럽다	false	false
偉容스레	위용스레	false	false
偉烈	위렬	false	false
偏嬖	편페	false	false
偏審	편심	false	false
偏審하다	편심하다	false	false
偏尙	편상	false	false
偏尙하다	편상하다	false	false
偏心機關	편심기관	false	false
偏心누름荷重	편심누름하중	false	false
偏心당김荷重	편심당김하중	false	false
偏次原理	편차원리	false	false
偏黨心	편당심	false	false
停居	정거	false	false
停居하다	정거하다	false	false
停車信號雷管	정차신호뢰관	false	false
停雲	정운	false	false
健康管理部	건강관리부	false	false
健行	건행	false	false
側兵	측병	false	false
側審	측심	false	false
側帶波檢波	측대파검파	false	false
側徑	측경	false	false
側攻法	측공법	false	false
側柏나무잎	측백나무잎	false	false
側柏재이끼	측백재이끼	false	false
側溝擁壁	측구옹벽	false	false
側面때리기	측면때리기	false	false
側題	측제	false	false
偵察掃海	정찰소해	false	false
偵察斥候隊	정찰척후대	false	false
偵察線	정찰선	false	false
偵察鏡	정찰경	false	false
偵察飛行機具	정찰비행기구	false	false
偵探物	정탐물	false	false
偶然信號	우연신호	false	false
偶然分子	우연분자	false	false
偶然的價値形態	우연적가치형태	false	false
偶然誤謬	우연오유	false	false
偶然量	우연량	false	false
偶然먹이	우연먹이	false	false
傀儡軍살이	괴뢰군살이	false	false
傀面	괴면	false	false
傍唱臺	방창대	false	false
傍接圓周	방접원주	false	false
傍接圓둘레	방접원둘레	false	false
傍甲狀腺	방갑상선	false	false
傍甲狀腺機能亢進症	방갑상선기능항진증	false	false
傍甲狀腺機能低下症	방갑상선기능저하증	false	false
備取生	비취생	false	false
備忘手帖	비망수첩	false	false
備忘錄	비망록	false	false
傝䢇하다	탑용하다	false	false
催淚性毒害物	최루성독해물	false	false
傭僕	용복	false	false
傲世	오세	false	false
傲世客	오세객	false	false
傲世하다	오세하다	false	false
傲很	오흔	false	false
傲惰하다	오타하다	false	false
傲睨	오예	false	false
傲睨하다	오예하다	false	false
傲語	오어	false	false
傲骨	오골	false	false
傳令군	전령군	false	false
傳動사슬	전동사슬	false	false
傳尸	전시	false	false
傳染	전염	false	false
傳染性牙口瘡	전염성아구창	false	false
傳染性蛋白細胞症	전염성단백세포증	false	false
傳染性邨排泄腔囊炎	전염성촌배설강낭염	false	false
傳染性붉은꽃	전염성붉은꽃	false	false
傳爆能力	전폭능력	false	false
傳爆試驗	전폭시험	false	false
傳爆距離	전폭거리	false	false
傳神	전신	false	false
傳神하다	전신하다	false	false
傳票冊	전표책	false	false
傳統的提喩	전통적제유	false	false
傳置	전치	false	false
傳薪	전신	false	false
傳薪하다	전신하다	false	false
傳記家	전기가	false	false
傳說演劇	전설연극	false	false
傳說舞踊	전설무용	false	false
傳贊	전찬	false	false
傳贊하다	전찬하다	false	false
傳車	전거	false	false
傳送色信號多重化	전송색신호다중화	false	false
傳送북	전송북	false	false
傳道	전도	false	false
傳達語	전달어	false	false
傳達遲延	전달지연	false	false
傳達곁數	전달곁수	false	false
傳達곁數調整	전달곁수조정	false	false
傳馬차개그물	전마차개그물	false	false
傳點	전점	false	false
債務者遲延	채무자지연	false	false
債怪	채괴	false	false
傷寒六法	상한륙법	false	false
傷者	상자	false	false
傷食	상식	false	false
傷치다	상치다	false	false
傷한欠	상한흠	false	false
傾倒바람	경도바람	false	false
傾心半徑	경심반경	false	false
傾斜坑道	경사갱도	false	false
傾斜壓延	경사압연	false	false
傾斜層결	경사층결	false	false
傾斜接合	경사접합	false	false
傾斜蹄	경사제	false	false
傾斜받이	경사받이	false	false
傾斜발板	경사발판	false	false
傾斜이발齒車	경사이발치차	false	false
傾草機	경초기	false	false
僅敝	근페	false	false
像	상	false	false
僚友	료우	false	false
僚堂	료당	false	false
僚屬	료속	false	false
僚相	료상	false	false
僚船	료선	false	false
僚艇	료정	false	false
僚誼	료의	false	false
僚輩	료배	false	false
僞分層	위분층	false	false
僞善쟁이	위선쟁이	false	false
僞善질	위선질	false	false
僞裝木	위장목	false	false
僧伽四衆	승가사중	false	false
僧意	승의	false	false
僧데기	승데기	false	false
僭望	참망	false	false
僭望者	참망자	false	false
價値社會	가치사회	false	false
價格偏差金	가격편차금	false	false
價格制定學	가격제정학	false	false
價格均衡	가격균형	false	false
價格基準	가격기준	false	false
價格差金	가격차금	false	false
價格格差	가격격차	false	false
價格格差金	가격격차금	false	false
價格種類	가격종류	false	false
價格計劃化	가격계획화	false	false
價格鬪爭	가격투쟁	false	false
僻出	벽출	false	false
儀禮相換	의례상환	false	false
儀禮相換하다	의례상환하다	false	false
儀禮訪問	의례방문	false	false
儀葬隊	의장대	false	false
億年財富	억년재부	false	false
億絲鐵絲	억사철사	false	false
億萬財富	억만재부	false	false
億萬나락	억만나락	false	false
儉約節食	검약절식	false	false
優位性	우위성	false	false
優位觀念	우위관념	false	false
優劣	우렬	false	false
優劣轉換	우렬전환	false	false
優勢現象	우세현상	false	false
優待制	우대제	false	false
優待基金	우대기금	false	false
優待物資	우대물자	false	false
優待米	우대미	false	false
優待몫	우대몫	false	false
優性法則	우성법칙	false	false
優然하다	우연하다	false	false
優缺點	우결점	false	false
優良種穀	우량종곡	false	false
優良質	우량질	false	false
儲子	저자	false	false
儲書	저서	false	false
儲米	저미	false	false
儷文	려문	false	false
元勳殊功	원훈수공	false	false
元素地球化學	원소지구화학	false	false
元素週期法則	원소주기법칙	false	false
元間	원간	false	false
元間房	원간방	false	false
元間말	원간말	false	false
元間집	원간집	false	false
元가마	원가마	false	false
元그루	원그루	false	false
元대	원대	false	false
元대가지치기	원대가지치기	false	false
元말	원말	false	false
元채집	원채집	false	false
兄弟黨	형제당	false	false
充塡劑	충전제	false	false
充塡車	충전차	false	false
充塡말뚝	충전말뚝	false	false
充塡흙	충전흙	false	false
充滿곁數	충만곁수	false	false
充足理由의法則	충족리유의법칙	false	false
兆占	조점	false	false
兇仗	흉장	false	false
兇妄스럽다	흉망스럽다	false	false
兇妄스레	흉망스레	false	false
兇氣스럽다	흉기스럽다	false	false
兇氣스레	흉기스레	false	false
兇狂	흉광	false	false
兇症	흉증	false	false
先令監	선령감	false	false
先借金	선차금	false	false
先利子	선리자	false	false
先制打擊	선제타격	false	false
先制打擊하다	선제타격하다	false	false
先在	선재	false	false
先天性바보	선천성바보	false	false
先妻댁	선처댁	false	false
先導氣流	선도기류	false	false
先導輪	선도륜	false	false
先山	선산	false	false
先幣金	선페금	false	false
先槍군	선창군	false	false
先烈	선렬	false	false
先生旗	선생기	false	false
先發蠶	선발잠	false	false
先者	선자	false	false
先行官	선행관	false	false
先通군	선통군	false	false
先進分子	선진분자	false	false
先進黨	선진당	false	false
先過去	선과거	false	false
先遣區分隊	선견구분대	false	false
先鋒郡	선봉군	false	false
先錢	선전	false	false
先頭像	선두상	false	false
先驅車	선구차	false	false
先곬	선곬	false	false
先길	선길	false	false
先대거리	선대거리	false	false
先먼저	선먼저	false	false
先삯	선삯	false	false
先새벽	선새벽	false	false
先손치기	선손치기	false	false
先잡이	선잡이	false	false
先줄	선줄	false	false
先줄군	선줄군	false	false
先코	선코	false	false
光學式錄音	광학식록음	false	false
光學文字읽기裝置	광학문자읽기장치	false	false
光學照尺	광학조척	false	false
光學燈臺	광학등대	false	false
光學的質量	광학적질량	false	false
光學的길이	광학적길이	false	false
光學經緯儀	광학경위의	false	false
光容度	광용도	false	false
光復戰	광복전	false	false
光復萬里	광복만리	false	false
光散亂光度計	광산란광도계	false	false
光明星	광명성	false	false
光榮之至	광영지지	false	false
光榮無雙하다	광영무쌍하다	false	false
光澤靑쉬파리	광택청쉬파리	false	false
光率體	광률체	false	false
光磨	광마	false	false
光磨盤	광마반	false	false
光線孵化	광선부화	false	false
光線植字	광선식자	false	false
光線植字機	광선식자기	false	false
光線術	광선술	false	false
光線기둥	광선기둥	false	false
光線묶음	광선묶음	false	false
光重合印刷版	광중합인쇄판	false	false
光錄音	광록음	false	false
光電選鑛	광전선광	false	false
免脫	면탈	false	false
免脫하다	면탈하다	false	false
免費敎育	면비교육	false	false
免黜	면출	false	false
免黜되다	면출되다	false	false
免黜하다	면출하다	false	false
兒將級	아장급	false	false
兒枝構成	아지구성	false	false
兒枝番號	아지번호	false	false
兒枝肥料	아지비료	false	false
兒枝따기	아지따기	false	false
兒枝따기工	아지따기공	false	false
兒枝딴나무	아지딴나무	false	false
兒枝마디	아지마디	false	false
兒枝밀	아지밀	false	false
兒枝치기	아지치기	false	false
兒枝치는때	아지치는때	false	false
兒童區	아동구	false	false
兒童園	아동원	false	false
兒童宮殿	아동궁전	false	false
兒童歌謠	아동가요	false	false
兒童畫	아동화	false	false
兒童遊園	아동유원	false	false
兔山	토산	false	false
兔山郡	토산군	false	false
兔頭骨	토두골	false	false
兔날	토날	false	false
兔날拘忌	토날구기	false	false
兔실	토실	false	false
兜鍪	도무	false	false
入出口	입출구	false	false
入出口裝置	입출구장치	false	false
入出口이음部	입출구이음부	false	false
入匣工	입갑공	false	false
入匣機	입갑기	false	false
入口品	입구품	false	false
入口回路	입구회로	false	false
入口容量	입구용량	false	false
入口形式	입구형식	false	false
入口裝置	입구장치	false	false
入口言語	입구언어	false	false
入口變成器	입구변성기	false	false
入口資料	입구자료	false	false
入口당김줄	입구당김줄	false	false
入場隊形	입장대형	false	false
入室	입실	false	false
入室하다	입실하다	false	false
入幕	입막	false	false
入槨機	입곽기	false	false
入院率	입원률	false	false
內凶	내흉	false	false
內凶스럽다	내흉스럽다	false	false
內凶스레	내흉스레	false	false
內凶하다	내흉하다	false	false
內割	내할	false	false
內務員	내무원	false	false
內務機關	내무기관	false	false
內務署	내무서	false	false
內務署員	내무서원	false	false
內務部	내무부	false	false
內務일군	내무일군	false	false
內囊	내낭	false	false
內因作用	내인작용	false	false
內因地質作用	내인지질작용	false	false
內因鑛床	내인광상	false	false
內因鑛物	내인광물	false	false
內在論	내재론	false	false
內地向斜	내지향사	false	false
內地背斜	내지배사	false	false
內堆石	내퇴석	false	false
內外市場	내외시장	false	false
內外손님	내외손님	false	false
內嬖	내페	false	false
內張板	내장판	false	false
內探군	내탐군	false	false
內流流域	내류류역	false	false
內淋巴	내림파	false	false
內灣形	내만형	false	false
內灣形養食場	내만형양식장	false	false
內燃化	내연화	false	false
內燃筒	내연통	false	false
內爆電動機	내폭전동기	false	false
內疾	내질	false	false
內的敎養	내적교양	false	false
內的聯關	내적련관	false	false
內的힘	내적힘	false	false
內禮	내례	false	false
內粧品	내장품	false	false
內臟品	내장품	false	false
內臟활	내장활	false	false
內藏물리개	내장물리개	false	false
內行	내행	false	false
內表兄弟	내표형제	false	false
內變	내변	false	false
內質網	내질망	false	false
內部互換性	내부호환성	false	false
內部制止	내부제지	false	false
內部標識法	내부표식법	false	false
內部網	내부망	false	false
內部裝幀	내부장정	false	false
內部豫備	내부예비	false	false
內部鬪爭	내부투쟁	false	false
內部쓸림	내부쓸림	false	false
內部쪼임	내부쪼임	false	false
內金	내금	false	false
內陸地帶	내륙지대	false	false
內陸循環	내륙순환	false	false
內陸炭밭	내륙탄밭	false	false
內陸高	내륙고	false	false
內面旋削盤	내면선삭반	false	false
內面獨白	내면독백	false	false
內面齒車	내면치차	false	false
內龍骨	내룡골	false	false
內살치數	내살치수	false	false
全丁	전정	false	false
全主	전주	false	false
全人	전인	false	false
全人防禦	전인방어	false	false
全刈	전애	false	false
全刈하다	전애하다	false	false
全卵粉	전란분	false	false
全原像	전원상	false	false
全口	전구	false	false
全固執퉁이	전고집퉁이	false	false
全圍	전위	false	false
全圍되다	전위되다	false	false
全圍하다	전위하다	false	false
全塞	전색	false	false
全塞되다	전색되다	false	false
全塞하다	전색하다	false	false
全層거름주기	전층거름주기	false	false
全布	전포	false	false
全庫	전고	false	false
全景	전경	false	false
全景映畫	전경영화	false	false
全景畫	전경화	false	false
全權黨	전권당	false	false
全歸	전귀	false	false
全用水量	전용수량	false	false
全用논도랑	전용논도랑	false	false
全甲	전갑	false	false
全自動光線植字機	전자동광선식자기	false	false
全自動植字機	전자동식자기	false	false
全般思想	전반사상	false	false
全般的中等義務敎育制度	전반적중등의무교육제도	false	false
全般的九年制技術義務敎育	전반적구년제기술의무교육	false	false
全般的初等義務敎育	전반적초등의무교육	false	false
全般的十一年制義務敎育	전반적십일년제의무교육	false	false
全般的十年制高中義務敎育	전반적십년제고중의무교육	false	false
全般的技術義務敎育	전반적기술의무교육	false	false
全般的無償治療	전반적무상치료	false	false
全般的無料敎育	전반적무료교육	false	false
全般的無料義務敎育	전반적무료의무교육	false	false
全般的義務敎育	전반적의무교육	false	false
全般的高等義務敎育	전반적고등의무교육	false	false
全面造林	전면조림	false	false
全面구들	전면구들	false	false
全鰒껍데기	전복껍데기	false	false
全탕	전탕	false	false
兩	량	false	false
兩中	량중	false	false
兩主	량주	false	false
兩主不和煞	량주불화살	false	false
兩主분	량주분	false	false
兩人	량인	false	false
兩代	량대	false	false
兩位	량위	false	false
兩位분	량위분	false	false
兩便	량편	false	false
兩便公事	량편공사	false	false
兩便짝	량편짝	false	false
兩便쪽	량편쪽	false	false
兩便하다	량편하다	false	false
兩儀	량의	false	false
兩全花	량전화	false	false
兩全하다	량전하다	false	false
兩刀論法	량도론법	false	false
兩刃刀	량인도	false	false
兩分	량분	false	false
兩分되다	량분되다	false	false
兩分하다	량분하다	false	false
兩南	량남	false	false
兩司	량사	false	false
兩司諸臺	량사제대	false	false
兩國	량국	false	false
兩地	량지	false	false
兩堂	량당	false	false
兩場初試	량장초시	false	false
兩場進士	량장진사	false	false
兩多하다	량다하다	false	false
兩失	량실	false	false
兩失하다	량실하다	false	false
兩宗	량종	false	false
兩宮	량궁	false	false
兩家	량가	false	false
兩家獨子	량가독자	false	false
兩寡分悲	량과분비	false	false
兩岐	량기	false	false
兩岸	량안	false	false
兩峯駝	량봉타	false	false
兩年	량년	false	false
兩府	량부	false	false
兩役	량역	false	false
兩得	량득	false	false
兩得하다	량득하다	false	false
兩心相印	량심상인	false	false
兩心相印하다	량심상인하다	false	false
兩性	량성	false	false
兩性元素	량성원소	false	false
兩性化合物	량성화합물	false	false
兩性樹脂	량성수지	false	false
兩性水酸化物	량성수산화물	false	false
兩性生殖	량성생식	false	false
兩性腺	량성선	false	false
兩性酸化物	량성산화물	false	false
兩性電解質	량성전해질	false	false
兩性꽃	량성꽃	false	false
兩感傷寒	량감상한	false	false
兩手	량수	false	false
兩手兼將	량수겸장	false	false
兩手執餠	량수집병	false	false
兩手据地	량수거지	false	false
兩手据地하다	량수거지하다	false	false
兩手거之	량수거지	false	false
兩手거之하다	량수거지하다	false	false
兩手걸이	량수걸이	false	false
兩手잡이	량수잡이	false	false
兩手잡이하다	량수잡이하다	false	false
兩斷	량단	false	false
兩斷法	량단법	false	false
兩斷論法	량단론법	false	false
兩斷되다	량단되다	false	false
兩斷하다	량단하다	false	false
兩方	량방	false	false
兩日	량일	false	false
兩日瘧	량일학	false	false
兩是雙非	량시쌍비	false	false
兩書	량서	false	false
兩書分明	량서분명	false	false
兩書分明하다	량서분명하다	false	false
兩朝	량조	false	false
兩本位制	량본위제	false	false
兩枝槍	량지창	false	false
兩條	량조	false	false
兩棲	량서	false	false
兩極	량극	false	false
兩極化	량극화	false	false
兩極化하다	량극화하다	false	false
兩極機械的加工	양극기계적가공	false	false
兩極端	량극단	false	false
兩次	량차	false	false
兩殿	량전	false	false
兩水尺	량수척	false	false
兩湖	량호	false	false
兩狹하다	량협하다	false	false
兩班	량반	false	false
兩班傳	량반전	false	false
兩班式	량반식	false	false
兩班村	량반촌	false	false
兩班者	량반자	false	false
兩班鄕	량반향	false	false
兩班걸음	량반걸음	false	false
兩班광대	량반광대	false	false
兩班집	량반집	false	false
兩班춤	량반춤	false	false
兩班탈	량반탈	false	false
兩用	량용	false	false
兩用하다	량용하다	false	false
兩用호리	량용호리	false	false
兩界	량계	false	false
兩相	량상	false	false
兩相軟膏	량상연고	false	false
兩眉	량미	false	false
兩眉春山	량미춘산	false	false
兩眉間	량미간	false	false
兩眼	량안	false	false
兩眼視	량안시	false	false
兩短	량단	false	false
兩石	량석	false	false
兩石지기	량석지기	false	false
兩窮相合	량궁상합	false	false
兩立	량립	false	false
兩立하다	량립하다	false	false
兩端	량단	false	false
兩端間	량단간	false	false
兩翼	량익	false	false
兩翼側	량익측	false	false
兩翼有莖鏃	량익유경촉	false	false
兩者	량자	false	false
兩者擇一	량자택일	false	false
兩者擇一하다	량자택일하다	false	false
兩股繩	량고승	false	false
兩肩	량견	false	false
兩脚	량각	false	false
兩脚規	량각규	false	false
兩脣音	량순음	false	false
兩舌	량설	false	false
兩舷突擊	량현돌격	false	false
兩色	량색	false	false
兩色緞	량색단	false	false
兩草	냥초	false	false
兩蕊異熟	량예이숙	false	false
兩虎共鬪	량호공투	false	false
兩處	량처	false	false
兩衾	량금	false	false
兩袖	량수	false	false
兩袖冊床	량수책상	false	false
兩袖机	량수궤	false	false
兩被花	량피화	false	false
兩西	량서	false	false
兩親	량친	false	false
兩說	량설	false	false
兩象	량상	false	false
兩象毛	량상모	false	false
兩足	량족	false	false
兩身	량신	false	false
兩軍	량군	false	false
兩通	량통	false	false
兩通집	량통집	false	false
兩邊	량변	false	false
兩部樂	량부악	false	false
兩都	량도	false	false
兩都目	량도목	false	false
兩醫司	량의사	false	false
兩重	냥중	false	false
兩銓	량전	false	false
兩錨網	량묘망	false	false
兩間	량간	false	false
兩院	량원	false	false
兩院制	량원제	false	false
兩陣	량진	false	false
兩隻	량척	false	false
兩雄	량웅	false	false
兩面	량면	false	false
兩面主義	량면주의	false	false
兩面作戰	량면작전	false	false
兩面分子	량면분자	false	false
兩面刺繡	량면자수	false	false
兩面印刷機	량면인쇄기	false	false
兩面性	량면성	false	false
兩面戰術	량면전술	false	false
兩面手藝	량면수예	false	false
兩面機	량면기	false	false
兩面派	량면파	false	false
兩面紙	량면지	false	false
兩面繡	량면수	false	false
兩面草幕	량면초막	false	false
兩面術策	량면술책	false	false
兩面錦	량면금	false	false
兩面뜨개	량면뜨개	false	false
兩面무늬박이	량면무늬박이	false	false
兩面지붕	량면지붕	false	false
兩面치기	량면치기	false	false
兩面톱	량면톱	false	false
兩頭筆	량두필	false	false
兩頭船	량두선	false	false
兩頭蛇	량두사	false	false
兩頭馬車	량두마차	false	false
兩館提學	량관제학	false	false
兩馬	량마	false	false
兩體雄蕊	량체웅예	false	false
兩麥	량맥	false	false
兩黨	량당	false	false
兩귀包	량귀포	false	false
兩귀象	량귀상	false	false
兩귀馬	량귀마	false	false
兩귀호미	량귀호미	false	false
兩날톱	량날톱	false	false
兩다리	량다리	false	false
兩다리치기	량다리치기	false	false
兩돈사	냥돈사	false	false
兩뿔모루	량뿔모루	false	false
兩소매冊床	량소매책상	false	false
兩손	량손	false	false
兩손잡이	량손잡이	false	false
兩손잡이톱	량손잡이톱	false	false
兩손치기	량손치기	false	false
兩죽지	량죽지	false	false
兩짝	량짝	false	false
兩쪽	량쪽	false	false
兩쪽물매窟	량쪽물매굴	false	false
兩쪽비탈窟	량쪽비탈굴	false	false
兩채들이	량채들이	false	false
兩켠	량켠	false	false
兩팔	량팔	false	false
兩품	량품	false	false
兪度	유도	false	false
八九	팔구	false	false
八仙卓	팔선탁	false	false
八分休止符	팔분휴지부	false	false
八分空間	팔분공간	false	false
八分소리標	팔분소리표	false	false
八圓儀	팔원의	false	false
八字眉	팔자미	false	false
八字鍼	팔자침	false	false
八字나비	팔자나비	false	false
八字오림臺대기	팔자오림대대기	false	false
八尺장승	팔척장승	false	false
八方다짐	팔방다짐	false	false
八方다짐하다	팔방다짐하다	false	false
八方돌이	팔방돌이	false	false
八日契	파일계	false	false
八月풀	팔월풀	false	false
八月풀糖	팔월풀당	false	false
八朔童이	팔삭동이	false	false
八珍味	팔진미	false	false
八甲	팔갑	false	false
八群꽃水母	팔군꽃수모	false	false
八色새	팔색새	false	false
八角고임天井	팔각고임천정	false	false
八門方	팔문방	false	false
八面六臂	팔면륙비	false	false
八面玲瓏	팔면령롱	false	false
八面玲瓏하다	팔면령롱하다	false	false
八목춤	팔목춤	false	false
公侯之樂	공후지락	false	false
公候之女	공후지녀	false	false
公共經理	공공경리	false	false
公判記	공판기	false	false
公務上犯罪	공무상범죄	false	false
公唱	공창	false	false
公唱하다	공창하다	false	false
公園地	공원지	false	false
公園管理隊	공원관리대	false	false
公園都市	공원도시	false	false
公園開溝	공원개구	false	false
公定濕度	공정습도	false	false
公式事務文體	공식사무문체	false	false
公憑	공빙	false	false
公會廳	공회청	false	false
公民團體	공민단체	false	false
公民戰爭	공민전쟁	false	false
公民登錄	공민등록	false	false
公民登錄證	공민등록증	false	false
公民證	공민증	false	false
公演編隊	공연편대	false	false
公演隊	공연대	false	false
公用遞信	공용체신	false	false
公禮單	공례단	false	false
公私頉	공사탈	false	false
公衆室	공중실	false	false
公衆電話室	공중전화실	false	false
公衆電話所	공중전화소	false	false
公開黨會議	공개당회의	false	false
公開黨總會	공개당총회	false	false
六	륙	false	false
六一節	륙일절	false	false
六丁六甲	륙정륙갑	false	false
六七	륙칠	false	false
六七月	륙칠월	false	false
六伽倻	륙가야	false	false
六位	륙위	false	false
六佐平	륙좌평	false	false
六停	륙정	false	false
六元德	륙원덕	false	false
六入	륙입	false	false
六兩箭	륙냥전	false	false
六六모	륙륙모	false	false
六典	륙전	false	false
六出花	륙출화	false	false
六分儀	륙분의	false	false
六判書	륙판서	false	false
六十	륙십	false	false
六十四分소리標	륙십사분소리표	false	false
六十四分쉼標	륙십사분쉼표	false	false
六十四卦	륙십사괘	false	false
六十甲子	륙십갑자	false	false
六十萬歲事件	륙십만세사건	false	false
六十萬歲示威鬪爭	륙십만세시위투쟁	false	false
六十靑春	륙십청춘	false	false
六卿	륙경	false	false
六合	륙합	false	false
六合穴	륙합혈	false	false
六君子湯	륙군자탕	false	false
六呂	륙려	false	false
六味	륙미	false	false
六味丸	륙미환	false	false
六味地黃丸	륙미지황환	false	false
六味地黃元	륙미지황원	false	false
六味湯	륙미탕	false	false
六味膏	륙미고	false	false
六和音	륙화음	false	false
六品	륙품	false	false
六場	륙장	false	false
六塵	륙진	false	false
六境	륙경	false	false
六壬	륙임	false	false
六大	륙대	false	false
六大洲	륙대주	false	false
六字服	륙자복	false	false
六字배기	륙자배기	false	false
六寸	륙촌	false	false
六尙書	륙상서	false	false
六律	륙률	false	false
六德	륙덕	false	false
六情	륙정	false	false
六成	륙성	false	false
六房	륙방	false	false
六房官屬	륙방관속	false	false
六房承旨	륙방승지	false	false
六承旨	륙승지	false	false
六承旨房單子	륙승지방단자	false	false
六拍子	륙박자	false	false
六方晶系	륙방정계	false	false
六日	륙일	false	false
六旬	륙순	false	false
六書	륙서	false	false
六曹	륙조	false	false
六曹判書	륙조판서	false	false
六曹直啓	륙조직계	false	false
六月	류월	false	false
六月三十日炭田	유월삼십일탄전	false	false
六月桃	류월도	false	false
六朔童이	륙삭동이	false	false
六柱散	륙주산	false	false
六根	륙근	false	false
六正	륙정	false	false
六氣	륙기	false	false
六法	륙법	false	false
六注比廛	륙주비전	false	false
六淫	륙음	false	false
六爻	륙효	false	false
六物	륙물	false	false
六環杖	륙환장	false	false
六甲	륙갑	false	false
六界	륙계	false	false
六畜	륙축	false	false
六白	륙백	false	false
六百種	륙백종	false	false
六目	륙목	false	false
六矣廛	륙의전	false	false
六神	륙신	false	false
六神丸	륙신환	false	false
六神通	륙신통	false	false
六禮	륙례	false	false
六穴拳銃	륙혈권총	false	false
六穴砲	륙혈포	false	false
六經	륙경	false	false
六腑	륙부	false	false
六臘	륙랍	false	false
六臘大政	륙랍대정	false	false
六臘殿最	륙랍전최	false	false
六臘都政	륙랍도정	false	false
六臟	륙장	false	false
六色印刷機	륙색인쇄기	false	false
六花	륙화	false	false
六花隊舞	륙화대무	false	false
六藝	륙예	false	false
六號活字	륙호활자	false	false
六行單子	륙항단자	false	false
六衛	륙위	false	false
六親	륙친	false	false
六角	륙각	false	false
六角形	륙각형	false	false
六識	륙식	false	false
六賊	륙적	false	false
六趣	륙취	false	false
六身	륙신	false	false
六通	륙통	false	false
六道	륙도	false	false
六邪	륙사	false	false
六部	륙부	false	false
六鎭	륙진	false	false
六鎭布	륙진포	false	false
六鎭長布	륙진장포	false	false
六間大廳	륙간대청	false	false
六面體	륙면체	false	false
六頭品	륙두품	false	false
六頭馬車	륙두마차	false	false
六體	륙체	false	false
六點무늬말거미	륙점무늬말거미	false	false
六날미투리	륙날미투리	false	false
六모	륙모	false	false
六모亭	륙모정	false	false
六모小盤	륙모소반	false	false
六모겉보리	륙모겉보리	false	false
六모방망이	륙모방망이	false	false
六모방치	륙모방치	false	false
六발이	륙발이	false	false
六방망이	륙방망이	false	false
六손이	륙손이	false	false
六잡이	륙잡이	false	false
六중竹	륙중죽	false	false
六쪽마늘	륙쪽마늘	false	false
共力	공력	false	false
共同奉仕區域	공동봉사구역	false	false
共同家畜	공동가축	false	false
共同操縱方式	공동조종방식	false	false
共同蓄積基金	공동축적기금	false	false
共同蓄積金	공동축적금	false	false
共同遊戲室	공동유희실	false	false
共同빛錄音	공동빛록음	false	false
共振채	공진채	false	false
共死同殞	공사동운	false	false
共焦點共振器	공초점공진기	false	false
共産主義分配原則	공산주의분배원칙	false	false
共産主義靑年同盟	공산주의청년동맹	false	false
共産主義아바이	공산주의아바이	false	false
共産主義어머니	공산주의어머니	false	false
共産國際	공산국제	false	false
共産大學	공산대학	false	false
共産靑年同盟	공산청년동맹	false	false
共用田	공용전	false	false
共軶效果	공액효과	false	false
共通基礎語	공통기초어	false	false
共通差	공통차	false	false
共通語	공통어	false	false
共通走路	공통주로	false	false
共通솎음數	공통솎음수	false	false
共重縮合反應	공중축합반응	false	false
共靑	공청	false	false
共鳴中性子	공명중성자	false	false
兵仙	병선	false	false
兵器鋼	병기강	false	false
兵士幕	병사막	false	false
兵士詩人	병사시인	false	false
兵士개미	병사개미	false	false
兵室	병실	false	false
兵役制	병역제	false	false
兵戰	병전	false	false
兵民	병민	false	false
兵站幕	병참막	false	false
兵革之事	병혁지사	false	false
其他料金	기타료금	false	false
其母	기모	false	false
其聲	기성	false	false
具書	구서	false	false
具書하다	구서하다	false	false
具格	구격	false	false
具格토	구격토	false	false
具瞻之地	구첨지지	false	false
具體化	구체화	false	false
具體化되다	구체화되다	false	false
具體化하다	구체화하다	false	false
具體的勞動	구체적로동	false	false
具體的歷史的態度	구체적력사적태도	false	false
典祀	전사	false	false
典謨	전모	false	false
兼用논도랑	겸용논도랑	false	false
兼科	겸과	false	false
兼科하다	겸과하다	false	false
兼覆	겸복	false	false
兼覆하다	겸복하다	false	false
冊子輪轉機	책자륜전기	false	false
冊床主義	책상주의	false	false
冊床主義者	책상주의자	false	false
冊床兩班	책상량반	false	false
冊床들이	책상들이	false	false
冊床들이하다	책상들이하다	false	false
冊가위	책가위	false	false
冊걸이	책걸이	false	false
冊껍데기	책껍데기	false	false
冊등布	책등포	false	false
冊받치개	책받치개	false	false
冊술	책술	false	false
再兵	재병	false	false
再兵하다	재병하다	false	false
再彈	재탄	false	false
再彈하다	재탄하다	false	false
再構成的想像	재구성적상상	false	false
再沈	재침	false	false
再沈하다	재침하다	false	false
再生布	재생포	false	false
再生磁頭	재생자두	false	false
再生織	재생직	false	false
再結合混入物	재결합혼입물	false	false
再結晶化線圖	재결정화선도	false	false
再處理	재처리	false	false
再處理하다	재처리하다	false	false
再號	재호	false	false
再行	재행	false	false
再行하다	재행하다	false	false
再間色	재간색	false	false
再갈이	재갈이	false	false
再벌갈이	재벌갈이	false	false
再벌김	재벌김	false	false
再탕	재탕	false	false
再탕하다	재탕하다	false	false
冒半死	모반사	false	false
冒廉行囑	모렴행촉	false	false
冒險스럽다	모험스럽다	false	false
冕旒	면류	false	false
冠帽山뱀눈나비	관모산뱀눈나비	false	false
冠狀靜脈窟	관상정맥굴	false	false
冢中枯骨	총중고골	false	false
冤忿스럽다	원분스럽다	false	false
冬播	동파	false	false
冬播모	동파모	false	false
冬期油	동기유	false	false
冬期現代五種競技	동기현대오종경기	false	false
冬期現代四種競技	동기현대사종경기	false	false
冬期間	동기간	false	false
冬沈무우	동침무우	false	false
冬油	동유	false	false
冬臘月	동랍월	false	false
冬製	동제	false	false
冬霜	동상	false	false
冬靴	동화	false	false
冶匠쟁기	야장쟁기	false	false
冶匠쟁이	야장쟁이	false	false
冶金工業	야금공업	false	false
冶金工程模型化	야금공정모형화	false	false
冶金工程自動化	야금공정자동화	false	false
冷	랭	false	false
冷光	랭광	false	false
冷光源	랭광원	false	false
冷冷하다	랭랭하다	false	false
冷凍	랭동	false	false
冷凍列車	랭동렬차	false	false
冷凍加工設備	랭동가공설비	false	false
冷凍品	랭동품	false	false
冷凍壓縮機	랭동압축기	false	false
冷凍室	랭동실	false	false
冷凍工場	랭동공장	false	false
冷凍工學	랭동공학	false	false
冷凍庫	랭동고	false	false
冷凍掘進	랭동굴진	false	false
冷凍機	랭동기	false	false
冷凍油	랭동유	false	false
冷凍潤滑油	랭동윤활유	false	false
冷凍能力	랭동능력	false	false
冷凍船	랭동선	false	false
冷凍裝置	랭동장치	false	false
冷凍車	랭동차	false	false
冷凍魚	랭동어	false	false
冷凍곁數	랭동곁수	false	false
冷凍되다	랭동되다	false	false
冷凍짐函	랭동짐함	false	false
冷凍하다	랭동하다	false	false
冷劑	랭제	false	false
冷加濕	랭가습	false	false
冷動循環	랭동순환	false	false
冷却	랭각	false	false
冷却塔	랭각탑	false	false
冷却捕執機	랭각포집기	false	false
冷却曲線	랭각곡선	false	false
冷却水	랭각수	false	false
冷却池	랭각지	false	false
冷却管	랭각관	false	false
冷却計	랭각계	false	false
冷却되다	랭각되다	false	false
冷却못	랭각못	false	false
冷却하다	랭각하다	false	false
冷喘	랭천	false	false
冷嘲	랭조	false	false
冷嘲하다	랭조하다	false	false
冷嚴하다	랭엄하다	false	false
冷地	랭지	false	false
冷堗	랭돌	false	false
冷堗房	랭돌방	false	false
冷壓	랭압	false	false
冷壓延	랭압연	false	false
冷壓延機	랭압연기	false	false
冷天	랭천	false	false
冷媒	랭매	false	false
冷室	랭실	false	false
冷害	랭해	false	false
冷寂하다	랭적하다	false	false
冷寒地帶	랭한지대	false	false
冷寒性	랭한성	false	false
冷床	랭상	false	false
冷床모	랭상모	false	false
冷待	랭대	false	false
冷待視	랭대시	false	false
冷待視하다	랭대시하다	false	false
冷待하다	랭대하다	false	false
冷徹性	랭철성	false	false
冷徹하다	랭철하다	false	false
冷徹히	랭철히	false	false
冷心痛	랭심통	false	false
冷心하다	랭심하다	false	false
冷情스럽다	랭정스럽다	false	false
冷情스레	랭정스레	false	false
冷情하다	랭정하다	false	false
冷情히	랭정히	false	false
冷戰	랭전	false	false
冷房	랭방	false	false
冷散하다	랭산하다	false	false
冷暖	랭난	false	false
冷暗倉庫	랭암창고	false	false
冷材	랭재	false	false
冷染물감	랭염물감	false	false
冷氣	랭기	false	false
冷水	랭수	false	false
冷水摩擦	랭수마찰	false	false
冷水浴	랭수욕	false	false
冷水말이	랭수말이	false	false
冷泉	랭천	false	false
冷泉터	랭천터	false	false
冷涼하다	랭량하다	false	false
冷淋	랭림	false	false
冷淚	랭루	false	false
冷淡하다	랭담하다	false	false
冷湯	랭탕	false	false
冷源	랭원	false	false
冷溫	랭온	false	false
冷溫床	랭온상	false	false
冷溫風器	랭온풍기	false	false
冷濕	랭습	false	false
冷濕地	랭습지	false	false
冷濕被害	랭습피해	false	false
冷濕하다	랭습하다	false	false
冷灰	랭회	false	false
冷然	랭연	false	false
冷然하다	랭연하다	false	false
冷然히	랭연히	false	false
冷煖	랭난	false	false
冷燻法	랭훈법	false	false
冷疔瘡	랭정창	false	false
冷疳	랭감	false	false
冷疳瘡	랭감창	false	false
冷病	랭병	false	false
冷症	랭증	false	false
冷痢	랭리	false	false
冷痰	랭담	false	false
冷痰히	랭담히	false	false
冷痳	랭림	false	false
冷痹	랭비	false	false
冷瘡	랭창	false	false
冷瘴	랭장	false	false
冷硬車바퀴	랭경차바퀴	false	false
冷硬鑄物	랭경주물	false	false
冷硬鑄鐵	랭경주철	false	false
冷積	랭적	false	false
冷竈	랭조	false	false
冷笑	랭소	false	false
冷笑的	랭소적	false	false
冷笑하다	랭소하다	false	false
冷節	랭절	false	false
冷粕	랭박	false	false
冷罵	랭매	false	false
冷罵하다	랭매하다	false	false
冷腹痛	랭복통	false	false
冷菓子	랭과자	false	false
冷菜	랭채	false	false
冷落하다	랭락하다	false	false
冷藏	랭장	false	false
冷藏倉庫	랭장창고	false	false
冷藏室	랭장실	false	false
冷藏庫	랭장고	false	false
冷藏船	랭장선	false	false
冷藏車	랭장차	false	false
冷藏輸送	랭장수송	false	false
冷藏運搬船	랭장운반선	false	false
冷藏魚	랭장어	false	false
冷藏짐函	랭장짐함	false	false
冷藏하다	랭장하다	false	false
冷處	랭처	false	false
冷處理	랭처리	false	false
冷處하다	랭처하다	false	false
冷血	랭혈	false	false
冷血動物	랭혈동물	false	false
冷血族屬	랭혈족속	false	false
冷覺	랭각	false	false
冷觸	랭촉	false	false
冷評	랭평	false	false
冷評하다	랭평하다	false	false
冷語	랭어	false	false
冷語하다	랭어하다	false	false
冷遇	랭우	false	false
冷酒	랭주	false	false
冷酷性	랭혹성	false	false
冷酷하다	랭혹하다	false	false
冷鎔接	랭용접	false	false
冷鎔接되다	랭용접되다	false	false
冷鎔接하다	랭용접하다	false	false
冷間	랭간	false	false
冷間塑性變形	랭간소성변형	false	false
冷間壓延	랭간압연	false	false
冷間壓延機	랭간압연기	false	false
冷間壓延鋼	랭간압연강	false	false
冷間壓接	랭간압접	false	false
冷間破斷	랭간파단	false	false
冷間變形	랭간변형	false	false
冷間鋼板	랭간강판	false	false
冷間鎔接	랭간용접	false	false
冷間터짐	랭간터짐	false	false
冷陰極	랭음극	false	false
冷雨	랭우	false	false
冷電子放出	랭전자방출	false	false
冷靜性	랭정성	false	false
冷風	랭풍	false	false
冷風器	랭풍기	false	false
冷飯	랭반	false	false
冷飯團	랭반단	false	false
冷饌會	랭찬회	false	false
冷麵	랭면	false	false
冷點	랭점	false	false
冷가슴	랭가슴	false	false
冷가슴앓이	랭가슴앓이	false	false
冷골	랭골	false	false
冷국	랭국	false	false
冷배	랭배	false	false
冷찜질	랭찜질	false	false
冷찜질하다	랭찜질하다	false	false
冷차	랭차	false	false
冽泉	렬천	false	false
凋兵	조병	false	false
凌侮	릉모	false	false
凌侮하다	릉모하다	false	false
凌晨	릉신	false	false
凌蔑	릉멸	false	false
凌蔑하다	릉멸하다	false	false
凌虐	릉학	false	false
凌虐하다	릉학하다	false	false
凌辱	릉욕	false	false
凌辱罪	릉욕죄	false	false
凌辱하다	릉욕하다	false	false
凌陰	릉음	false	false
凌雲	릉운	false	false
凌霄	릉소	false	false
凌霄花	릉소화	false	false
凌駕	릉가	false	false
凌駕하다	릉가하다	false	false
凍結計	동결계	false	false
凍結風化	동결풍화	false	false
凜乎	름호	false	false
凜乎하다	름호하다	false	false
凜冽하다	름렬하다	false	false
凜凜하다	름름하다	false	false
凜凜히	름름히	false	false
凜烈하다	름렬하다	false	false
凜然	름연	false	false
凜然하다	름연하다	false	false
凜肉	름육	false	false
凝縮龜裂	응축균렬	false	false
凝視痲痹	응시마비	false	false
凡丹靑	범단청	false	false
凡流	범류	false	false
凡視	범시	false	false
凡視하다	범시하다	false	false
凡骨漢	범골한	false	false
凱旋塔	개선탑	false	false
凱旋柱	개선주	false	false
凱旋英雄	개선영웅	false	false
凶仗	흉장	false	false
凶妄스럽다	흉망스럽다	false	false
凶妄스레	흉망스레	false	false
凶憸하다	흉험하다	false	false
凶狂	흉광	false	false
凶猛스럽다	흉맹스럽다	false	false
凶猛스레	흉맹스레	false	false
凶症	흉증	false	false
凶허이	흉허이	false	false
凶헙다	흉헙다	false	false
凸字	철자	false	false
凸極形同期機械	철극형동기기계	false	false
凸版印刷版	철판인쇄판	false	false
凸版輪轉印刷機	철판륜전인쇄기	false	false
凸花	철화	false	false
凹凸處	요철처	false	false
出力三極素子	출력삼극소자	false	false
出力端	출력단	false	false
出力集積回路	출력집적회로	false	false
出勉票	출면표	false	false
出口接續數	출구접속수	false	false
出口言語	출구언어	false	false
出口資料	출구자료	false	false
出圃	출포	false	false
出圃하다	출포하다	false	false
出地	출지	false	false
出妻	출처	false	false
出妻하다	출처하다	false	false
出山	출산	false	false
出山하다	출산하다	false	false
出庫指導書	출고지도서	false	false
出所	출소	false	false
出所되다	출소되다	false	false
出所하다	출소하다	false	false
出擊口	출격구	false	false
出攻	출공	false	false
出攻陣地	출공진지	false	false
出攻하다	출공하다	false	false
出札員	출찰원	false	false
出梅	출매	false	false
出水	출수	false	false
出水坑	출수갱	false	false
出水하다	출수하다	false	false
出沒無實하다	출몰무실하다	false	false
出演提綱	출연제강	false	false
出版報道物	출판보도물	false	false
出版物普及員	출판물보급원	false	false
出版畫	출판화	false	false
出版節	출판절	false	false
出版그림	출판그림	false	false
出現目標	출현목표	false	false
出生證	출생증	false	false
出發滑走	출발활주	false	false
出發界線	출발계선	false	false
出發線	출발선	false	false
出發달리기	출발달리기	false	false
出發지치기	출발지치기	false	false
出發틀	출발틀	false	false
出票	출표	false	false
出票口	출표구	false	false
出票員	출표원	false	false
出米率	출미률	false	false
出糧	출량	false	false
出荷都賣所	출하도매소	false	false
出蛆繭	출저견	false	false
出蛾繭	출아견	false	false
出血性素因	출혈성소인	false	false
出資군	출자군	false	false
出銑場	출선장	false	false
出銑工	출선공	false	false
出銑式	출선식	false	false
出鋼式	출강식	false	false
出鋼남비	출강남비	false	false
出隊	출대	false	false
出隊하다	출대하다	false	false
函式	함식	false	false
函形基礎	함형기초	false	false
函形堰堤	함형언제	false	false
函形部材	함형부재	false	false
函形기둥	함형기둥	false	false
函形보	함형보	false	false
函形보다리	함형보다리	false	false
函數近似論	함수근사론	false	false
函本體加工自動線	함본체가공자동선	false	false
函用燒結鑛	함용소결광	false	false
函籠	함농	false	false
函도랑	함도랑	false	false
函퉁이	함퉁이	false	false
刀剪	도전	false	false
刀剪자	도전자	false	false
分作業班	분작업반	false	false
分倉庫	분창고	false	false
分光二重별	분광이중별	false	false
分光化學純	분광화학순	false	false
分分秒秒	분분초초	false	false
分列	분렬	false	false
分列口號	분렬구호	false	false
分別滴定	분별적정	false	false
分別앙금	분별앙금	false	false
分利	분리	false	false
分刻	분각	false	false
分割函	분할함	false	false
分割口	분할구	false	false
分割器	분할기	false	false
分割運動	분할운동	false	false
分割바디	분할바디	false	false
分動作	분동작	false	false
分化完全能	분화완전능	false	false
分商店	분상점	false	false
分商社	분상사	false	false
分場	분장	false	false
分子制度法	분자제도법	false	false
分子吸光곁數	분자흡광곁수	false	false
分子屈折	분자굴절	false	false
分子浮選	분자부선	false	false
分子膠質	분자교질	false	false
分子안자리바꿈反應	분자안자리바꿈반응	false	false
分子채	분자채	false	false
分對	분대	false	false
分層採炭法	분층채탄법	false	false
分層鎔鍊	분층용련	false	false
分岐器字號	분기기자호	false	false
分岐器標識	분기기표식	false	false
分岐路	분기로	false	false
分工案	분공안	false	false
分布짐	분포짐	false	false
分幼稚園	분유치원	false	false
分度廓	분도곽	false	false
分掌長	분장장	false	false
分散稀有金屬	분산희유금속	false	false
分散飼育	분산사육	false	false
分散곁數	분산곁수	false	false
分散물감	분산물감	false	false
分散흐름	분산흐름	false	false
分數	분수	false	false
分時計	분시계	false	false
分析器	분석기	false	false
分析工	분석공	false	false
分析手	분석수	false	false
分析構造	분석구조	false	false
分析用채	분석용채	false	false
分析的形態	분석적형태	false	false
分析的成句	분석적성구	false	false
分析的構造	분석적구조	false	false
分析試驗紙	분석시험지	false	false
分根造林	분근조림	false	false
分槳	분장	false	false
分水施設	분수시설	false	false
分泌주머니	분비주머니	false	false
分派쟁이	분파쟁이	false	false
分漁場	분어장	false	false
分牧場	분목장	false	false
分理	분리	false	false
分生苗	분생묘	false	false
分界驛	분계역	false	false
分碎回路	분쇄회로	false	false
分科	분과	false	false
分科室	분과실	false	false
分科展覽會	분과전람회	false	false
分科長	분과장	false	false
分立主義	분립주의	false	false
分等刑配	분등형배	false	false
分等刑配하다	분등형배하다	false	false
分組	분조	false	false
分組管理制	분조관리제	false	false
分組長	분조장	false	false
分給效率	분급효률	false	false
分線板	분선판	false	false
分色撮影	분색촬영	false	false
分色曲線	분색곡선	false	false
分色版	분색판	false	false
分色見本	분색견본	false	false
分裂主義	분렬주의	false	false
分裂期	분렬기	false	false
分裂生殖	분렬생식	false	false
分裂病	분렬병	false	false
分裂繁殖	분렬번식	false	false
分裂行進	분렬행진	false	false
分解判斷	분해판단	false	false
分託兒所	분탁아소	false	false
分配	분배	false	false
分配놀이	분배놀이	false	false
分配비김	분배비김	false	false
分金	분금	false	false
分錢	분전	false	false
分鑛山	분광산	false	false
分間休息	분간휴식	false	false
分集受信	분집수신	false	false
分離丁	분리정	false	false
分離判斷	분리판단	false	false
分離劑	분리제	false	false
分離採掘	분리채굴	false	false
分離操縱	분리조종	false	false
分離法	분리법	false	false
分離紙	분리지	false	false
分離體	분리체	false	false
分離곁數	분리곁수	false	false
分離모래	분리모래	false	false
分音符	분음부	false	false
分類法	분류법	false	false
分駐所	분주소	false	false
切上	절상	false	false
切削밥	절삭밥	false	false
切峻하다	절준하다	false	false
切斷地帶	절단지대	false	false
切斷盤	절단반	false	false
切玉	절옥	false	false
切痛스럽다	절통스럽다	false	false
切至	절지	false	false
切至하다	절지하다	false	false
切認	절인	false	false
切認하다	절인하다	false	false
切首	절수	false	false
刑事事件提起	형사사건제기	false	false
刑事處罰	형사처벌	false	false
刑事訴追時效	형사소추시효	false	false
刑事責任追窮期間	형사책임추궁기간	false	false
刑戮	형륙	false	false
刑罰量定	형벌량정	false	false
列位	렬위	false	false
列侯	렬후	false	false
列傳	렬전	false	false
列名	렬명	false	false
列名呈狀	렬명정장	false	false
列名하다	렬명하다	false	false
列國	렬국	false	false
列坐	렬좌	false	false
列坐하다	렬좌하다	false	false
列島	렬도	false	false
列席	렬석	false	false
列席하다	렬석하다	false	false
列強	렬강	false	false
列擧	렬거	false	false
列擧法	렬거법	false	false
列擧되다	렬거되다	false	false
列擧하다	렬거하다	false	false
列書	렬서	false	false
列書하다	렬서하다	false	false
列朝	렬조	false	false
列次	렬차	false	false
列氏寒暖計	렬씨한난계	false	false
列氏尺度	렬씨척도	false	false
列氏溫度計	렬씨온도계	false	false
列立	렬립	false	false
列縱隊	렬종대	false	false
列缺	렬결	false	false
列聖	렬성	false	false
列聖朝	렬성조	false	false
列記	렬기	false	false
列車	렬차	false	false
列車乘務隊	렬차승무대	false	false
列車分路抵抗	렬차분로저항	false	false
列車制動裝置	렬차제동장치	false	false
列車制動距離	렬차제동거리	false	false
列車區	렬차구	false	false
列車司令	렬차사령	false	false
列車司令自動化	렬차사령자동화	false	false
列車員	렬차원	false	false
列車商業	렬차상업	false	false
列車操縱情報	렬차조종정보	false	false
列車標識	렬차표식	false	false
列車無線通信	렬차무선통신	false	false
列車番號	렬차번호	false	false
列車砲	렬차포	false	false
列車編成	렬차편성	false	false
列車賣臺	렬차매대	false	false
列車運行線	렬차운행선	false	false
列車運行自動記錄機	렬차운행자동기록기	false	false
列車長	렬차장	false	false
列車間	렬차간	false	false
列車무게	렬차무게	false	false
列車무이表	렬차무이표	false	false
列車물매抵抗	렬차물매저항	false	false
列車흐름	렬차흐름	false	false
列邑	렬읍	false	false
列錄	렬록	false	false
列陣	렬진	false	false
列陣하다	렬진하다	false	false
初中	초중	false	false
初入生	초입생	false	false
初入門	초입문	false	false
初冷凍	초랭동	false	false
初喪	초상	false	false
初喪床	초상상	false	false
初學年生	초학년생	false	false
初戰	초전	false	false
初時期	초시기	false	false
初期傾心높이	초기경심높이	false	false
初期囚	초기수	false	false
初期情況	초기정황	false	false
初期誘磁率	초기유자률	false	false
初期變化群結核	초기변화군결핵	false	false
初期量子論	초기량자론	false	false
初期값問題	초기값문제	false	false
初生	초생	false	false
初生半달	초생반달	false	false
初生片月	초생편월	false	false
初生달	초생달	false	false
初生털	초생털	false	false
初等學院	초등학원	false	false
初級學校	초급학교	false	false
初級指揮員	초급지휘원	false	false
初級指揮成員	초급지휘성원	false	false
初級政治일군	초급정치일군	false	false
初級演習機	초급련습기	false	false
初級煽動員	초급선동원	false	false
初級일군	초급일군	false	false
初衣	초의	false	false
初過渡狀態	초과도상태	false	false
初面내기	초면내기	false	false
初그물	초그물	false	false
初낮	초낮	false	false
初다듬질	초다듬질	false	false
初물	초물	false	false
初물막이뚝	초물막이뚝	false	false
初벌人事	초벌인사	false	false
初벌承諾	초벌승낙	false	false
初벌療飢	초벌요기	false	false
初벌그림	초벌그림	false	false
初벌김	초벌김	false	false
初벌잠	초벌잠	false	false
初절임	초절임	false	false
初절임하다	초절임하다	false	false
判定	판정	false	false
判定되다	판정되다	false	false
判定하다	판정하다	false	false
判無識者	판무식자	false	false
判無識군	판무식군	false	false
判紙	판지	false	false
判紙輪轉印刷	판지륜전인쇄	false	false
判讀器	판독기	false	false
判토막	판토막	false	false
判토막式배무이	판토막식배무이	false	false
別事件	별사건	false	false
別冊	별책	false	false
別別스럽다	별별스럽다	false	false
別卜定	별짐정	false	false
別卜定하다	별짐정하다	false	false
別味롭다	별미롭다	false	false
別品	별품	false	false
別宅	별댁	false	false
別房	별방	false	false
別樂	별악	false	false
別法	별법	false	false
別薦	별천	false	false
別薦하다	별천하다	false	false
別詩	별시	false	false
別說	별설	false	false
別說되다	별설되다	false	false
別說하다	별설하다	false	false
別論	별론	false	false
別貯	별저	false	false
別貯하다	별저하다	false	false
別費	별비	false	false
別都	별도	false	false
別酒	별주	false	false
別顔	별안	false	false
別나하다	별나하다	false	false
別로	별로	false	false
別스럽다	별스럽다	false	false
別스레	별스레	false	false
別찮다	별찮다	false	false
別치않다	별치않다	false	false
利上加利	리상가리	false	false
利上生利	리상생리	false	false
利不利	리불리	false	false
利之利	리지리	false	false
利之所在	리지소재	false	false
利交	리교	false	false
利他	리타	false	false
利他主義	리타주의	false	false
利他說	리타설	false	false
利出	리출	false	false
利刀	리도	false	false
利劍	리검	false	false
利器	리기	false	false
利國便民	리국편민	false	false
利子	리자	false	false
利子條	리자조	false	false
利子率	리자률	false	false
利子附資本	리자부자본	false	false
利害	리해	false	false
利害不計	리해불계	false	false
利害得失	리해득실	false	false
利害關係	리해관계	false	false
利害關頭	리해관두	false	false
利尿	리뇨	false	false
利尿劑	리뇨제	false	false
利尿하다	리뇨하다	false	false
利己	리기	false	false
利己主義	리기주의	false	false
利己主義的	리기주의적	false	false
利己主義者	리기주의자	false	false
利己分子	리기분자	false	false
利己心	리기심	false	false
利己欲	리기욕	false	false
利己漢	리기한	false	false
利己的	리기적	false	false
利得	리득	false	false
利得周波數特性	리득주파수특성	false	false
利得金	리득금	false	false
利息	리식	false	false
利息算	리식산	false	false
利慾	리욕	false	false
利敵	리적	false	false
利敵하다	리적하다	false	false
利文	리문	false	false
利析秋毫	리석추호	false	false
利條	리조	false	false
利權	리권	false	false
利殖	리식	false	false
利水藥	리수약	false	false
利源	리원	false	false
利潤	리윤	false	false
利潤欲	리윤욕	false	false
利率	리률	false	false
利生	리생	false	false
利生하다	리생하다	false	false
利用	리용	false	false
利用作	리용작	false	false
利用作物	리용작물	false	false
利用便宜	리용편의	false	false
利用厚生	리용후생	false	false
利用天文學	리용천문학	false	false
利用生産	리용생산	false	false
利用되다	리용되다	false	false
利用하다	리용하다	false	false
利病	리병	false	false
利益	리익	false	false
利益控除金	리익공제금	false	false
利益權	리익권	false	false
利益配當金	리익배당금	false	false
利益金	리익금	false	false
利益點	리익점	false	false
利竇	리두	false	false
利膽劑	리담제	false	false
利金	리금	false	false
利鈍	리둔	false	false
利錢	리전	false	false
利點	리점	false	false
利구멍	리구멍	false	false
利끗	리끗	false	false
利롭다	리롭다	false	false
利속	리속	false	false
利줄	리줄	false	false
利하다	리하다	false	false
刮取	괄취	false	false
到付馬	도부마	false	false
到付길	도부길	false	false
到付장사군	도부장사군	false	false
到着經度	도착경도	false	false
到着緯度	도착위도	false	false
到精神	도정신	false	false
到骨	도골	false	false
到骨하다	도골하다	false	false
制動員	제동원	false	false
制動能	제동능	false	false
制動車針	제동차침	false	false
制動곁수	제동곁수	false	false
制動구두	제동구두	false	false
制動보	제동보	false	false
制期日	제기일	false	false
制止遮斷機自動盤	제지차단기자동반	false	false
制止龍鬚고리	제지용수고리	false	false
制止자리쇠	제지자리쇠	false	false
制限性運動	제한성운동	false	false
制限氣象要因	제한기상요인	false	false
制限燈	제한등	false	false
制限흐름	제한흐름	false	false
刹	찰	false	false
刺刀	치도	false	false
刺剟	자철	false	false
刺剟하다	자철하다	false	false
刺戟生成障礙	자극생성장애	false	false
刺戟고비값	자극고비값	false	false
刺繡原畫	자수원화	false	false
刺繡圖本	자수도본	false	false
刻薄하다	각박하다	false	false
刻薄히	각박히	false	false
刻記	각기	false	false
刻骨天恩	각골천은	false	false
刻칼	각칼	false	false
削木機	삭목기	false	false
削盤	삭반	false	false
前位곁數	전위곁수	false	false
前倚語	전의어	false	false
前列	전렬	false	false
前勞	전로	false	false
前夜勤	전야근	false	false
前室	전실	false	false
前實	전실	false	false
前導車	전도차	false	false
前川郡	전천군	false	false
前布	전포	false	false
前所未聞	전소미문	false	false
前拂制	전불제	false	false
前擔後顧	전담후고	false	false
前擔後顧하다	전담후고하다	false	false
前方水域	전방수역	false	false
前方部	전방부	false	false
前景	전경	false	false
前火室	전화실	false	false
前緖	전서	false	false
前緣	전연	false	false
前緣哨所	전연초소	false	false
前緣地帶	전연지대	false	false
前緣講義	전연강의	false	false
前緣部隊	전연부대	false	false
前置格	전치격	false	false
前置量	전치량	false	false
前置點	전치점	false	false
前良	전량	false	false
前衛區分隊	전위구분대	false	false
前衛策	전위책	false	false
前衛鬪士	전위투사	false	false
前衛黨	전위당	false	false
前角形	전각형	false	false
前身黨	전신당	false	false
前途	전도	false	false
前進保障隊	전진보장대	false	false
前道注視	전도주시	false	false
前道注視하다	전도주시하다	false	false
前閉	전페	false	false
前面採炭機	전면채탄기	false	false
前面삽	전면삽	false	false
前面삽掘鑿機	전면삽굴착기	false	false
剛性板	강성판	false	false
剛性構造	강성구조	false	false
剛性동발	강성동발	false	false
剛接	강접	false	false
剛明廉直하다	강명렴직하다	false	false
剛痓	강치	false	false
剛腹漢	강복한	false	false
剝土坑	박토갱	false	false
剝土場	박토장	false	false
剝土山	박토산	false	false
剝土用掘鑿機	박토용굴착기	false	false
剝土곁數	박토곁수	false	false
剩餘價値年率	잉여가치년률	false	false
剪夷	전이	false	false
剪夷하다	전이하다	false	false
剪板볼기	전반볼기	false	false
剪滅	전멸	false	false
剪滅하다	전멸하다	false	false
副主席	부주석	false	false
副亞族	부아족	false	false
副亞族元素	부아족원소	false	false
副助手	부조수	false	false
副助詞	부조사	false	false
副勵磁機	부려자기	false	false
副原가지	부원가지	false	false
副堰堤	부언제	false	false
副官長	부관장	false	false
副心	부심	false	false
副成分	부성분	false	false
副手	부수	false	false
副族元素	부족원소	false	false
副板彩色法	부판채색법	false	false
副林木	부림목	false	false
副校長	부교장	false	false
副業	부업	false	false
副業作業班	부업작업반	false	false
副業利得金	부업리득금	false	false
副業圃田	부업포전	false	false
副業地	부업지	false	false
副業式	부업식	false	false
副業班	부업반	false	false
副業經理	부업경리	false	false
副業船	부업선	false	false
副業農場	부업농장	false	false
副業農牧場	부업농목장	false	false
副業밭	부업밭	false	false
副樹種	부수종	false	false
副演出	부연출	false	false
副生	부생	false	false
副生하다	부생하다	false	false
副産	부산	false	false
副産하다	부산하다	false	false
副相	부상	false	false
副祕書	부비서	false	false
副票	부표	false	false
副線	부선	false	false
副緯線	부위선	false	false
副職	부직	false	false
副職幹部	부직간부	false	false
副胸骨線	부흉골선	false	false
副葬法	부장법	false	false
副言	부언	false	false
副記號	부기호	false	false
副鑛比	부광비	false	false
副音	부음	false	false
副보	부보	false	false
割碎	할쇄	false	false
割腹工	할복공	false	false
創作事業	창작사업	false	false
創作第一主義	창작제일주의	false	false
創作뛰기	창작뛰기	false	false
創意考案	창의고안	false	false
創意考案權	창의고안권	false	false
創成加工	창성가공	false	false
創有	창유	false	false
創有하다	창유하다	false	false
創案權	창안권	false	false
創祖	창조	false	false
創見	창견	false	false
創造倫理	창조륜리	false	false
創造的立場	창조적립장	false	false
創造體系	창조체계	false	false
劃꼬리	획꼬리	false	false
劃마감붓질	획마감붓질	false	false
劃머리	획머리	false	false
劃머리붓질	획머리붓질	false	false
劃허리	획허리	false	false
劇人	극인	false	false
劇合唱	극합창	false	false
劇場券	극장권	false	false
劇小品	극소품	false	false
劇生活	극생활	false	false
劇組織	극조직	false	false
劇背景方式	극배경방식	false	false
劇遊戲	극유희	false	false
劍魚	검어	false	false
力	력	false	false
力作	력작	false	false
力作하다	력작하다	false	false
力動式卷揚機	역동식권양기	false	false
力勸	력권	false	false
力勸하다	력권하다	false	false
力圖	력도	false	false
力圖하다	력도하다	false	false
力士	력사	false	false
力學	력학	false	false
力學原理	력학원리	false	false
力學的	력학적	false	false
力學的形態圖	력학적형태도	false	false
力學的性質	력학적성질	false	false
力學的海流計算	력학적해류계산	false	false
力學的腐蝕	력학적부식	false	false
力學的運動	력학적운동	false	false
力學的깊이	력학적깊이	false	false
力學的높이	력학적높이	false	false
力學者	력학자	false	false
力學計算	력학계산	false	false
力弱하다	력약하다	false	false
力強하다	력강하다	false	false
力征	력정	false	false
力戰	력전	false	false
力戰하다	력전하다	false	false
力技	력기	false	false
力技板	력기판	false	false
力拔山	력발산	false	false
力攻	력공	false	false
力攻하다	력공하다	false	false
力救	력구	false	false
力救하다	력구하다	false	false
力求	력구	false	false
力求하다	력구하다	false	false
力浦사람	력포사람	false	false
力爭	력쟁	false	false
力爭하다	력쟁하다	false	false
力率	력률	false	false
力率改善	력률개선	false	false
力率計	력률계	false	false
力田	력전	false	false
力田하다	력전하다	false	false
力盡	력진	false	false
力盡하다	력진하다	false	false
力積	력적	false	false
力系	력계	false	false
力綿하다	력면하다	false	false
力織機	력직기	false	false
力著	력저	false	false
力薦	력천	false	false
力薦하다	력천하다	false	false
力行	력행	false	false
力行하다	력행하다	false	false
力說	력설	false	false
力說되다	력설되다	false	false
力說하다	력설하다	false	false
力諫	력간	false	false
力諫하다	력간하다	false	false
力走	력주	false	false
力走하다	력주하다	false	false
力農	력농	false	false
力農家	력농가	false	false
力農하다	력농하다	false	false
力道	력도	false	false
力量	력량	false	false
力食	력식	false	false
力食하다	력식하다	false	false
力鬪	력투	false	false
力鬪하다	력투하다	false	false
力點	력점	false	false
功利感	공리감	false	false
功勳伐木工	공훈벌목공	false	false
功勳便宜修理工	공훈편의수리공	false	false
功勳俳優	공훈배우	false	false
功勳出版物補給員	공훈출판물보급원	false	false
功勳勞動定量員	공훈로동정량원	false	false
功勳山林工	공훈산림공	false	false
功勳揚水工	공훈양수공	false	false
功勳收買員	공훈수매원	false	false
功勳放送員	공훈방송원	false	false
功勳放送器材工	공훈방송기재공	false	false
功勳料理師	공훈료리사	false	false
功勳映畵補給員	공훈영화보급원	false	false
功勳機械製作工	공훈기계제작공	false	false
功勳流筏工	공훈류벌공	false	false
功勳熱管理工	공훈열관리공	false	false
功勳燒成工	공훈소성공	false	false
功勳理髮師	공훈리발사	false	false
功勳簿記員	공훈부기원	false	false
功勳精米工	공훈정미공	false	false
功勳糧政倉庫員	공훈량정창고원	false	false
功勳藥劑師	공훈약제사	false	false
功勳製紙工	공훈제지공	false	false
功勳製鹽工	공훈제염공	false	false
功勳計算員	공훈계산원	false	false
功勳設計家	공훈설계가	false	false
功勳豫測員	공훈예측원	false	false
功勳運材工	공훈운재공	false	false
功勳郵便通信員	공훈우편통신원	false	false
功勳都市管理工	공훈도시관리공	false	false
功勳鎔解工	공훈용해공	false	false
功勳鐵道輸送員	공훈철도수송원	false	false
功勳鐵길員	공훈철길원	false	false
功勳電力工	공훈전력공	false	false
功勳食糧供給員	공훈식량공급원	false	false
功勳飼養工	공훈사양공	false	false
加促	가촉	false	false
加促하다	가촉하다	false	false
加入式通信	가입식통신	false	false
加入者電信機	가입자전신기	false	false
加力裝置	가력장치	false	false
加壓排出式	가압배출식	false	false
加壓排出式우림法	가압배출식우림법	false	false
加壓注油	가압주유	false	false
加壓濾過器	가압려과기	false	false
加壓錐孔	가압추공	false	false
加壓가마	가압가마	false	false
加壓거르개	가압거르개	false	false
加壓구멍	가압구멍	false	false
加工中心	가공중심	false	false
加工中心盤	가공중심반	false	false
加工工程工學	가공공정공학	false	false
加工柔軟細胞	가공유연세포	false	false
加工母船	가공모선	false	false
加工船	가공선	false	false
加工덧살	가공덧살	false	false
加工실	가공실	false	false
加工종이	가공종이	false	false
加律	가률	false	false
加服	가복	false	false
加水分解酸度	가수분해산도	false	false
加法記號	가법기호	false	false
加熱冷却式穿孔機	가열랭각식천공기	false	false
加熱工	가열공	false	false
加熱性	가열성	false	false
加熱爐工	가열로공	false	false
加熱軟化法	가열연화법	false	false
加率	가솔	false	false
加率하다	가솔하다	false	false
加盟保證	가맹보증	false	false
加硫熱效果	가류열효과	false	false
加硫藥	가류약	false	false
加給	가급	false	false
加給金	가급금	false	false
加給되다	가급되다	false	false
加給하다	가급하다	false	false
加色	가색	false	false
加色複寫機	가색복사기	false	false
加速度달리기	가속도달리기	false	false
加速度재개	가속도재개	false	false
加速踏板	가속답판	false	false
加龍骨	가룡골	false	false
劣位	렬위	false	false
劣勢하다	렬세하다	false	false
劣化	렬화	false	false
劣品	렬품	false	false
劣性	렬성	false	false
劣情	렬정	false	false
劣惡하다	렬악하다	false	false
劣敗	렬패	false	false
劣敗者	렬패자	false	false
劣敗하다	렬패하다	false	false
劣種	렬종	false	false
劣等感	렬등감	false	false
劣等生	렬등생	false	false
劣等視	렬등시	false	false
劣薄하다	렬박하다	false	false
劣角	렬각	false	false
助士	조사	false	false
助幇군	조방군	false	false
助撮影	조촬영	false	false
助産	조산	false	false
助産하다	조산하다	false	false
劫축	겁축	false	false
劫축하다	겁축하다	false	false
勁葉	경엽	false	false
勇進勇進	용진용진	false	false
勉從	면종	false	false
勉從하다	면종하다	false	false
勒停	륵정	false	false
勒兵	륵병	false	false
勒兵하다	륵병하다	false	false
勒削	륵삭	false	false
勒削하다	륵삭하다	false	false
勒奪	륵탈	false	false
勒奪하다	륵탈하다	false	false
勒婚	륵혼	false	false
勒定	륵정	false	false
勒徵	륵징	false	false
勒徵하다	륵징하다	false	false
勒捧	륵봉	false	false
勒捧하다	륵봉하다	false	false
勒痕	륵흔	false	false
勒票	륵표	false	false
勒紲	륵설	false	false
勒花	륵화	false	false
勒葬	륵장	false	false
勒買	륵매	false	false
勒賣	륵매	false	false
勒限	륵한	false	false
動作	동작	false	false
動作主格	동작주격	false	false
動作하다	동작하다	false	false
動力傳達效率	동력전달효률	false	false
動力基地	동력기지	false	false
動力學	동력학	false	false
動力學的半徑	동력학적반경	false	false
動力學的運動	동력학적운동	false	false
動力工業	동력공업	false	false
動力建設地質學	동력건설지질학	false	false
動力木織機	동력목직기	false	false
動力機械化	동력기계화	false	false
動力機械化되다	동력기계화되다	false	false
動力機械化하다	동력기계화하다	false	false
動力氣象學	동력기상학	false	false
動力머리	동력머리	false	false
動力뿌무개	동력뿌무개	false	false
動員	동원	false	false
動員勞力	동원로력	false	false
動員的	동원적	false	false
動員되다	동원되다	false	false
動員하다	동원하다	false	false
動復原性	동복원성	false	false
動搖分子	동요분자	false	false
動搖安定裝置	동요안정장치	false	false
動水力學	동수력학	false	false
動物寫生	동물사생	false	false
動物巧藝	동물교예	false	false
動物幕間劇	동물막간극	false	false
動物性東藥	동물성동약	false	false
動物性거름	동물성거름	false	false
動物操敎師	동물조교사	false	false
動物東藥	동물동약	false	false
動物檢索	동물검색	false	false
動物的利己性	동물적리기성	false	false
動物質飼料	동물질사료	false	false
動物가려보기	동물가려보기	false	false
動物농마	동물농마	false	false
動的傾斜角	동적경사각	false	false
動的定數	동적정수	false	false
動的變分問題	동적변분문제	false	false
動的비김	동적비김	false	false
動磁力	동자력	false	false
動積짐	동적짐	false	false
動脈불루기	동맥불루기	false	false
動詞合成述語	동사합성술어	false	false
動集中	동집중	false	false
動電型收音器	동전형수음기	false	false
動靜脈맞물림	동정맥맞물림	false	false
動音	동음	false	false
勘合記	감합기	false	false
勝利峯	승리봉	false	false
勝勢	승세	false	false
勝勢하다	승세하다	false	false
勝敗者戰	승패자전	false	false
勝癖군	승벽군	false	false
勝癖꾸러기	승벽꾸러기	false	false
勝癖내기	승벽내기	false	false
勝癖다툼	승벽다툼	false	false
勝癖다툼하다	승벽다툼하다	false	false
勝癖스럽다	승벽스럽다	false	false
勝者聯盟戰	승자련맹전	false	false
勞事用	로사용	false	false
勞作	로작	false	false
勞使紛糾	로사분규	false	false
勞倦傷	로권상	false	false
勞力	로력	false	false
勞力動員	로력동원	false	false
勞力勳章	로력훈장	false	false
勞力協助班	로력협조반	false	false
勞力問題	로력문제	false	false
勞力均衡	로력균형	false	false
勞力報酬	로력보수	false	false
勞力工數	로력공수	false	false
勞力工數評價	로력공수평가	false	false
勞力市場	로력시장	false	false
勞力後備	로력후비	false	false
勞力後備群	로력후비군	false	false
勞力戰線	로력전선	false	false
勞力手帖	로력수첩	false	false
勞力構成	로력구성	false	false
勞力流動	로력류동	false	false
勞力浪費	로력랑비	false	false
勞力源泉	로력원천	false	false
勞力狀態	로력상태	false	false
勞力的	로력적	false	false
勞力管理	로력관리	false	false
勞力組織	로력조직	false	false
勞力群衆	로력군중	false	false
勞力者	로력자	false	false
勞力臺帳	로력대장	false	false
勞力英雄	로력영웅	false	false
勞力計劃	로력계획	false	false
勞力計算方法	로력계산방법	false	false
勞力豫備	로력예비	false	false
勞力費	로력비	false	false
勞力資源	로력자원	false	false
勞力配置	로력배치	false	false
勞力需要	로력수요	false	false
勞力革新者	로력혁신자	false	false
勞力點數	로력점수	false	false
勞力값	로력값	false	false
勞力일	로력일	false	false
勞力일揭示場	로력일게시장	false	false
勞力일評價	로력일평가	false	false
勞力하다	로력하다	false	false
勞動	로동	false	false
勞動三權	로동삼권	false	false
勞動保護	로동보호	false	false
勞動保護學	로동보호학	false	false
勞動保護物資	로동보호물자	false	false
勞動保護眼鏡	로동보호안경	false	false
勞動保險	로동보험	false	false
勞動價値說	로동가치설	false	false
勞動兄弟	로동형제	false	false
勞動內部秩序規定	로동내부질서규정	false	false
勞動共濟會	로동공제회	false	false
勞動力	로동력	false	false
勞動力價値	로동력가치	false	false
勞動地代	로동지대	false	false
勞動地獄	로동지옥	false	false
勞動基本權	로동기본권	false	false
勞動基準量	로동기준량	false	false
勞動夜學	로동야학	false	false
勞動契約	로동계약	false	false
勞動學園	로동학원	false	false
勞動安全	로동안전	false	false
勞動安全員	로동안전원	false	false
勞動定量	로동정량	false	false
勞動定量員	로동정량원	false	false
勞動宮殿	로동궁전	false	false
勞動家畜	로동가축	false	false
勞動對象	로동대상	false	false
勞動市場	로동시장	false	false
勞動年限	로동년한	false	false
勞動年齡	로동년령	false	false
勞動強度	로동강도	false	false
勞動手帖	로동수첩	false	false
勞動支拂	로동지불	false	false
勞動敎養	로동교양	false	false
勞動敎養所	로동교양소	false	false
勞動新聞	로동신문	false	false
勞動日	로동일	false	false
勞動時間	로동시간	false	false
勞動服	로동복	false	false
勞動期間	로동기간	false	false
勞動條件	로동조건	false	false
勞動權	로동권	false	false
勞動歌謠	로동가요	false	false
勞動民謠	로동민요	false	false
勞動法	로동법	false	false
勞動法令	로동법령	false	false
勞動法學	로동법학	false	false
勞動法案	로동법안	false	false
勞動法規	로동법규	false	false
勞動災害	로동재해	false	false
勞動營養	로동영양	false	false
勞動爭議	로동쟁의	false	false
勞動環境	로동환경	false	false
勞動生理	로동생리	false	false
勞動生理學	로동생리학	false	false
勞動生産性	로동생산성	false	false
勞動生産能率	로동생산능률	false	false
勞動生産量	로동생산량	false	false
勞動療法	로동료법	false	false
勞動節	로동절	false	false
勞動紛爭	로동분쟁	false	false
勞動組合	로동조합	false	false
勞動組合主義	로동조합주의	false	false
勞動組織	로동조직	false	false
勞動經濟學	로동경제학	false	false
勞動者	로동자	false	false
勞動者區	로동자구	false	false
勞動者規察隊	로동자규찰대	false	false
勞動職場	로동직장	false	false
勞動職種	로동직종	false	false
勞動能力喪失年金	로동능력상실년금	false	false
勞動能力鑑定	로동능력감정	false	false
勞動苦	로동고	false	false
勞動英雄	로동영웅	false	false
勞動英雄運動	로동영웅운동	false	false
勞動行政	로동행정	false	false
勞動行政事業	로동행정사업	false	false
勞動行政일군	로동행정일군	false	false
勞動衛生	로동위생	false	false
勞動衛生學	로동위생학	false	false
勞動規律	로동규률	false	false
勞動規律規程	로동규률규정	false	false
勞動規程	로동규정	false	false
勞動計劃	로동계획	false	false
勞動貴族	로동귀족	false	false
勞動賃金	로동임금	false	false
勞動週間	로동주간	false	false
勞動運動	로동운동	false	false
勞動過程	로동과정	false	false
勞動部類	로동부류	false	false
勞動階級	로동계급	false	false
勞動階級性	로동계급성	false	false
勞動階級的線	로동계급적선	false	false
勞動靑年	로동청년	false	false
勞動靴	로동화	false	false
勞動黨	로동당	false	false
勞動개미	로동개미	false	false
勞動군	로동군	false	false
勞動벌	로동벌	false	false
勞動살이	로동살이	false	false
勞動살이하다	로동살이하다	false	false
勞動판	로동판	false	false
勞動품	로동품	false	false
勞動하다	로동하다	false	false
勞務	로무	false	false
勞務員	로무원	false	false
勞務者	로무자	false	false
勞勞役役	로로역역	false	false
勞問	로문	false	false
勞問하다	로문하다	false	false
勞嗽	로수	false	false
勞困하다	로곤하다	false	false
勞困히	로곤히	false	false
勞宮	로궁	false	false
勞幹	로간	false	false
勞幹일군	로간일군	false	false
勞役	로역	false	false
勞役場	로역장	false	false
勞役군	로역군	false	false
勞役하다	로역하다	false	false
勞復	로복	false	false
勞心	로심	false	false
勞心唾血	로심타혈	false	false
勞心焦思	로심초사	false	false
勞心하다	로심하다	false	false
勞怯	로겁	false	false
勞汗	로한	false	false
勞淋	로림	false	false
勞症	로증	false	false
勞痢	로리	false	false
勞痳	로림	false	false
勞瘁하다	로췌하다	false	false
勞瘧	로학	false	false
勞碌	로록	false	false
勞碌하다	로록하다	false	false
勞筋勞骨	로근로골	false	false
勞組	로조	false	false
勞組員	로조원	false	false
勞舌	로설	false	false
勞苦	로고	false	false
勞苦功無하다	로고공무하다	false	false
勞賃	로임	false	false
勞賃凍結	로임동결	false	false
勞賃制	로임제	false	false
勞賃形態	로임형태	false	false
勞賃指數	로임지수	false	false
勞賃率	로임률	false	false
勞賃表	로임표	false	false
勞資	로자	false	false
勞資協和	로자협화	false	false
勞農	로농	false	false
勞農兵	로농병	false	false
勞農同盟	로농동맹	false	false
勞農大衆	로농대중	false	false
勞農政權	로농정권	false	false
勞農獨裁	로농독재	false	false
勞農赤衛隊	로농적위대	false	false
勞農通信員	로농통신원	false	false
勞銀	로은	false	false
勢力	세력	false	false
勢均力敵하다	세균력적하다	false	false
勢道家집	세도가집	false	false
勢줄	세줄	false	false
勤勞人民	근로인민	false	false
勤勞團體	근로단체	false	false
勤勞政黨	근로정당	false	false
勤勞民衆	근로민중	false	false
勤勞者中學校	근로자중학교	false	false
勤勞者學校	근로자학교	false	false
勤勞者高等中學校	근로자고등중학교	false	false
勤勞農民的土地所有	근로농민적토지소유	false	false
勤續勞動年限	근속로동년한	false	false
勵信隊尉	려신대위	false	false
勵力徒尉	려력도위	false	false
勵勇	려용	false	false
勵志圖	려지도	false	false
勵忠隊尉	려충대위	false	false
勵振	려진	false	false
勵果	려과	false	false
勵正	려정	false	false
勵猛	려맹	false	false
勵發	려발	false	false
勵直	려직	false	false
勵磁	려자	false	false
勵磁回路	려자회로	false	false
勵磁抵抗	려자저항	false	false
勵磁捲線	려자권선	false	false
勵磁機	려자기	false	false
勵磁鐵心	려자철심	false	false
勵磁電壓	려자전압	false	false
勵磁電流	려자전류	false	false
勵磁감음줄	려자감음줄	false	false
勵節校尉	려절교위	false	false
勵精	려정	false	false
勵精圖治	려정도치	false	false
勵精하다	려정하다	false	false
勵聲	려성	false	false
勵聲大呼	려성대호	false	false
勵聲하다	려성하다	false	false
勵行	려행	false	false
勵行되다	려행되다	false	false
勵行하다	려행하다	false	false
勵起	려기	false	false
勵起狀態	려기상태	false	false
勸告針路	권고침로	false	false
勸誘式	권유식	false	false
勸誘文	권유문	false	false
勾郞	구랑	false	false
包圍刺網	포위자망	false	false
包圍外部戰線	포위외부전선	false	false
包圍環	포위환	false	false
包式建築物	포식건축물	false	false
包抄	포초	false	false
包抄하다	포초하다	false	false
包斗栱	포두공	false	false
包袋짜임	포대짜임	false	false
包裝器	포장기	false	false
包裝圖案	포장도안	false	false
包가지	포가지	false	false
包집	포집	false	false
匍匐現狀	포복현상	false	false
匍匐理論	포복리론	false	false
匍匐試驗機	포복시험기	false	false
匏勺	포작	false	false
匐進	복진	false	false
化合物精製法	화합물정제법	false	false
化學採掘	화학채굴	false	false
化學採掘되다	화학채굴되다	false	false
化學採掘하다	화학채굴하다	false	false
化學樹脂	화학수지	false	false
化學沙器	화학사기	false	false
化學洗濯	화학세탁	false	false
化學琉璃	화학유리	false	false
化學瓷器	화학자기	false	false
化學的異狀마당	화학적이상마당	false	false
化學的輸送反應法	화학적수송반응법	false	false
化學監視	화학감시	false	false
化學精鑛	화학정광	false	false
化學襲擊	화학습격	false	false
化學觸媒球團鑛	화학촉매구단광	false	false
化學警報信號	화학경보신호	false	false
化學變位	화학변위	false	false
化學運動學	화학운동학	false	false
化學選鑛	화학선광	false	false
化學選鑛하다	화학선광하다	false	false
化學點火	화학점화	false	false
化學點火되다	화학점화되다	false	false
化學點火하다	화학점화하다	false	false
化學비김	화학비김	false	false
化學빨래	화학빨래	false	false
化學빨래집	화학빨래집	false	false
化學술	화학술	false	false
化性	화성	false	false
化粧料	화장료	false	false
化粧이음줄	화장이음줄	false	false
化膿性腦膜炎	화농성뇌막염	false	false
北倉郡	북창군	false	false
北塞바람	북새바람	false	false
北布服	북포복	false	false
北方개반디곤쟁이	북방개반디곤쟁이	false	false
北方검은生鰒	북방검은생복	false	false
北方고무래우릉성이	북방고무래우릉성이	false	false
北方노랑點戲弄나비	북방노랑점희롱나비	false	false
北方닻채찍벌레	북방닻채찍벌레	false	false
北方애기흰나비	북방애기흰나비	false	false
北方올챙이우릉성이	북방올챙이우릉성이	false	false
北方큰물벼룩	북방큰물벼룩	false	false
北方털보좀진드기	북방털보좀진드기	false	false
北方털진드기	북방털진드기	false	false
北朝鮮	북조선	false	false
北朝鮮人民委員會	북조선인민위원회	false	false
北朝鮮人民會議	북조선인민회의	false	false
北朝鮮臨時人民委員會	북조선림시인민위원회	false	false
北極氣候帶	북극기후대	false	false
北極氣團地帶	북극기단지대	false	false
北極사슴	북극사슴	false	false
北極얼음地帶	북극얼음지대	false	false
北王새우	북왕새우	false	false
北窓門	북창문	false	false
北胡	북호	false	false
北菖蒲밤나비	북창포밤나비	false	false
北部改良돼지	북부개량돼지	false	false
北部白色種	북부백색종	false	false
北醬가마	북장가마	false	false
北陸界	북륙계	false	false
北靑	북청	false	false
北靑물파	북청물파	false	false
北魚꿰미	북어꿰미	false	false
北魚뀀	북어뀀	false	false
北魚자반	북어자반	false	false
北가재	북가재	false	false
北돌버섯地衣	북돌버섯지의	false	false
北족제비	북족제비	false	false
北쪽點	북쪽점	false	false
北켠	북켠	false	false
匹夫匹婦	필부필부	false	false
匹染色機	필염색기	false	false
匿名	닉명	false	false
匿名投票	닉명투표	false	false
匿名書	닉명서	false	false
匿名하다	닉명하다	false	false
區分函	구분함	false	false
區分員	구분원	false	false
區分符號	구분부호	false	false
區分總和法	구분총화법	false	false
區分臺	구분대	false	false
區分隊	구분대	false	false
區分갈래	구분갈래	false	false
區劃	구획	false	false
區劃暖房	구획난방	false	false
區劃街路樹	구획가로수	false	false
區劃設計	구획설계	false	false
區域	구역	false	false
區域燈불	구역등불	false	false
區域防禦	구역방어	false	false
區域黨	구역당	false	false
區域막기	구역막기	false	false
區洫	구혁	false	false
區界	구계	false	false
區長料米	구장료미	false	false
區間列車	구간렬차	false	false
區間線	구간선	false	false
區間電話通信	구간전화통신	false	false
區黨	구당	false	false
十一年制義務敎育	십일년제의무교육	false	false
十二律	십이률	false	false
十二拍子	십이박자	false	false
十二指腸꼭지	십이지장꼭지	false	false
十二指腸벌레	십이지장벌레	false	false
十二月派文學	십이월파문학	false	false
十二音音列	십이음음렬	false	false
十兩紬	십냥주	false	false
十六分소리標	십륙분소리표	false	false
十字形꽃갓	십자형꽃갓	false	false
十字監	십자감	false	false
十字穹窿	십자궁륭	false	false
十字鏃잇손	십자촉잇손	false	false
十字꼬임쇠바줄	십자꼬임쇠바줄	false	false
十字해파리	십자해파리	false	false
十進符號	십진부호	false	false
十進記數法	십진기수법	false	false
十顚九錯	십전구착	false	false
十顚倒九	십전도구	false	false
千字타령	천자타령	false	false
千岳	천악	false	false
千嶽	천악	false	false
千年艾	천년애	false	false
千殊萬別하다	천수만별하다	false	false
千石君	천석군	false	false
千里之角	천리지각	false	false
千里沃野	천리옥야	false	false
千里血路	천리혈로	false	false
千里馬作業班	천리마작업반	false	false
千里馬學級	천리마학급	false	false
千里馬工場	천리마공장	false	false
千里馬榮譽賞	천리마영예상	false	false
千里馬職場	천리마직장	false	false
千里馬速度	천리마속도	false	false
千里馬運動	천리마운동	false	false
千里馬騎手	천리마기수	false	false
千里馬體	천리마체	false	false
千里鵬程	천리붕정	false	false
千里龍馬	천리룡마	false	false
千金	천금	false	false
千金之身	천금지신	false	false
千金사랑	천금사랑	false	false
千날살이풀	천날살이풀	false	false
千불	천불	false	false
午午	오오	false	false
午辱	오욕	false	false
半中間하다	반중간하다	false	false
半側面攻擊	반측면공격	false	false
半分制	반분제	false	false
半勞動階級	반로동계급	false	false
半印刷品	반인쇄품	false	false
半哀乞	반애걸	false	false
半哀乞하다	반애걸하다	false	false
半固定撮影機	반고정촬영기	false	false
半固定映寫機	반고정영사기	false	false
半固體潤滑	반고체윤활	false	false
半圓磁差	반원자차	false	false
半圓끌	반원끌	false	false
半圓둘레	반원둘레	false	false
半均衡키	반균형키	false	false
半垂直岸壁	반수직안벽	false	false
半壁山河	반벽산하	false	false
半壁江山	반벽강산	false	false
半字活字	반자활자	false	false
半字사이	반자사이	false	false
半安定臨界循環	반안정림계순환	false	false
半宮	반궁	false	false
半實	반실	false	false
半導體三極素子	반도체삼극소자	false	false
半常綠樹	반상록수	false	false
半弄調	반롱조	false	false
半弄談調	반롱담조	false	false
半徑畫	반경화	false	false
半意向	반의향	false	false
半所出	반소출	false	false
半斟酌	반짐작	false	false
半斷	반단	false	false
半斷되다	반단되다	false	false
半斷하다	반단하다	false	false
半月斑紋	반월반문	false	false
半月潮不同	반월조부동	false	false
半月紋	반월문	false	false
半業	반업	false	false
半橫轉	반횡전	false	false
半武裝組織	반무장조직	false	false
半死氣	반사기	false	false
半水中무넘이堰堤	반수중무넘이언제	false	false
半永久火點	반영구화점	false	false
半沙器	반사기	false	false
半流動體	반류동체	false	false
半減層	반감층	false	false
半渡中	반도중	false	false
半渡中하다	반도중하다	false	false
半滲透施設	반삼투시설	false	false
半濾層	반려층	false	false
半無蓋車	반무개차	false	false
半無限堡	반무한보	false	false
半煞풀이장단	반살풀이장단	false	false
半燒硬	반소경	false	false
半獨立採算制	반독립채산제	false	false
半生産半販賣協同組合	반생산반판매협동조합	false	false
半畫面	반화면	false	false
半瞬間공때리기	반순간공때리기	false	false
半硫丸	반류환	false	false
半福	반복	false	false
半糧食	반량식	false	false
半細毛種	반세모종	false	false
半義半音譯	반의반음역	false	false
半脆性材料	반취성재료	false	false
半自動步銃	반자동보총	false	false
半自動盤	반자동반	false	false
半自動흐름線	반자동흐름선	false	false
半舌重音	반설중음	false	false
半裝	반장	false	false
半裝하다	반장하다	false	false
半裸體	반라체	false	false
半褓짐	반보짐	false	false
半負擔馬	반부담마	false	false
半貨物自動車	반화물자동차	false	false
半軍事組織	반군사조직	false	false
半軍服式	반군복식	false	false
半輪月	반륜월	false	false
半輪춤	반륜춤	false	false
半農半勞	반농반로	false	false
半農半漁協同經理	반농반어협동경리	false	false
半農半漁協同農場	반농반어협동농장	false	false
半農半畜産	반농반축산	false	false
半農糧	반농량	false	false
半述語性	반술어성	false	false
半連續式	반련속식	false	false
半連續式壓延機	반련속식압연기	false	false
半都給支拂制	반도급지불제	false	false
半鋼材車	반강재차	false	false
半鋼爐	반강로	false	false
半閉鎖홈	반페쇄홈	false	false
半開放式우리	반개방식우리	false	false
半間接照準射擊	반간접조준사격	false	false
半間통	반간통	false	false
半陳述性	반진술성	false	false
半鞘翅	반초시	false	false
半音半義譯	반음반의역	false	false
半鬼神	반귀신	false	false
半가는털羊	반가는털양	false	false
半겁	반겁	false	false
半겨룸	반겨룸	false	false
半겨룸하다	반겨룸하다	false	false
半겻	반겻	false	false
半귀널사개	반귀널사개	false	false
半길	반길	false	false
半깃살	반깃살	false	false
半나비鏃널사개	반나비촉널사개	false	false
半나절갈이	반나절갈이	false	false
半날週期미세기	반날주기미세기	false	false
半낮	반낮	false	false
半높은母音	반높은모음	false	false
半눈치	반눈치	false	false
半닫긴母音	반닫긴모음	false	false
半닫긴홈	반닫긴홈	false	false
半달括弧	반달괄호	false	false
半달水門	반달수문	false	false
半달錐	반달추	false	false
半달門짝	반달문짝	false	false
半달꽃煎	반달꽃전	false	false
半달망치	반달망치	false	false
半달모기	반달모기	false	false
半달무늬거미	반달무늬거미	false	false
半달묶음標	반달묶음표	false	false
半달미세기안같기	반달미세기안같기	false	false
半달바돌	반달바돌	false	false
半달오리	반달오리	false	false
半달자	반달자	false	false
半달집모기	반달집모기	false	false
半달톱	반달톱	false	false
半당針	반당침	false	false
半동이	반동이	false	false
半두點	반두점	false	false
半두루지	반두루지	false	false
半모습像	반모습상	false	false
半물알	반물알	false	false
半바탕무늬	반바탕무늬	false	false
半배짐	반배짐	false	false
半뼈벌레	반뼈벌레	false	false
半사개맞춤	반사개맞춤	false	false
半살窓式	반살창식	false	false
半살窓式바닥	반살창식바닥	false	false
半스밈施設	반스밈시설	false	false
半실이	반실이	false	false
半얼魂	반얼혼	false	false
半열린母音	반열린모음	false	false
半열린홈	반열린홈	false	false
半올림法	반올림법	false	false
半움	반움	false	false
半이김	반이김	false	false
半이소리	반이소리	false	false
半입속말	반입속말	false	false
半접이	반접이	false	false
半접이하다	반접이하다	false	false
半주검	반주검	false	false
半줄緋緞고기	반줄비단고기	false	false
半줄음	반줄음	false	false
半줄음時間	반줄음시간	false	false
半줄음두께	반줄음두께	false	false
半줄음하다	반줄음하다	false	false
半짐車	반짐차	false	false
半쪽나비사개	반쪽나비사개	false	false
半철農糧	반철농량	false	false
半칼깃	반칼깃	false	false
半터짐	반터짐	false	false
半털外套	반털외투	false	false
半판	반판	false	false
卍字미닫이	완자미닫이	false	false
卑劣性	비렬성	false	false
卑怯分子	비겁분자	false	false
卑怯스럽다	비겁스럽다	false	false
卑怯스레	비겁스레	false	false
卒兵	졸병	false	false
卒將棋	졸장기	false	false
卒瘖	졸암	false	false
卓	탁	false	false
卓上日曆	탁상일력	false	false
卓上演習	탁상연습	false	false
卓上理論	탁상리론	false	false
卓上鐘鉢時計	탁상종발시계	false	false
卓球알	탁구알	false	false
卓超	탁초	false	false
卓超하다	탁초하다	false	false
協力군	협력군	false	false
協助演出	협조연출	false	false
協助隊	협조대	false	false
協同企業	협동기업	false	false
協同動作	협동동작	false	false
協同團體	협동단체	false	false
協同團體利益金	협동단체리익금	false	false
協同攻擊戰術	협동공격전술	false	false
協同生産	협동생산	false	false
協同的	협동적	false	false
協同的所有	협동적소유	false	false
協同組合	협동조합	false	false
協同經濟	협동경제	false	false
協同經理	협동경리	false	false
協同貿易	협동무역	false	false
協同資材	협동자재	false	false
協同農場	협동농장	false	false
協同農場規約	협동농장규약	false	false
協同農民	협동농민	false	false
協同벌	협동벌	false	false
協和和音	협화화음	false	false
協奏團	협주단	false	false
協議制機關	협의제기관	false	false
南北朝鮮	남북조선	false	false
南北朝鮮政黨社會團體代表者連席會議	남북조선정당사회단체대표자련석회의	false	false
南北朝鮮諸政黨社會團體連席會議	남북조선제정당사회단체련석회의	false	false
南北聯邦制	남북련방제	false	false
南北關	남북관	false	false
南北머리	남북머리	false	false
南南協助	남남협조	false	false
南席받이	남석받이	false	false
南方針파리	남방침파리	false	false
南方닻채찍벌레	남방닻채찍벌레	false	false
南方빈대	남방빈대	false	false
南方원숭이	남방원숭이	false	false
南方털물벼룩	남방털물벼룩	false	false
南朝鮮	남조선	false	false
南朝鮮革命	남조선혁명	false	false
南極氣候帶	남극기후대	false	false
南極반디건뎅이	남극반디건뎅이	false	false
南浦直轄市	남포직할시	false	false
南海骨甲채찍벌레	남해골갑채찍벌레	false	false
南海고래	남해고래	false	false
南海꽃게	남해꽃게	false	false
南道내기	남도내기	false	false
南道지게	남도지게	false	false
南陸界	남륙계	false	false
南쪽點	남쪽점	false	false
博士童	박사동	false	false
博士院	박사원	false	false
占術군	점술군	false	false
占風鐸	점풍탁	false	false
占치다	점치다	false	false
卦文	괘문	false	false
印	인	false	false
印刷合金	인쇄합금	false	false
印刷曲線	인쇄곡선	false	false
印刷筒方席	인쇄통방석	false	false
印刷箔紙	인쇄박지	false	false
印刷要素	인쇄요소	false	false
印刷흐림	인쇄흐림	false	false
印度紫檀香나무	인도자단향나무	false	false
印度語群	인도어군	false	false
印度들羊	인도들양	false	false
印汁	인즙	false	false
印象評價	인상평가	false	false
印박다	인박다	false	false
危亂之時	위란지시	false	false
危忠	위충	false	false
危禍	위화	false	false
危視	위시	false	false
危視하다	위시하다	false	false
危險牧場	위험목장	false	false
危險짐	위험짐	false	false
卵分割	란분할	false	false
卵割	란할	false	false
卵原細胞	란원세포	false	false
卵囊	란낭	false	false
卵圓孔	란원공	false	false
卵圓形	란원형	false	false
卵圓窓	란원창	false	false
卵子	란자	false	false
卵子生殖	란자생식	false	false
卵巢	란소	false	false
卵巢囊胞	란소낭포	false	false
卵巢囊腫	란소낭종	false	false
卵巢妊娠	란소임신	false	false
卵巢機能	란소기능	false	false
卵巢炎	란소염	false	false
卵巢癌	란소암	false	false
卵巢纖維腫	란소섬유종	false	false
卵巢肉腫	란소육종	false	false
卵巢脫落症狀	란소탈락증상	false	false
卵底	란저	false	false
卵形	란형	false	false
卵心	란심	false	false
卵核	란핵	false	false
卵殼	란각	false	false
卵殼膜	란각막	false	false
卵母細胞	란모세포	false	false
卵燈	란등	false	false
卵生	란생	false	false
卵生動物	란생동물	false	false
卵生하다	란생하다	false	false
卵用種	란용종	false	false
卵白	란백	false	false
卵白水	란백수	false	false
卵白版	란백판	false	false
卵白粉	란백분	false	false
卵白素	란백소	false	false
卵白色	란백색	false	false
卵盒	란합	false	false
卵管	란관	false	false
卵管水腫	란관수종	false	false
卵管炎	란관염	false	false
卵管通氣法	란관통기법	false	false
卵粉	란분	false	false
卵精巢	란정소	false	false
卵精腺	란정선	false	false
卵細胞	란세포	false	false
卵細胞質	란세포질	false	false
卵翼	란익	false	false
卵翼하다	란익하다	false	false
卵肉兼用	란육겸용	false	false
卵育	란육	false	false
卵育하다	란육하다	false	false
卵胎生	란태생	false	false
卵胞	란포	false	false
卵胞子	란포자	false	false
卵膜	란막	false	false
卵醢	란해	false	false
卵門	란문	false	false
卵面	란면	false	false
卵黃	란황	false	false
卵黃囊	란황낭	false	false
卵黃色	란황색	false	false
卽日宣告制	즉일선고제	false	false
卽時式運營	즉시식운영	false	false
卽時體系	즉시체계	false	false
卽殺湯	즉살탕	false	false
卽興行動	즉흥행동	false	false
卽裁	즉재	false	false
卽裁하다	즉재하다	false	false
厚禮	후례	false	false
厚膜葉植物	후막엽식물	false	false
原價低下	원가저하	false	false
原勞力	원로력	false	false
原原原種	원원원종	false	false
原原母種	원원모종	false	false
原原種누에알	원원종누에알	false	false
原單位消費基準	원단위소비기준	false	false
原因副文	원인부문	false	false
原圖作業	원도작업	false	false
原圖美術	원도미술	false	false
原型	원형	false	false
原始人間무리	원시인간무리	false	false
原子分子說	원자분자설	false	false
原子原動機	원자원동기	false	false
原子屈折	원자굴절	false	false
原子時單位	원자시단위	false	false
原子砲兵	원자포병	false	false
原子碎氷船	원자쇄빙선	false	false
原子裝藥	원자장약	false	false
原子防禦	원자방어	false	false
原子電子	원자전자	false	false
原子값角	원자값각	false	false
原子값電子	원자값전자	false	false
原子값가림規則	원자값가림규칙	false	false
原屬기둥	원속기둥	false	false
原形質流動	원형질류동	false	false
原招	원초	false	false
原料基地	원료기지	false	false
原料실	원료실	false	false
原油化學工業	원유화학공업	false	false
原油地質學	원유지질학	false	false
原油收縮	원유수축	false	false
原油脫水脫鹽	원유탈수탈염	false	false
原油誘導	원유유도	false	false
原油모래	원유모래	false	false
原油밭	원유밭	false	false
原油비뜸	원유비뜸	false	false
原油샘	원유샘	false	false
原洑	원보	false	false
原理敎育	원리교육	false	false
原理敎養	원리교양	false	false
原種누에	원종누에	false	false
原種누에알	원종누에알	false	false
原種닭	원종닭	false	false
原種알	원종알	false	false
原結合	원결합	false	false
原菌	원균	false	false
原葉	원엽	false	false
原辭	원사	false	false
原速度	원속도	false	false
原鐵爐	원철로	false	false
原隰之役	원습지역	false	false
原기둥	원기둥	false	false
原길	원길	false	false
原껍질層	원껍질층	false	false
原넌출	원넌출	false	false
原누에알	원누에알	false	false
原눈	원눈	false	false
原대	원대	false	false
原대가지치기	원대가지치기	false	false
原보	원보	false	false
原보짱	원보짱	false	false
原서술	원서술	false	false
原잎	원잎	false	false
原코	원코	false	false
原콩팥管	원콩팥관	false	false
厭世派	염세파	false	false
厭症꾸러기	염증꾸러기	false	false
厲兌	려태	false	false
厲壇	려단	false	false
厲氣	려기	false	false
厲祭	려제	false	false
厲祭壇	려제단	false	false
厲聲	려성	false	false
厲聲하다	려성하다	false	false
厲色	려색	false	false
厲行	려행	false	false
厲行되다	려행되다	false	false
厲行하다	려행하다	false	false
厲階	려계	false	false
厲鬼	려귀	false	false
去來心痛	거래심통	false	false
去來收入金	거래수입금	false	false
去來痛	거래통	false	false
去宛陳莝	거완진좌	false	false
去弊	거페	false	false
去弊生弊	거페생페	false	false
去弊하다	거페하다	false	false
參外人員	참외인원	false	false
參謀일군	참모일군	false	false
參議	참의	false	false
參議會	참의회	false	false
叉狀分枝	차상분지	false	false
友交	우교	false	false
反	반	false	false
反上陸地雷	반상륙지뢰	false	false
反上陸防禦	반상륙방어	false	false
反作用機關	반작용기관	false	false
反俗	반속	false	false
反光	반광	false	false
反動文化	반동문화	false	false
反包圍	반포위	false	false
反化學	반화학	false	false
反反誘導彈	반반유도탄	false	false
反命題	반명제	false	false
反宇宙防禦	반우주방어	false	false
反定理	반정리	false	false
反射代名詞	반사대명사	false	false
反射公理	반사공리	false	false
反射顯微鏡	반사현미경	false	false
反射곁數	반사곁수	false	false
反射길	반사길	false	false
反對元素	반대원소	false	false
反對判斷	반대판단	false	false
反對命題	반대명제	false	false
反對定理	반대정리	false	false
反對數	반대수	false	false
反對감침	반대감침	false	false
反對그림	반대그림	false	false
反復	반복	false	false
反復命令文	반복명령문	false	false
反復態	반복태	false	false
反復手法	반복수법	false	false
反復括弧	반복괄호	false	false
反復構造型計算機	반복구조형계산기	false	false
反復섞붙임育種法	반복섞붙임육종법	false	false
反復세기	반복세기	false	false
反復짐	반복짐	false	false
反應帶	반응대	false	false
反應方程式	반응방정식	false	false
反應構造	반응구조	false	false
反應鎔鍊	반응용련	false	false
反應테	반응테	false	false
反戰車	반전차	false	false
反打擊	반타격	false	false
反打擊戰	반타격전	false	false
反打擊하다	반타격하다	false	false
反探映畫	반탐영화	false	false
反探物	반탐물	false	false
反搖音	반요음	false	false
反撥공차기	반발공차기	false	false
反映	반영	false	false
反映文	반영문	false	false
反映되다	반영되다	false	false
反映하다	반영하다	false	false
反核防衛	반핵방위	false	false
反核알갱이	반핵알갱이	false	false
反步	반보	false	false
反步兵信號地雷	반보병신호지뢰	false	false
反步兵地雷	반보병지뢰	false	false
反步兵手榴彈	반보병수류탄	false	false
反步兵遮斷物	반보병차단물	false	false
反步兵陷穽	반보병함정	false	false
反水雷裝甲	반수뢰장갑	false	false
反浪費	반랑비	false	false
反準備打擊	반준비타격	false	false
反潛搜索	반잠수색	false	false
反潛界線	반잠계선	false	false
反潛防禦	반잠방어	false	false
反異常燃燒性	반이상연소성	false	false
反砲機動	반포기동	false	false
反砲鬪爭	반포투쟁	false	false
反社會主義的形態	반사회주의적형태	false	false
反突擊	반돌격	false	false
反突擊戰	반돌격전	false	false
反突擊하다	반돌격하다	false	false
反突進	반돌진	false	false
反突進하다	반돌진하다	false	false
反粒子	반립자	false	false
反結合回路	반결합회로	false	false
反結合操縱	반결합조종	false	false
反結合操縱體系	반결합조종체계	false	false
反結合校正	반결합교정	false	false
反結合磁氣增幅器	반결합자기증폭기	false	false
反艇防禦	반정방어	false	false
反衝	반충	false	false
反裝甲	반장갑	false	false
反裝甲火力機材	반장갑화력기재	false	false
反覺	반각	false	false
反誘導彈	반유도탄	false	false
反謝	반사	false	false
反證敎養	반증교양	false	false
反貪汚	반탐오	false	false
反赤道流	반적도류	false	false
反轉層	반전층	false	false
反電波探知僞裝	반전파탐지위장	false	false
反電波障礙物	반전파장애물	false	false
反面	반면	false	false
反魚雷網	반어뢰망	false	false
反黨宗派分子	반당종파분자	false	false
反黨異色分子	반당이색분자	false	false
反쪽細胞	반쪽세포	false	false
叔祖父母	숙조부모	false	false
取利	취리	false	false
取利하다	취리하다	false	false
取扱員	취급원	false	false
取消主義	취소주의	false	false
取消派	취소파	false	false
取義法	취의법	false	false
取音器	취음기	false	false
取音法	취음법	false	false
受假	수가	false	false
受假하다	수가하다	false	false
受動相	수동상	false	false
受喫	수긱	false	false
受喫하다	수긱하다	false	false
受精型	수정형	false	false
受精安定틀	수정안정틀	false	false
受精率	수정률	false	false
受精알	수정알	false	false
受贓罪	수장죄	false	false
叢攢	총찬	false	false
叢辰	총신	false	false
叢辰하다	총신하다	false	false
口形눈椄	구형눈접	false	false
口徑가두배추	구경가두배추	false	false
口生乳臭	구생유취	false	false
口答	구답	false	false
口答試驗	구답시험	false	false
口腔科	구강과	false	false
口號唱	구호창	false	false
口號唱하다	구호창하다	false	false
口號文獻	구호문헌	false	false
口號木	구호목	false	false
口號隊	구호대	false	false
口號나무	구호나무	false	false
口號바위	구호바위	false	false
口訣略字	구결략자	false	false
口陳하다	구진하다	false	false
口頭創作	구두창작	false	false
口頭感謝	구두감사	false	false
古主	고주	false	false
古今儒賢	고금유현	false	false
古代埃及曆書	고대애급력서	false	false
古典大家	고전대가	false	false
古典家	고전가	false	false
古典物	고전물	false	false
古典病	고전병	false	false
古典的勞作	고전적로작	false	false
古典統計物理學	고전통계물리학	false	false
古典電氣力學	고전전기력학	false	false
古地磁氣年代測定法	고지자기년대측정법	false	false
古地貌圖	고지모도	false	false
古布	고포	false	false
古布織	고포직	false	false
古布纖維	고포섬유	false	false
古布실	고포실	false	false
古期平野	고기평야	false	false
古期植物	고기식물	false	false
古豐郡	고풍군	false	false
古銘	고명	false	false
古風줄	고풍줄	false	false
古티	고티	false	false
另別하다	령별하다	false	false
另別히	령별히	false	false
另力	령력	false	false
另力하다	령력하다	false	false
另念	령념	false	false
另念하다	령념하다	false	false
另日	령일	false	false
另眼相看	령안상간	false	false
另錄	령록	false	false
另錄하다	령록하다	false	false
叫喊	규함	false	false
叫號聲	규호성	false	false
可信數字	가신수자	false	false
可動對位法	가동대위법	false	false
可動嵌合	가동감합	false	false
可動度	가동도	false	false
可動洑	가동보	false	false
可動鐵車	가동철차	false	false
可動무넘이	가동무넘이	false	false
可匠里壁畫무덤	가장리벽화무덤	false	false
可憤하다	가분하다	false	false
可撓裝置	가요장치	false	false
可照時數	가조시수	false	false
可燃性泥巖	가연성니암	false	false
可痛可憤하다	가통가분하다	false	false
可縮性동발	가축성동발	false	false
可能事	가능사	false	false
可能收穫高	가능수확고	false	false
可能法	가능법	false	false
可論하다	가론하다	false	false
可變周波數合成機	가변주파수합성기	false	false
可變營養生長性	가변영양생장성	false	false
可變遲延線	가변지연선	false	false
可變턱論理	가변턱론리	false	false
可讚하다	가찬하다	false	false
可鍛	가단	false	false
可鍛金屬	가단금속	false	false
可鎔安全器	가용안전기	false	false
可鎔片	가용편	false	false
可鎔線	가용선	false	false
可附番個	가부번개	false	false
可커니否커니	가커니부커니	false	false
叱咤漫罵	질타만매	false	false
叱咤漫罵하다	질타만매하다	false	false
史唯	사유	false	false
史跡物	사적물	false	false
右側方室瓣膜	우측방실판막	false	false
右側淋巴管	우측림파관	false	false
右傾	우경	false	false
右內攻擊手	우내공격수	false	false
右列	우렬	false	false
右派民族主義	우파민족주의	false	false
右理方府	우리방부	false	false
右翼中間防禦手	우익중간방어수	false	false
右翼攻擊手	우익공격수	false	false
右翼民族主義	우익민족주의	false	false
右翼社會主義	우익사회주의	false	false
右翼社會民主主義	우익사회민주주의	false	false
右翼防禦手	우익방어수	false	false
右舷浮標	우현부표	false	false
右記	우기	false	false
右黨	우당	false	false
叵測하다	파측하다	false	false
司令制	사령제	false	false
司令指揮體系	사령지휘체계	false	false
司令聯動裝置	사령련동장치	false	false
司令長	사령장	false	false
司令電話	사령전화	false	false
司法檢察機關	사법검찰기관	false	false
司法일군	사법일군	false	false
吃水量	흘수량	false	false
各叙其生	각서기생	false	false
各姓내기	각성내기	false	false
各姓받이	각성받이	false	false
各散分立	각산분립	false	false
各環	각환	false	false
各甚하다	각심하다	false	false
各葬	각장	false	false
各葬하다	각장하다	false	false
合中聲	합중성	false	false
合作社	합작사	false	false
合像	합상	false	false
合列	합렬	false	false
合列되다	합렬되다	false	false
合列하다	합렬하다	false	false
合同	합동	false	false
合同對位法	합동대위법	false	false
合唱	합창	false	false
合唱되다	합창되다	false	false
合唱하다	합창하다	false	false
合土	합토	false	false
合土碑	합토비	false	false
合土祭	합토제	false	false
合土되다	합토되다	false	false
合土하다	합토하다	false	false
合宿	합숙	false	false
合平均	합평균	false	false
合平均되다	합평균되다	false	false
合平均하다	합평균하다	false	false
合成分潮	합성분조	false	false
合成尿素	합성뇨소	false	false
合成樹脂法	합성수지법	false	false
合成樹脂종이	합성수지종이	false	false
合成法	합성법	false	false
合成洗滌劑	합성세척제	false	false
合成演出	합성연출	false	false
合成演出하다	합성연출하다	false	false
合成照明	합성조명	false	false
合成略語	합성략어	false	false
合成略語法	합성략어법	false	false
合成的關係	합성적관계	false	false
合成絹실	합성견실	false	false
合成纖維종이	합성섬유종이	false	false
合成色감	합성색감	false	false
合成複合文	합성복합문	false	false
合成述語	합성술어	false	false
合成錄音	합성록음	false	false
合成音	합성음	false	false
合成가죽	합성가죽	false	false
合成돌비늘	합성돌비늘	false	false
合成먹이	합성먹이	false	false
合成살틀	합성살틀	false	false
合成종이	합성종이	false	false
合成흔들이	합성흔들이	false	false
合施一律	합시일률	false	false
合施一律되다	합시일률되다	false	false
合施一律하다	합시일률하다	false	false
合條	합조	false	false
合條機	합조기	false	false
合水물	합수물	false	false
合法的鬪爭	합법적투쟁	false	false
合法鬪爭	합법투쟁	false	false
合漲	합창	false	false
合漲되다	합창되다	false	false
合漲하다	합창하다	false	false
合營	합영	false	false
合營되다	합영되다	false	false
合營하다	합영하다	false	false
合瓣花植物	합판화식물	false	false
合瓣萼	합판악	false	false
合生果	합생과	false	false
合病	합병	false	false
合病되다	합병되다	false	false
合積車	합적차	false	false
合窓式모板	합창식모판	false	false
合計器具	합계기구	false	false
合讀	합독	false	false
合讀되다	합독되다	false	false
合讀하다	합독하다	false	false
合適하다	합적하다	false	false
合適히	합적히	false	false
合金元素鑛物	합금원소광물	false	false
合친꽃	합친꽃	false	false
合친꽃植物	합친꽃식물	false	false
合친꽃갓	합친꽃갓	false	false
合친꽃받침	합친꽃받침	false	false
合친말	합친말	false	false
合친수꽃술	합친수꽃술	false	false
合친암꽃술	합친암꽃술	false	false
合친코	합친코	false	false
合침	합침	false	false
合침法	합침법	false	false
同令夫人	동령부인	false	false
同伴射擊	동반사격	false	false
同伴木	동반목	false	false
同位元素變位	동위원소변위	false	false
同參	동참	false	false
同名傳調	동명전조	false	false
同名異物	동명이물	false	false
同型넘기기	동형넘기기	false	false
同夫人	동부인	false	false
同定體系	동정체계	false	false
同居집	동거집	false	false
同庚林	동경림	false	false
同心	동심	false	false
同心法	동심법	false	false
同心的	동심적	false	false
同心누름龍鬚鐵	동심누름용수철	false	false
同志	동지	false	false
同志人	동지인	false	false
同志友愛心	동지우애심	false	false
同情休學	동정휴학	false	false
同族同根	동족동근	false	false
同時反則	동시반칙	false	false
同時態	동시태	false	false
同時撮影	동시촬영	false	false
同時生	동시생	false	false
同時生異常마당	동시생이상마당	false	false
同時發火器	동시발화기	false	false
同時磁化曲線	동시자화곡선	false	false
同牀異夢	동상이몽	false	false
同甲	동갑	false	false
同甲歲	동갑세	false	false
同甲또래	동갑또래	false	false
同盟生活	동맹생활	false	false
同盟費	동맹비	false	false
同相增幅곁數	동상증폭곁수	false	false
同種成分	동종성분	false	false
同種文章成分	동종문장성분	false	false
同種相斥	동종상척	false	false
同等關係	동등관계	false	false
同義要請	동의요청	false	false
同調	동조	false	false
同調同感	동조동감	false	false
同調運動	동조운동	false	false
同質地盤	동질지반	false	false
同質異形	동질이형	false	false
同質異形體	동질이형체	false	false
同輩生	동배생	false	false
同道同志	동도동지	false	false
同道進行	동도진행	false	false
同鄕契	동향계	false	false
同鄕感	동향감	false	false
同音異義譯	동음이의역	false	false
同音譯	동음역	false	false
同類뿌리式	동류뿌리식	false	false
同때	동때	false	false
名上品	명상품	false	false
名主簿	명주부	false	false
名士甲富	명사갑부	false	false
名對案	명대안	false	false
名岳	명악	false	false
名嶽	명악	false	false
名庵	명암	false	false
名畫幅	명화폭	false	false
名目勞賃	명목로임	false	false
名目生活費	명목생활비	false	false
名目財産稅	명목재산세	false	false
名節一色	명절일색	false	false
名節色	명절색	false	false
名篇佳作	명편가작	false	false
名菴	명암	false	false
名見	명견	false	false
名詞合成述語	명사합성술어	false	false
名詞述辭	명사술사	false	false
名詞部	명사부	false	false
名說	명설	false	false
名譽稱號	명예칭호	false	false
名譽衛兵隊	명예위병대	false	false
名銜張	명함장	false	false
吏債	리채	false	false
吏僚	리료	false	false
吏兵判	리병판	false	false
吏兵批	리병비	false	false
吏典	리전	false	false
吏判	리판	false	false
吏吐	리토	false	false
吏員	리원	false	false
吏套	리투	false	false
吏奴作隊	리노작대	false	false
吏屬	리속	false	false
吏役	리역	false	false
吏戶	리호	false	false
吏房	리방	false	false
吏才	리재	false	false
吏才手腕	리재수완	false	false
吏批	리비	false	false
吏文	리문	false	false
吏文庭試	리문정시	false	false
吏書	리서	false	false
吏曹	리조	false	false
吏曹判書	리조판서	false	false
吏札	리찰	false	false
吏校	리교	false	false
吏校奴令	리교노령	false	false
吏案	리안	false	false
吏民	리민	false	false
吏治	리치	false	false
吏筆	리필	false	false
吏習	리습	false	false
吏胥	리서	false	false
吏議	리의	false	false
吏讀	리두	false	false
吏輩	리배	false	false
吏輩치	리배치	false	false
吏逋	리포	false	false
吏道	리도	false	false
吏部	리부	false	false
吏鄕	리향	false	false
吏防衙前	리방아전	false	false
吏額	리액	false	false
吐出水	토출수	false	false
向位	향위	false	false
向座	향좌	false	false
向心加速度	향심가속도	false	false
向斜褶曲	향사습곡	false	false
向熱性	향열성	false	false
向精神藥物	향정신약물	false	false
向電性	향전성	false	false
君勞臣逸	군로신일	false	false
君父一體	군부일체	false	false
吝嗇漢	린색한	false	false
吝嗇하다	린색하다	false	false
吝嗇히	린색히	false	false
吝하다	린하다	false	false
吠風月	페풍월	false	false
否定人物	부정인물	false	false
否定役	부정역	false	false
含水度	함수도	false	false
含水石	함수석	false	false
含油徵候	함유징후	false	false
含炭徵候	함탄징후	false	false
含炭率	함탄률	false	false
含腹鼓腹	함복고복	false	false
含蓄	함축	false	false
含酸素酸	함산소산	false	false
含鑛	함광	false	false
含鑛徵候	함광징후	false	false
含鑛構造	함광구조	false	false
含鑛결數	함광곁수	false	false
吸入治療	흡입치료	false	false
吸塵裝置	흡진장치	false	false
吸塵車	흡진차	false	false
吸引解産術	흡인해산술	false	false
吸收器	흡수기	false	false
吸收式冷凍機	흡수식랭동기	false	false
吸收用量	흡수용량	false	false
吸收複合體	흡수복합체	false	false
吸收겉面積	흡수겉면적	false	false
吸熱材	흡열재	false	false
吸盤魚	흡반어	false	false
吸着複合體	흡착복합체	false	false
吸着試藥	흡착시약	false	false
吸着電流	흡착전류	false	false
吸着먹이	흡착먹이	false	false
吸着비김	흡착비김	false	false
吸紙	흡지	false	false
吸綿機	흡면기	false	false
吸血網	흡혈망	false	false
吹奏樂合奏	취주악합주	false	false
吹氣변	취기변	false	false
吹管대	취관대	false	false
吹花癬	취화선	false	false
吹藥	취약	false	false
吹鐵幕	취철막	false	false
呂宋煙	려송연	false	false
告達	고달	false	false
呢喃	니남	false	false
周到細密하다	주도세밀하다	false	false
周到細密히	주도세밀히	false	false
周匝하다	주잡하다	false	false
周回時間	주회시간	false	false
周廻法	주회법	false	false
周愼	주신	false	false
周愼하다	주신하다	false	false
周波數分集受信	주파수분집수신	false	false
周波數差檢出	주파수차검출	false	false
周邊效果	주변효과	false	false
周邊電動式	주변전동식	false	false
周邊電動式濃縮機	주변전동식농축기	false	false
周鉢들이	주발들이	false	false
周鉢들이하다	주발들이하다	false	false
呵責感	가책감	false	false
呼出選擇機	호출선택기	false	false
呼出隊號	호출대호	false	false
呼吸之間	호흡지간	false	false
呼吸分時量	호흡분시량	false	false
呼吸律動調節中樞	호흡률동조절중추	false	false
呼吸管	호흡관	false	false
呼吸결數	호흡곁수	false	false
呼應販賣	호응판매	false	false
呼格토	호격토	false	false
命中射擊	명중사격	false	false
命中砲彈	명중포탄	false	false
命中砲聲	명중포성	false	false
命中넓이	명중넓이	false	false
命令主義	명령주의	false	false
命令登錄器	명령등록기	false	false
命令表彰	명령표창	false	false
命令解信器	명령해신기	false	false
命名文	명명문	false	false
命名語	명명어	false	false
命敎	명교	false	false
命聞利養	명문리양	false	false
命課	명과	false	false
命길이국수	명길이국수	false	false
和坪郡	화평군	false	false
和睦童	화목동	false	false
和聲	화성	false	false
和聲的大調式	화성적대조식	false	false
和聲的小調式	화성적소조식	false	false
和聲調式	화성조식	false	false
咨文表紙	자문표지	false	false
咫尺	지척	false	false
咳嗽血	해수혈	false	false
咸北메새	함북메새	false	false
咸北상어	함북상어	false	false
哀冊文玉	애책문옥	false	false
哀怨스럽다	애원스럽다	false	false
哀意	애의	false	false
哀絕凄切하다	애절처절하다	false	false
哀絕痛絕하다	애절통절하다	false	false
哀願스럽다	애원스럽다	false	false
品別機	품별기	false	false
品種섞어심기	품종섞어심기	false	false
品詞轉換	품사전환	false	false
品詞바꿈法	품사바꿈법	false	false
哨兵	초병	false	false
哨兵線	초병선	false	false
哨所	초소	false	false
唐冊	당책	false	false
唐冊쟁이	당책쟁이	false	false
唐惶急急하다	당황급급하다	false	false
唐慌急急하다	당황급급하다	false	false
唐樂장단	당악장단	false	false
唐瘧疾	당학질	false	false
唐고의	당고의	false	false
唐콩	당콩	false	false
唐콩粥	당콩죽	false	false
唐콩細菌病	당콩세균병	false	false
唐콩떡	당콩떡	false	false
唐콩말	당콩말	false	false
唐콩밥	당콩밥	false	false
唯一價格	유일가격	false	false
唯一提綱	유일제강	false	false
唯獨히	유독히	false	false
唱入	창입	false	false
唱入하다	창입하다	false	false
唱歌隊	창가대	false	false
唱歌쟁이	창가쟁이	false	false
唾液농마分解酵素	타액농마분해효소	false	false
商品宣傳畫	상품선전화	false	false
商品的形態	상품적형태	false	false
商品알穀	상품알곡	false	false
商品알림	상품알림	false	false
商業圖案	상업도안	false	false
商業奉仕	상업봉사	false	false
商業奉仕所	상업봉사소	false	false
商業形態	상업형태	false	false
商業手形	상업수형	false	false
商業流通	상업류통	false	false
商業流通網	상업류통망	false	false
商業的形態	상업적형태	false	false
商業管理所	상업관리소	false	false
商業節	상업절	false	false
商業荷重	상업하중	false	false
商業附加金	상업부가금	false	false
商標천	상표천	false	false
商租權	상조권	false	false
商租界	상조계	false	false
問安하님	문안하님	false	false
問答室	문답실	false	false
問答形體系	문답형체계	false	false
問答暗號	문답암호	false	false
問答通信體系	문답통신체계	false	false
問題方向語	문제방향어	false	false
啓蒙期文學	계몽기문학	false	false
啓閉	계페	false	false
啞啞	아아	false	false
善聲	선성	false	false
善良氣	선량기	false	false
善良스럽다	선량스럽다	false	false
喇叭手	나팔수	false	false
喇叭甁	나팔병	false	false
喇叭管털벌레	나팔관털벌레	false	false
喇叭꽃地衣	나팔꽃지의	false	false
喇叭무넘이	나팔무넘이	false	false
喇叭소리	나팔소리	false	false
喇叭짓	나발짓	false	false
喇叭짓하다	나발짓하다	false	false
喇叭통	나발통	false	false
喉舌	후설	false	false
喉頭室脫出症	후두실탈출증	false	false
喊話	함화	false	false
喘息丸	천식환	false	false
喘息藥풀	천식약풀	false	false
喜劇쟁이	희극쟁이	false	false
喜蛛	희주	false	false
喪事말	상사말	false	false
喪婚大事	상혼대사	false	false
喪家집	상가집	false	false
喪手巾	상수건	false	false
喪滅	상멸	false	false
喪滅되다	상멸되다	false	false
喪滅하다	상멸하다	false	false
喪輿幕	상여막	false	false
喪輿都家	상여도가	false	false
喪輿집	상여집	false	false
喪두군	상두군	false	false
喬木世祿	교목세록	false	false
喬陵	교릉	false	false
單一判斷	단일판단	false	false
單一周波數合成機	단일주파수합성기	false	false
單一小片	단일소편	false	false
單一展開	단일전개	false	false
單一所得稅制度	단일소득세제도	false	false
單一文	단일문	false	false
單一構成文	단일구성문	false	false
單一處理體系	단일처리체계	false	false
單一都給支佛制	단일도급지불제	false	false
單一都給賃金制	단일도급임금제	false	false
單一반성뚝	단일반성뚝	false	false
單世帶집	단세대집	false	false
單中心論	단중심론	false	false
單交代	단교대	false	false
單位자化	단위자화	false	false
單位자體系	단위자체계	false	false
單作經理	단작경리	false	false
單信方式	단신방식	false	false
單側帶波通信體系	단측대파통신체계	false	false
單傳密府	단전밀부	false	false
單分子反應	단분자반응	false	false
單動機械손	단동기계손	false	false
單動遠隔模寫機械손	단동원격모사기계손	false	false
單動非模寫機械손	단동비모사기계손	false	false
單圓筒乾燥器	단원통건조기	false	false
單圓錐投影法	단원추투영법	false	false
單子놀음	단자놀음	false	false
單字採字機	단자채자기	false	false
單室墳	단실분	false	false
單寫型	단사형	false	false
單層숲	단층숲	false	false
單式操車場	단식조차장	false	false
單式貯水池潮水力發電所	단식저수지조수력발전소	false	false
單式매달이裝置	단식매달이장치	false	false
單式우리	단식우리	false	false
單扮裝	단분장	false	false
單方鉛硬膏	단방연경고	false	false
單板圓削機	단판원삭기	false	false
單板平削機	단판평삭기	false	false
單板紙	단판지	false	false
單枚映寫機	단매영사기	false	false
單枚畫面	단매화면	false	false
單極性三極素子	단극성삼극소자	false	false
單機突擊	단기돌격	false	false
單機能地帶	단기능지대	false	false
單版紙印刷	단판지인쇄	false	false
單牌짝	단패짝	false	false
單獨出廷	단독출정	false	false
單獨式引拔機	단독식인발기	false	false
單獨捲揚機	단독권양기	false	false
單獨材	단독재	false	false
單獨的價値形態	단독적가치형태	false	false
單獨突擊	단독돌격	false	false
單獨線	단독선	false	false
單獨葬禮	단독장례	false	false
單獨하다	단독하다	false	false
單番結束	단번결속	false	false
單番連絡	단번련락	false	false
單番차넣기	단번차넣기	false	false
單發命中	단발명중	false	false
單相接地맞닿이	단상접지맞닿이	false	false
單相軟膏	단상연고	false	false
單純三部分形式	단순삼부분형식	false	false
單純二部分形式	단순이부분형식	false	false
單純合침法	단순합침법	false	false
單純商品經濟	단순상품경제	false	false
單純單一文	단순단일문	false	false
單純型鋼	단순형강	false	false
單純成分	단순성분	false	false
單純搖動式	단순요동식	false	false
單純搖動式턱形破碎機	단순요동식턱형파쇄기	false	false
單純數詞	단순수사	false	false
單純時間賃金制	단순시간임금제	false	false
單純模倣	단순모방	false	false
單純沐浴	단순목욕	false	false
單純浴	단순욕	false	false
單純物質	단순물질	false	false
單純立方살窓	단순립방살창	false	false
單純管길	단순관길	false	false
單純系統間雜種	단순계통간잡종	false	false
單純結合	단순결합	false	false
單純縣垂	단순현수	false	false
單純述語	단순술어	false	false
單純鑛石	단순광석	false	false
單純音程	단순음정	false	false
單索	단삭	false	false
單索式	단삭식	false	false
單索式索道	단삭식삭도	false	false
單索道	단삭도	false	false
單結晶引上法	단결정인상법	false	false
單線自動길차지裝置	단선자동길차지장치	false	false
單線車窟	단선차굴	false	false
單線鐵길	단선철길	false	false
單能切削機械	단능절삭기계	false	false
單能掘鑿機	단능굴착기	false	false
單能旋盤機	단능선반기	false	false
單能機臺	단능기대	false	false
單能짐函	단능짐함	false	false
單色光線治療	단색광선치료	false	false
單行	단행	false	false
單行廊	단행랑	false	false
單行廊집	단행랑집	false	false
單行程磁氣增幅器	단행정자기증폭기	false	false
單裙	단군	false	false
單語冊	단어책	false	false
單語力點	단어력점	false	false
單語化	단어화	false	false
單語區域	단어구역	false	false
單語形態	단어형태	false	false
單語文章	단어문장	false	false
單語構造	단어구조	false	false
單語當飜譯	단어당번역	false	false
單語結合	단어결합	false	false
單語造成	단어조성	false	false
單語造成論	단어조성론	false	false
單語마무리	단어마무리	false	false
單語만들기	단어만들기	false	false
單調列	단조렬	false	false
單車	단차	false	false
單軌道臺車	단궤도대차	false	false
單軸背斜	단축배사	false	false
單軸褶曲	단축습곡	false	false
單部	단부	false	false
單部制	단부제	false	false
單重重複捲線	단중중복권선	false	false
單金屬印刷版	단금속인쇄판	false	false
單鑛物巖	단광물암	false	false
單門砲	단문포	false	false
單間幕	단간막	false	false
單間房	단간방	false	false
單間房살림	단간방살림	false	false
單間房살이	단간방살이	false	false
單食品	단식품	false	false
單마구리	단마구리	false	false
單매소	단매소	false	false
單매손	단매손	false	false
單매질	단매질	false	false
單바람	단바람	false	false
單바로	단바로	false	false
單벌	단벌	false	false
單벌내기	단벌내기	false	false
單벌짜기	단벌짜기	false	false
單붓질法	단붓질법	false	false
單짝내기	단짝내기	false	false
單판씨름	단판씨름	false	false
單해	단해	false	false
嗅入藥	후입약	false	false
嗅覺感覺	후각감각	false	false
嗅覺腺	후각선	false	false
嗚嗚	오오	false	false
嗜光性	기광성	false	false
嗷嗷羣情	오오군정	false	false
嘉歡事	가환사	false	false
嘔吐泄瀉丸	구토설사환	false	false
嘖名	책명	false	false
嘖名하다	책명하다	false	false
嘶嗄	시하	false	false
嘹喨하다	료량하다	false	false
嘹喨히	료량히	false	false
器具動力學	기구동력학	false	false
器具手	기구수	false	false
器具破損點數	기구파손점수	false	false
器具運動	기구운동	false	false
器具飜譯	기구번역	false	false
器具쏠림	기구쏠림	false	false
器具토막	기구토막	false	false
器材妖術	기재요술	false	false
器物工藝	기물공예	false	false
噫氣	희기	false	false
噴出器	분출기	false	false
噴出式原油採取法	분출식원유채취법	false	false
噴出潤滑	분출윤활	false	false
噴射印刷	분사인쇄	false	false
噴射口	분사구	false	false
噴射式飛行機	분사식비행기	false	false
噴射式날개	분사식날개	false	false
噴射鎔着	분사용착	false	false
噴水式灌水	분수식관수	false	false
噴水式灌水體系	분수식관수체계	false	false
噴水式밭灌水體系	분수식밭관수체계	false	false
噴水推進機	분수추진기	false	false
噴水組織	분수조직	false	false
噴水體系	분수체계	false	false
噴水비	분수비	false	false
噴霧室	분무실	false	false
噴霧管	분무관	false	false
噴霧被服窟	분무피복굴	false	false
噴霧가루	분무가루	false	false
嚠喨하다	류량하다	false	false
嚠喨히	류량히	false	false
嚮導	향도	false	false
嚮導星	향도성	false	false
嚮導無線機	향도무선기	false	false
嚮導하다	향도하다	false	false
嚴儀	엄의	false	false
嚴冬將軍	엄동장군	false	false
嚴刑正刑	엄형정형	false	false
嚴峻하다	엄준하다	false	false
嚴峻히	엄준히	false	false
嚴憚	엄탄	false	false
嚴憚하다	엄탄하다	false	false
嚴棘	엄극	false	false
嚴檢	엄검	false	false
嚴檢하다	엄검하다	false	false
嚴禁物	엄금물	false	false
嚴肅하다	엄숙하다	false	false
嚴肅히	엄숙히	false	false
嚴酷하다	엄혹하다	false	false
嚴酷히	엄혹히	false	false
嚼口	작구	false	false
囊中金	낭중금	false	false
囊土	낭토	false	false
囊石	낭석	false	false
囊飯	낭반	false	false
囊飯하다	낭반하다	false	false
囑	촉	false	false
囑願	촉원	false	false
囑願하다	촉원하다	false	false
囚人車	수인차	false	false
四三三體系	사삼삼체계	false	false
四二四體系	사이사체계	false	false
四人戰術	사인전술	false	false
四八日날	사파일날	false	false
四分休止符	사분휴지부	false	false
四分區	사분구	false	false
四分소리標	사분소리표	false	false
四大備要	사대비요	false	false
四太	사태	false	false
四弓	사궁	false	false
四方四處	사방사처	false	false
四方美人	사방미인	false	false
四時花	사시화	false	false
四發飛行機	사발비행기	false	false
四神圖무덤	사신도무덤	false	false
四管연水母	사관연수모	false	false
四線式	사선식	false	false
四線式中繼	사선식중계	false	false
四聲法	사성법	false	false
四聲體	사성체	false	false
四脈	사맥	false	false
四角基礎	사각기초	false	false
四角螺絲돌리개	사각나사돌리개	false	false
四角보리	사각보리	false	false
四象	사상	false	false
四身	사신	false	false
四達	사달	false	false
四達하다	사달하다	false	false
四重式壓延機	사중식압연기	false	false
四阿天井	사아천정	false	false
四點강蟲	사점강충	false	false
四거리	사거리	false	false
四곳	사곳	false	false
四군데	사군데	false	false
四목도	사목도	false	false
四철초피나무	사철초피나무	false	false
回復後保菌者	회복후보균자	false	false
回戰決勝鮎數	회전결승점수	false	false
回收	회수	false	false
回收硫安	회수류안	false	false
回收鋼	회수강	false	false
回收하다	회수하다	false	false
回旋	회선	false	false
回旋하다	회선하다	false	false
回村	회촌	false	false
回村되다	회촌되다	false	false
回村하다	회촌하다	false	false
回歸日數	회귀일수	false	false
回游고기	회유고기	false	false
回章	회장	false	false
回答時間	회답시간	false	false
回給	회급	false	false
回給되다	회급되다	false	false
回給하다	회급하다	false	false
回線固定貸與	회선고정대여	false	false
回線臨時貸與	회선임시대여	false	false
回線鏡	회선경	false	false
回覽	회람	false	false
回覽하다	회람하다	false	false
回轉	회전	false	false
回轉光摩	회전광마	false	false
回轉圓筒채	회전원통채	false	false
回轉子壓縮機	회전자압축기	false	false
回轉子式破碎機	회전자식파쇄기	false	false
回轉子機關	회전자기관	false	false
回轉子破碎機	회전자파쇄기	false	false
回轉打擊式鑿井機	회전타격식착정기	false	false
回轉打擊式鑿巖機	회전타격식착암기	false	false
回轉數圖表	회전수도표	false	false
回轉法	회전법	false	false
回轉線	회전선	false	false
回轉臺式	회전대식	false	false
回轉臺式機械	회전대식기계	false	false
回轉臺板	회전대판	false	false
回轉鮟鱇網	회전안강망	false	false
回轉고리	회전고리	false	false
回轉굴개式鑿井機	회전굴개식착정기	false	false
回轉다리	회전다리	false	false
回轉말	회전말	false	false
回轉머리	회전머리	false	false
回雁書	회안서	false	false
回離	회리	false	false
回離室粉碎機	회리실분쇄기	false	false
回離桶	회리통	false	false
回離流量計	회리류량계	false	false
回離盧	회리로	false	false
回離線	회리선	false	false
回離鎔鍊	회리용련	false	false
回離되다	회리되다	false	false
回離하다	회리하다	false	false
回순라	회순라	false	false
回순라하다	회순라하다	false	false
囟骨	신골	false	false
因明論理學	인명론리학	false	false
囫圇하다	홀륜하다	false	false
困難	곤난	false	false
困難스럽다	곤난스럽다	false	false
困難스레	곤난스레	false	false
困難하다	곤난하다	false	false
困難히	곤난히	false	false
囹圄	령어	false	false
固執둥이	고집둥이	false	false
固定刺網	고정자망	false	false
固定勞力	고정로력	false	false
固定基金	고정기금	false	false
固定堰	고정언	false	false
固定大祝日	고정대축일	false	false
固定式壁起重機	고정식벽기중기	false	false
固定撮影機	고정촬영기	false	false
固定映寫機	고정영사기	false	false
固定格式	고정격식	false	false
固定洑	고정보	false	false
固定現物稅	고정현물세	false	false
固定現物稅制	고정현물세제	false	false
固定的勞力協助班	고정적로력협조반	false	false
固定的품앗이班	고정적품앗이반	false	false
固定相再生	고정상재생	false	false
固定脫穀場	고정탈곡장	false	false
固定脫穀機	고정탈곡기	false	false
固定鮟鱇網	고정안강망	false	false
固定가림板	고정가림판	false	false
固定놓아먹이기	고정놓아먹이기	false	false
固定돛달이	고정돛달이	false	false
固定무넘이	고정무넘이	false	false
固定바줄	고정바줄	false	false
固定짐	고정짐	false	false
固定풍대	고정풍대	false	false
固有朝鮮語彙	고유조선어휘	false	false
固有直線	고유직선	false	false
固有電力	고유전력	false	false
固有말	고유말	false	false
固有미세기	고유미세기	false	false
固溶體分裂作用	고용체분렬작용	false	false
固着器官	고착기관	false	false
固着盤	고착반	false	false
固着管길	고착관길	false	false
固着대	고착대	false	false
固積	고적	false	false
固積層	고적층	false	false
固結	고결	false	false
固結性	고결성	false	false
固體傳導音	고체전도음	false	false
固體廢棄物	고체페기물	false	false
固體電解蓄電池	고체전해축전지	false	false
固體서슬	고체서슬	false	false
固體쓸림	고체쓸림	false	false
圃田宣傳室	포전선전실	false	false
圃田容水量	포전용수량	false	false
圈界層	권계층	false	false
國內反日者	국내반일자	false	false
國內品	국내품	false	false
國內炭	국내탄	false	false
國內自給率	국내자급률	false	false
國內黨工作委員會	국내당공작위원회	false	false
國土完整	국토완정	false	false
國土建設地質學	국토건설지질학	false	false
國境制度	국경제도	false	false
國境驛	국경역	false	false
國家三角網	국가삼각망	false	false
國家三角點	국가삼각점	false	false
國家主席	국가주석	false	false
國家主席豫備	국가주석예비	false	false
國家主權	국가주권	false	false
國家企業利益金	국가기업리익금	false	false
國家企業所	국가기업소	false	false
國家住宅	국가주택	false	false
國家價格	국가가격	false	false
國家凋落	국가조락	false	false
國家反航空防御	국가반항공방어	false	false
國家受勳	국가수훈	false	false
國家唯一貿易制度	국가유일무역제도	false	false
國家大體	국가대체	false	false
國家宴會	국가연회	false	false
國家市場	국가시장	false	false
國家支出	국가지출	false	false
國家政權	국가정권	false	false
國家構成形態	국가구성형태	false	false
國家構造	국가구조	false	false
國家水準點	국가수준점	false	false
國家測地點	국가측지점	false	false
國家的富	국가적부	false	false
國家的後方	국가적후방	false	false
國家的所有	국가적소유	false	false
國家社會保障	국가사회보장	false	false
國家社會保險	국가사회보험	false	false
國家社會制度	국가사회제도	false	false
國家管理法	국가관리법	false	false
國家管理費	국가관리비	false	false
國家管理일군	국가관리일군	false	false
國家納付穀	국가납부곡	false	false
國家經理	국가경리	false	false
國家聯合	국가련합	false	false
國家蓄積	국가축적	false	false
國家補助金	국가보조금	false	false
國家規律	국가규률	false	false
國家計劃	국가계획	false	false
國家課題	국가과제	false	false
國家豫備	국가예비	false	false
國家豫算支出	국가예산지출	false	false
國家豫算收入	국가예산수입	false	false
國家財政	국가재정	false	false
國家貸與穀	국가대여곡	false	false
國家貿易	국가무역	false	false
國家領域	국가령역	false	false
國家밥	국가밥	false	false
國家빚	국가빚	false	false
國庫券	국고권	false	false
國旗勳章	국기훈장	false	false
國會式民主主義	국회식민주주의	false	false
國會鬪爭	국회투쟁	false	false
國民富	국민부	false	false
國營企業所	국영기업소	false	false
國營經濟	국영경제	false	false
國規	국규	false	false
國防實用體育	국방실용체육	false	false
國防工業	국방공업	false	false
國防負擔	국방부담	false	false
國防體育	국방체육	false	false
國防體育競技	국방체육경기	false	false
國陵	국릉	false	false
國際保險	국제보험	false	false
國際兒童節	국제아동절	false	false
國際共産主義運動	국제공산주의운동	false	false
國際共通語	국제공통어	false	false
國際反帝力	국제반제력	false	false
國際商品見本市場	국제상품견본시장	false	false
國際婦女節	국제부녀절	false	false
國際學生同盟	국제학생동맹	false	false
國際後見制度	국제후견제도	false	false
國際慣習	국제관습	false	false
國際憲兵	국제헌병	false	false
國際料金	국제료금	false	false
國際旅館	국제려관	false	false
國際旗발信號	국제기발신호	false	false
國際映畵祝典	국제영화축전	false	false
國際時間定期觀測	국제시간정기관측	false	false
國際民主團體	국제민주단체	false	false
國際民主女性同盟	국제민주녀성동맹	false	false
國際港口	국제항구	false	false
國際發音符號	국제발음부호	false	false
國際發音記號	국제발음기호	false	false
國際的價値	국제적가치	false	false
國際社會界	국제사회계	false	false
國際緯度定期觀測	국제위도정기관측	false	false
國際聯合機構	국제련합기구	false	false
國際計算器將棋	국제계산기장기	false	false
國際記者同盟	국제기자동맹	false	false
國際語音學記號	국제어음학기호	false	false
國際論評	국제론평	false	false
國際蹴球聯盟	국제축구련맹	false	false
國際飛行場	국제비행장	false	false
國風	국풍	false	false
圍城打援	위성타원	false	false
圍城打援하다	위성타원하다	false	false
圍攻作戰	위공작전	false	false
園囿	원유	false	false
園林建設	원림건설	false	false
圓削加工	원삭가공	false	false
圓削加工하다	원삭가공하다	false	false
圓削盤	원삭반	false	false
圓天井	원천정	false	false
圓弧이바퀴	원호이바퀴	false	false
圓弧이발齒車	원호이발치차	false	false
圓形動物	원형동물	false	false
圓形式우리	원형식우리	false	false
圓形뜨개機械	원형뜨개기계	false	false
圓形무늬뜨개	원형무늬뜨개	false	false
圓形살림집	원형살림집	false	false
圓板式切斷機	원판식절단기	false	false
圓板式錄畫機	원판식록화기	false	false
圓板形供給機	원판형공급기	false	false
圓板木削機	원판목삭기	false	false
圓滿準備	원만준비	false	false
圓珠筆	원주필	false	false
圓窯	원요	false	false
圓筒式引拔機	원통식인발기	false	false
圓筒式採炭機	원통식채탄기	false	false
圓筒式물기슭壁	원통식물기슭벽	false	false
圓筒形選別機	원통형선별기	false	false
圓筒形飼槽	원통형사조	false	false
圓筒採炭機	원통채탄기	false	false
圓筒木削機	원통목삭기	false	false
圓筒測角器	원통측각기	false	false
圓筒齒車切削盤	원통치차절삭반	false	false
圓筒쓸림바퀴傳動	원통쓸림바퀴전동	false	false
圓筒이바퀴	원통이바퀴	false	false
圓筒채	원통채	false	false
圓美하다	원미하다	false	false
圓錐形破碎機	원추형파쇄기	false	false
圓錐形粉碎機	원추형분쇄기	false	false
圓錐螺線	원추라선	false	false
圓錐뿌리	원추뿌리	false	false
圓錐이바퀴	원추이바퀴	false	false
圓鑿	원조	false	false
圓頭方足	원두방족	false	false
圓둘레率	원둘레률	false	false
圓뿔形分給機	원뿔형분급기	false	false
圓뿔形破碎機	원뿔형파쇄기	false	false
圓뿔螺線	원뿔라선	false	false
圓뿔試驗體	원뿔시험체	false	false
圓뿔齒車	원뿔치차	false	false
圓뿔쓸림바퀴傳動	원뿔쓸림바퀴전동	false	false
圓뿔이바퀴切削盤	원뿔이바퀴절삭반	false	false
圓쏠림빛	원쏠림빛	false	false
圓지치기	원지치기	false	false
圖式靜力學	도식정력학	false	false
圖形入口裝置	도형입구장치	false	false
圖書普及員	도서보급원	false	false
圖板入口裝置	도판입구장치	false	false
圖歷簿	도력부	false	false
圖解地圖	도해지도	false	false
圖面말이	도면말이	false	false
團委員	단위원	false	false
團室	단실	false	false
團旗발	단기발	false	false
團束哨	단속초	false	false
團的	단적	false	false
團聚生活	단취생활	false	false
團領衣	단령의	false	false
土三七	토삼칠	false	false
土主民	토주민	false	false
土圍法	토위법	false	false
土地建設	토지건설	false	false
土地房	토지방	false	false
土地改革法令	토지개혁법령	false	false
土地評價圖	토지평가도	false	false
土地資源圖	토지자원도	false	false
土場工	토장공	false	false
土場일	토장일	false	false
土壤分布法則性	토양분포법칙성	false	false
土壤區劃	토양구획	false	false
土壤吸着用量	토양흡착용량	false	false
土壤吸着能力	토양흡착능력	false	false
土壤吸着複合體	토양흡착복합체	false	false
土壤地區	토양지구	false	false
土壤小地區	토양소지구	false	false
土壤年齡	토양년령	false	false
土壤微地區	토양미지구	false	false
土壤有效물氣	토양유효물기	false	false
土壤母體層位	토양모체층위	false	false
土壤無效물氣	토양무효물기	false	false
土壤粒子	토양립자	false	false
土壤腐植層位	토양부식층위	false	false
土壤試坑	토양시갱	false	false
土壤變種	토양변종	false	false
土壤鹽基飽和度	토양염기포화도	false	false
土壤감새	토양감새	false	false
土壤세模襲構成	토양세모습구성	false	false
土壤쌓임層位	토양쌓임층위	false	false
土壤자름面	토양자름면	false	false
土封堂	토봉당	false	false
土房돌	토방돌	false	false
土房풀	토방풀	false	false
土木	토목	false	false
土木천	토목천	false	false
土法	토법	false	false
土版本	토판본	false	false
土甓壁	토피벽	false	false
土甓집	토피집	false	false
土疾골뱅이	토질골뱅이	false	false
土着病	토착병	false	false
土積場	토적장	false	false
土穴	토혈	false	false
土窟幕	토굴막	false	false
土糞	토분	false	false
土耳其語群	토이기어군	false	false
土臺	토대	false	false
土色風	토색풍	false	false
土薄하다	토박하다	false	false
土黃漆	토황칠	false	false
土黃漆하다	토황칠하다	false	false
土말	토말	false	false
土배기	토배기	false	false
土배기사투리	토배기사투리	false	false
土벌	토벌	false	false
土상투	토상투	false	false
土지게	토지게	false	false
在住權	재주권	false	false
在來年	재래년	false	false
在外代表部	재외대표부	false	false
地上擴大組立	지상확대조립	false	false
地上方向探知機	지상방향탐지기	false	false
地下分水嶺	지하분수령	false	false
地下前哨兵	지하전초병	false	false
地下哨兵	지하초병	false	false
地下富源	지하부원	false	false
地下工場	지하공장	false	false
地下戰	지하전	false	false
地下戰區	지하전구	false	false
地下戰線	지하전선	false	false
地下政治事業	지하정치사업	false	false
地下水動力學	지하수동력학	false	false
地下水探査學	지하수탐사학	false	false
地下水流域	지하수류역	false	false
地下水革命	지하수혁명	false	false
地下水대기	지하수대기	false	false
地下水빼기	지하수빼기	false	false
地下洞	지하동	false	false
地下管길	지하관길	false	false
地下足	지하족	false	false
地下黨細胞	지하당세포	false	false
地下거리	지하거리	false	false
地下건늠길	지하건늠길	false	false
地下길	지하길	false	false
地向斜系	지향사계	false	false
地圈	지권	false	false
地圖單位	지도단위	false	false
地圖學的簡化	지도학적간화	false	false
地圖射擊	지도사격	false	false
地圖方眼	지도방안	false	false
地圖目錄	지도목록	false	false
地圖經歷簿	지도경력부	false	false
地圖記載量	지도기재량	false	false
地圖가방	지도가방	false	false
地域建設地質學	지역건설지질학	false	false
地域政府	지역정부	false	false
地域的據點	지역적거점	false	false
地域自治制	지역자치제	false	false
地域計測法	지역계측법	false	false
地境돌	지경돌	false	false
地層놓임要素	지층놓임요소	false	false
地層놓임새	지층놓임새	false	false
地帶番號	지대번호	false	false
地平자리標系	지평자리표계	false	false
地形全圖	지형전도	false	false
地形逆轉	지형역전	false	false
地形避彈界	지형피탄계	false	false
地形體	지형체	false	false
地技	지기	false	false
地方主權機關	지방주권기관	false	false
地方主權機關構成法	지방주권기관구성법	false	false
地方人民委員會	지방인민위원회	false	false
地方建材	지방건재	false	false
地方手工業者	지방수공업자	false	false
地方政權機關	지방정권기관	false	false
地方材料	지방재료	false	false
地方行政委員會	지방행정위원회	false	false
地方觀念	지방관념	false	false
地方資材	지방자재	false	false
地方車	지방차	false	false
地方遊休資材	지방유휴자재	false	false
地樓臺	지루대	false	false
地殼脈動	지각맥동	false	false
地殼튐성波探査	지각튐성파탐사	false	false
地熱檢層	지열검층	false	false
地牢	지뢰	false	false
地球力學	지구력학	false	false
地球化學正常마당	지구화학정상마당	false	false
地球化學異狀마당	지구화학이상마당	false	false
地球化學的帶	지구화학적대	false	false
地球化學的指示物	지구화학적지시물	false	false
地球扁率	지구편률	false	false
地球自轉時單位	지구자전시단위	false	false
地球重力마당	지구중력마당	false	false
地球體	지구체	false	false
地球體面	지구체면	false	false
地球가까운點	지구가까운점	false	false
地球먼點	지구먼점	false	false
地理圈	지리권	false	false
地理的輪廻	지리적륜회	false	false
地理자리標	지리자리표	false	false
地盤곁數	지반곁수	false	false
地衣凍土帶	지의동토대	false	false
地貌圖學	지모도학	false	false
地質家	지질가	false	false
地質年代學	지질년대학	false	false
地質探査	지질탐사	false	false
地質羅盤	지질라반	false	false
地質羅針판	지질라침판	false	false
地質도랑	지질도랑	false	false
地質자름面圖	지질자름면도	false	false
地金物	지금물	false	false
地鐵	지철	false	false
地鐵驛	지철역	false	false
地雷燒夷爆彈	지뢰소이폭탄	false	false
地雷組	지뢰조	false	false
地震動水壓	지진동수압	false	false
地震慣性힘	지진관성힘	false	false
地震級數	지진급수	false	false
地震곁數	지진곁수	false	false
地震흙壓力	지진흙압력	false	false
地音計	지음계	false	false
地體構造學	지체구조학	false	false
地體構造物理學	지체구조물리학	false	false
地高曲線	지고곡선	false	false
均一곁數	균일곁수	false	false
均吉하다	균길하다	false	false
均徵	균징	false	false
均徵하다	균징하다	false	false
均慶하다	균경하다	false	false
均是同族	균시동족	false	false
均等分裂	균등분렬	false	false
均等政策	균등정책	false	false
均衡斑	균형반	false	false
均衡法	균형법	false	false
均衡聽神經	균형청신경	false	false
均衡聽覺器	균형청각기	false	false
均衡變調器	균형변조기	false	false
均衡重錘臺	균형중추대	false	false
均衡도르래	균형도르래	false	false
均衡팔	균형팔	false	false
坊坊	방방	false	false
坐婆	좌파	false	false
坐室	좌실	false	false
坑區域	갱구역	false	false
坑建設工學	갱건설공학	false	false
坑捲揚施設	갱권양시설	false	false
坑捲揚機械	갱권양기계	false	false
坑捲揚設備	갱권양설비	false	false
坑木林	갱목림	false	false
坑道化	갱도화	false	false
坑道戰法	갱도전법	false	false
坑道永久化	갱도영구화	false	false
坑骨格構造	갱골격구조	false	false
坑막장	갱막장	false	false
坑아래기둥	갱아래기둥	false	false
垂敎	수교	false	false
垂敎하다	수교하다	false	false
垂直中心	수직중심	false	false
垂直地下水빼기	수직지하수빼기	false	false
垂直地切	수직지절	false	false
垂直坑裝備	수직갱장비	false	false
垂直帶	수직대	false	false
垂直式가지묻기	수직식가지묻기	false	false
垂直式떨기成形機	수직식떨기성형기	false	false
垂直式띠녹임法	수직식띠녹임법	false	false
垂直式배昇降機	수직식배승강기	false	false
垂直松津홈	수직송진홈	false	false
垂直水平鎔接	수직수평용접	false	false
垂直軸두리動搖	수직축두리동요	false	false
垂直防波堤	수직방파제	false	false
垂直隔膜式跳汰機	수직격막식조태기	false	false
垂直離着陸飛行機	수직리착륙비행기	false	false
垂直離陸	수직리륙	false	false
垂直날개推進機	수직날개추진기	false	false
垂直더미구름	수직더미구름	false	false
垂直우로鎔接	수직우로용접	false	false
垂竿	수간	false	false
垂竿하다	수간하다	false	false
垂首失色	수수실색	false	false
垂首失色하다	수수실색하다	false	false
型亞鉛	형아연	false	false
型打	형타	false	false
型打刻	형타각	false	false
型打工	형타공	false	false
型捲線輪	형권선륜	false	false
型板	형판	false	false
型鍛造傾斜	형단조경사	false	false
型鍛造망치	형단조망치	false	false
型鍛造홈	형단조홈	false	false
型잡기	형잡기	false	false
型칼	형칼	false	false
垌뚝	동뚝	false	false
埃及기러기	애급기러기	false	false
埃及풀모기	애급풀모기	false	false
埋伏襲擊戰	매복습격전	false	false
埋土	매토	false	false
埋土하다	매토하다	false	false
埋沒地形	매몰지형	false	false
埋沒山地	매몰산지	false	false
埋沒管길	매몰관길	false	false
埋草	매초	false	false
埋草作物	매초작물	false	false
埋草切斷機	매초절단기	false	false
埋草庫	매초고	false	false
埋草窖	매초교	false	false
埋草강냉이	매초강냉이	false	false
城市	성시	false	false
城거리	성거리	false	false
城굽	성굽	false	false
城굽길	성굽길	false	false
城바퀴	성바퀴	false	false
域外	역외	false	false
域끝	역끝	false	false
埠頭線面積	부두선면적	false	false
埠頭階段	부두계단	false	false
執拗觀念	집요관념	false	false
執筆組	집필조	false	false
執行	집행	false	false
執行員	집행원	false	false
執行되다	집행되다	false	false
執行하다	집행하다	false	false
執錢	집전	false	false
執錢하다	집전하다	false	false
培根養源	배근양원	false	false
基壇돌각담무덤	기단돌각담무덤	false	false
基幹工業	기간공업	false	false
基幹的工業	기간적공업	false	false
基幹的重工業	기간적중공업	false	false
基幹部門	기간부문	false	false
基底구름	기저구름	false	false
基本主人公	기본주인공	false	false
基本使命爆彈	기본사명폭탄	false	false
基本出身	기본출신	false	false
基本刑	기본형	false	false
基本刑罰	기본형벌	false	false
基本刺戟	기본자극	false	false
基本前線	기본전선	false	false
基本勞賃	기본로임	false	false
基本坐地	기본좌지	false	false
基本坑道	기본갱도	false	false
基本基金	기본기금	false	false
基本堤防	기본제방	false	false
基本平面齒車	기본평면치차	false	false
基本建物	기본건물	false	false
基本建設	기본건설	false	false
基本建設投資	기본건설투자	false	false
基本形態符號	기본형태부호	false	false
基本成分	기본성분	false	false
基本投資	기본투자	false	false
基本指揮所	기본지휘소	false	false
基本掘進	기본굴진	false	false
基本未知數	기본미지수	false	false
基本格	기본격	false	false
基本樹種	기본수종	false	false
基本法令	기본법령	false	false
基本浮選	기본부선	false	false
基本燃燒室	기본연소실	false	false
基本畓	기본답	false	false
基本線	기본선	false	false
基本繡	기본수	false	false
基本群衆	기본군중	false	false
基本職場	기본직장	false	false
基本航行要素	기본항행요소	false	false
基本船員	기본선원	false	false
基本荷重	기본하중	false	false
基本記憶裝置	기본기억장치	false	false
基本誤差	기본오차	false	false
基本費	기본비	false	false
基本運動	기본운동	false	false
基本選手	기본선수	false	false
基本針路	기본침로	false	false
基本階段	기본계단	false	false
基本階級	기본계급	false	false
基本고리	기본고리	false	false
基本나르개	기본나르개	false	false
基本먹이	기본먹이	false	false
基本바람	기본바람	false	false
基本센심	기본센심	false	false
基本실	기본실	false	false
基本짜임	기본짜임	false	false
基準區分臺	기준구분대	false	false
基準子午線	기준자오선	false	false
基準減耗	기준감모	false	false
基準率	기준률	false	false
基準登錄器	기준등록기	false	false
基準色	기준색	false	false
基準荷重	기준하중	false	false
基準速度	기준속도	false	false
基準돌쌓기	기준돌쌓기	false	false
基準별	기준별	false	false
基準세기	기준세기	false	false
基準테두리	기준테두리	false	false
基準흰色	기준흰색	false	false
基督敎年代	기독교년대	false	false
基礎帶域電送	기초대역전송	false	false
基礎年度	기초년도	false	false
基礎技術敎育	기초기술교육	false	false
基礎板	기초판	false	false
基礎極變調回路	기초극변조회로	false	false
基礎極電流	기초극전류	false	false
基礎液	기초액	false	false
基礎膜	기초막	false	false
基礎言語	기초언어	false	false
基礎語	기초어	false	false
基礎起重機	기초기중기	false	false
基礎點數	기초점수	false	false
基礎구뎅이	기초구뎅이	false	false
基礎동발	기초동발	false	false
基礎바닥	기초바닥	false	false
基礎별標	기초별표	false	false
基礎팔起重機	기초팔기중기	false	false
基給鑛炭量	기급광탄량	false	false
基給鑛量	기급광량	false	false
基部生長	기부생장	false	false
堂伯叔父母	당백숙부모	false	false
堂陛	당페	false	false
堂감투	당감투	false	false
堂조카	당조카	false	false
堅城利甲	견성리갑	false	false
堅塞	견색	false	false
堅塞되다	견색되다	false	false
堅塞하다	견색하다	false	false
堅壁	견벽	false	false
堅壁淸野政策	견벽청야정책	false	false
堅甲利兵	견갑리병	false	false
堅美하다	견미하다	false	false
堅貞不屈	견정불굴	false	false
堆積場	퇴적장	false	false
堆積水	퇴적수	false	false
堆積被覆層	퇴적피복층	false	false
堆肥間	퇴비간	false	false
堊塗	악도	false	false
堠子	후자	false	false
堡子	보자	false	false
堤防바깥비탈面	제방바깥비탈면	false	false
堰堤水路式發電所	언제수로식발전소	false	false
堰堤階段式發電所	언제계단식발전소	false	false
堰堤등	언제등	false	false
堰堤물잡이	언제물잡이	false	false
堰帶	언대	false	false
堰頂	언정	false	false
報告	보고	false	false
報告卓	보고탁	false	false
報告大會	보고대회	false	false
報告收集所	보고수집소	false	false
報告會	보고회	false	false
報告臺	보고대	false	false
報復主義	보복주의	false	false
報恩박	보은박	false	false
報牒	보첩	false	false
報示	보시	false	false
報示하다	보시하다	false	false
報道宣傳	보도선전	false	false
報道文學	보도문학	false	false
報道試寫會	보도시사회	false	false
報道革命	보도혁명	false	false
場所副文	장소부문	false	false
場邊놀이	장변놀이	false	false
場面主語	장면주어	false	false
場面寫眞	장면사진	false	false
場面表	장면표	false	false
場面補語	장면보어	false	false
場面音樂	장면음악	false	false
場감	장감	false	false
場군	장군	false	false
場금새	장금새	false	false
堵列	도렬	false	false
堵列하다	도렬하다	false	false
塊狀貨物	괴상화물	false	false
塑劑	소제	false	false
塑性數	소성수	false	false
塔壁畫	탑벽화	false	false
塔式建物	탑식건물	false	false
塔式形	탑식형	false	false
塔式硫酸	탑식류산	false	false
塔式起重機	탑식기중기	false	false
塔式살림집	탑식살림집	false	false
塔模樣구름	탑모양구름	false	false
塔골미투리	탑골미투리	false	false
塔몸	탑몸	false	false
塔발굽골뱅이	탑발굽골뱅이	false	false
塔이끼	탑이끼	false	false
塗壁紙	도벽지	false	false
塗布機	도포기	false	false
塗擦軟膏	도찰연고	false	false
塗色漆	도색칠	false	false
塗裝솔	도장솔	false	false
塗褙匠	도배장	false	false
塗褙쟁이	도배쟁이	false	false
塡篆	전전	false	false
塡補	진보	false	false
塵世凡骨	진세범골	false	false
境內공	경내공	false	false
境壤	경양	false	false
境外	경외	false	false
境外線	경외선	false	false
境外공	경외공	false	false
境板	경판	false	false
境界強化	경계강화	false	false
境界速度	경계속도	false	false
境界쓸림	경계쓸림	false	false
境界알갱이	경계알갱이	false	false
境界자리線	경계자리선	false	false
境遇맞춤	경우맞춤	false	false
墓牌	묘패	false	false
墓誌	묘지	false	false
增力式制動機	증력식제동기	false	false
增力式길잡이裝置	증력식길잡이장치	false	false
增力機	증력기	false	false
增城	증성	false	false
增幅演算要素	증폭연산요소	false	false
增幅곁數	증폭곁수	false	false
增殖곁數	증식곁수	false	false
增水區域	증수구역	false	false
增産	증산	false	false
增産突擊運動	증산돌격운동	false	false
墨房里形단지	묵방리형단지	false	false
墨房里遺跡	묵방리유적	false	false
墨硯	묵연	false	false
墮地	타지	false	false
墮地되다	타지되다	false	false
墮落分子	타락분자	false	false
墳冢	분총	false	false
墳室	분실	false	false
墳床	분상	false	false
墳窟	분굴	false	false
壁保護管	벽보호관	false	false
壁像	벽상	false	false
壁冊床	벽책상	false	false
壁冷風機	벽랭풍기	false	false
壁地圖	벽지도	false	false
壁報主筆	벽보주필	false	false
壁壕	벽호	false	false
壁小說	벽소설	false	false
壁揭電話	벽게전화	false	false
壁揭電話機	벽게전화기	false	false
壁斷層	벽단층	false	false
壁橵子	벽산자	false	false
壁欌家具	벽장가구	false	false
壁粧그림	벽장그림	false	false
壁詩	벽시	false	false
壁起重機	벽기중기	false	false
壁門房	벽문방	false	false
壁글	벽글	false	false
壁띠	벽띠	false	false
壁바위	벽바위	false	false
壁받이	벽받이	false	false
壁팔起重機	벽팔기중기	false	false
壅固執스럽다	옹고집스럽다	false	false
壅固執스레	옹고집스레	false	false
壓	압	false	false
壓出式原油採取法	압출식원유채취법	false	false
壓出機構	압출기구	false	false
壓力傳導度	압력전도도	false	false
壓力加減機	압력가감기	false	false
壓力差倍水	압력차배수	false	false
壓力水	압력수	false	false
壓力水面	압력수면	false	false
壓力穹窿	압력궁륭	false	false
壓力經度	압력경도	false	false
壓力計式溫度計	압력계식온도계	false	false
壓力調節機	압력조절기	false	false
壓力調節변	압력조절변	false	false
壓力물키	압력물키	false	false
壓力우물	압력우물	false	false
壓圓筒	압원통	false	false
壓密理論	압밀리론	false	false
壓尾	압미	false	false
壓尾하다	압미하다	false	false
壓布	압포	false	false
壓搾標本	압착표본	false	false
壓搾版	압착판	false	false
壓搾發破	압착발파	false	false
壓搾굴개	압착굴개	false	false
壓搾굴대	압착굴대	false	false
壓死	압사	false	false
壓死되다	압사되다	false	false
壓死하다	압사하다	false	false
壓縮性流體	압축성류체	false	false
壓縮機效率	압축기효률	false	false
壓縮空氣마치	압축공기마치	false	false
壓縮變形	압축변형	false	false
壓縮가락지	압축가락지	false	false
壓腦	압뇌	false	false
壓腦하다	압뇌하다	false	false
壓試驗	압시험	false	false
壓迫者	압박자	false	false
壓送砲	압송포	false	false
壓鐵	압철	false	false
壓電器送話機	압전기송화기	false	false
壓電形振動子	압전형진동자	false	false
壓電形送話機	압전형송화기	false	false
壓點版	압점판	false	false
壚口	로구	false	false
壞散	괴산	false	false
壞散되다	괴산되다	false	false
壞死막대菌病	괴사막대균병	false	false
壞緩	괴완	false	false
壞裂	괴렬	false	false
壞裂되다	괴렬되다	false	false
壞裂하다	괴렬하다	false	false
壟斷	롱단	false	false
壟斷之術	롱단지술	false	false
壟斷하다	롱단하다	false	false
壤壤하다	양양하다	false	false
壤子	양자	false	false
壤子하다	양자하다	false	false
壤質	양질	false	false
壬辰戰爭	임진전쟁	false	false
壬辰祖國戰爭	임진조국전쟁	false	false
壯典	장전	false	false
壯慨	장개	false	false
壯慨하다	장개하다	false	false
壯烈하다	장렬하다	false	false
壯版式모板	장판식모판	false	false
壯版질	장판질	false	false
壯版질하다	장판질하다	false	false
壯絕奇絕하다	장절기절하다	false	false
壯絕慘絕하다	장절참절하다	false	false
壯騎	장기	false	false
壯鷙하다	장지하다	false	false
壯하다	장하다	false	false
壻郞子	서랑자	false	false
夏休	하휴	false	false
夏刈	하애	false	false
夏至太	하지태	false	false
夏至모	하지모	false	false
夏至콩	하지콩	false	false
外三寸어머니	외삼촌어머니	false	false
外中間齒	외중간치	false	false
外交職級	외교직급	false	false
外他	외타	false	false
外國말적기法	외국말적기법	false	false
外套목	외투목	false	false
外套저고리	외투저고리	false	false
外孫子딸	외손자딸	false	false
外家벌	외가벌	false	false
外廁	외측	false	false
外廊型	외랑형	false	false
外役蜂	외역봉	false	false
外敵	외적	false	false
外文	외문	false	false
外旋	외선	false	false
外旋되다	외선되다	false	false
外旋하다	외선하다	false	false
外泊生	외박생	false	false
外淋巴	외림파	false	false
外用門	외용문	false	false
外的힘	외적힘	false	false
外皮	외피	false	false
外皮質	외피질	false	false
外磁場	외자장	false	false
外祖할머니	외조할머니	false	false
外祖할아버지	외조할아버지	false	false
外積	외적	false	false
外積하다	외적하다	false	false
外華	외화	false	false
外見膨脹	외견팽창	false	false
外部互換性	외부호환성	false	false
外部標識法	외부표식법	false	false
外部混合物形成機關	외부혼합물형성기관	false	false
外部網	외부망	false	false
外鄕	외향	false	false
外酵素	외효소	false	false
外鏃귀사개	외촉귀사개	false	false
外關	외관	false	false
外面齒車	외면치차	false	false
外도리	외도리	false	false
外살面積	외살면적	false	false
外살치數	외살치수	false	false
外조카	외조카	false	false
外채	외채	false	false
外켠	외켠	false	false
外품	외품	false	false
多主人公	다주인공	false	false
多元素구멍陰極燈	다원소구멍음극등	false	false
多務的	다무적	false	false
多喋	다첩	false	false
多喋하다	다첩하다	false	false
多回態	다회태	false	false
多婚性	다혼성	false	false
多子多憂	다자다우	false	false
多子息하다	다자식하다	false	false
多孔板部材	다공판부재	false	false
多孔板部材成形機	다공판부재성형기	false	false
多孔質骨材	다공질골재	false	false
多孔部材	다공부재	false	false
多層合板	다층합판	false	false
多層地帶	다층지대	false	false
多層濾過	다층려과	false	false
多層産業建物	다층산업건물	false	false
多層箱子	다층상자	false	false
多層닭箱子	다층닭상자	false	false
多層살림집	다층살림집	false	false
多層숲	다층숲	false	false
多座式	다좌식	false	false
多座式鎔接器	다좌식용접기	false	false
多心多情하다	다심다정하다	false	false
多心多情히	다심다정히	false	false
多情多厚하다	다정다후하다	false	false
多情多情하다	다정다정하다	false	false
多才博識하다	다재박식하다	false	false
多拍節	다박절	false	false
多收穫圃田	다수확포전	false	false
多收穫群	다수확군	false	false
多數判斷	다수판단	false	false
多數反則	다수반칙	false	false
多數決論理回路	다수결론리회로	false	false
多方條約	다방조약	false	false
多枝밀	다지밀	false	false
多核金屬錯鹽	다핵금속착염	false	false
多核큰細胞	다핵큰세포	false	false
多機臺	다기대	false	false
多機臺作業	다기대작업	false	false
多機臺工	다기대공	false	false
多機臺運動	다기대운동	false	false
多段冷凍機	다단랭동기	false	false
多段粉碎	다단분쇄	false	false
多民族會社	다민족회사	false	false
多汁먹이	다즙먹이	false	false
多目的灌漑	다목적관개	false	false
多相位相變調	다상위상변조	false	false
多相軟膏	다상연고	false	false
多硫化物	다류화물	false	false
多祖論	다조론	false	false
多種目競技	다종목경기	false	false
多管砲	다관포	false	false
多管연水母	다관연수모	false	false
多精子受精	다정자수정	false	false
多細胞性마름類	다세포성마름류	false	false
多聞多識者	다문다식자	false	false
多肉性	다육성	false	false
多能하다	다능하다	false	false
多脂性魚族	다지성어족	false	false
多角形동발	다각형동발	false	false
多角戀愛	다각련애	false	false
多角的漁撈	다각적어로	false	false
多角的漁業	다각적어업	false	false
多角的經理	다각적경리	false	false
多角經理	다각경리	false	false
多角부채形	다각부채형	false	false
多課目敎員	다과목교원	false	false
多辭하다	다사하다	false	false
多重映像	다중영상	false	false
多重處理體系	다중처리체계	false	false
多重觸媒作用	다중촉매작용	false	false
多重重複捲線	다중중복권선	false	false
多重錯化合物	다중착화합물	false	false
多量生産	다량생산	false	false
多量落鑛	다량락광	false	false
多量落鑛하다	다량락광하다	false	false
多金屬鑛	다금속광	false	false
多金屬鑛石	다금속광석	false	false
多錘多機臺運動	다추다기대운동	false	false
多錘工	다추공	false	false
多錘運動	다추운동	false	false
多陽하다	다양하다	false	false
多階段	다계단	false	false
多階段式	다계단식	false	false
多階段揚水	다계단양수	false	false
多階段曳網方法	다계단예망방법	false	false
多階段選鑛	다계단선광	false	false
多雨帶	다우대	false	false
多雨期	다우기	false	false
多項公式	다항공식	false	false
多頭寸白蟲	다두촌백충	false	false
多북機具	다북기구	false	false
夜光	야광	false	false
夜光指南針	야광지남침	false	false
夜光羅針板	야광라침판	false	false
夜光色감	야광색감	false	false
夜合樹	야합수	false	false
夜學鐘	야학종	false	false
夜擊	야격	false	false
夜會	야회	false	false
夜會군	야회군	false	false
夜會하다	야회하다	false	false
夜遊會	야유회	false	false
夜間學部	야간학부	false	false
夜間敎育	야간교육	false	false
夜間防衛信號爆彈	야간방위신호폭탄	false	false
夜間靜養	야간정양	false	false
夜間靜養所	야간정양소	false	false
夜間겨눔술	야간겨눔술	false	false
大三和音	대삼화음	false	false
大三度	대삼도	false	false
大中小工場	대중소공장	false	false
大亂離	대란리	false	false
大事집	대사집	false	false
大人種	대인종	false	false
大伽倻琴	대가야금	false	false
大佐	대좌	false	false
大作主義	대작주의	false	false
大便水	대변수	false	false
大修羅場	대수라장	false	false
大傍唱	대방창	false	false
大傾斜復元性	대경사복원성	false	false
大全盛期	대전성기	false	false
大六度	대륙도	false	false
大割工	대할공	false	false
大動亂	대동란	false	false
大動脈瓣口狹窄症	대동맥판구협착증	false	false
大動脈瓣閉鎖	대동맥판페쇄	false	false
大動脈사이壁缺損	대동맥사이벽결손	false	false
大原가지	대원가지	false	false
大口자반	대구자반	false	false
大同	대동	false	false
大圈航海	대권항해	false	false
大國排他主義	대국배타주의	false	false
大國排他主義者	대국배타주의자	false	false
大圓線航路飛行	대원선항로비행	false	false
大圓航路	대원항로	false	false
大垈里	대대리	false	false
大型加工母船	대형가공모선	false	false
大型廣幅映寫機	대형광폭영사기	false	false
大型板部材	대형판부재	false	false
大型母船	대형모선	false	false
大型漁業	대형어업	false	false
大型기와	대형기와	false	false
大奚琴	대해금	false	false
大孔發破	대공발파	false	false
大學堂	대학당	false	false
大學生閣	대학생각	false	false
大學習堂	대학습당	false	false
大學거리	대학거리	false	false
大家庭	대가정	false	false
大家집	대가집	false	false
大寶構造運動	대보구조운동	false	false
大將令	대장령	false	false
大嶺	대령	false	false
大布	대포	false	false
大幅機	대폭기	false	false
大廡	대무	false	false
大弓	대궁	false	false
大悟	대오	false	false
大悟하다	대오하다	false	false
大成功戰	대성공전	false	false
大政治	대정치	false	false
大政治會合	대정치회합	false	false
大昂揚	대앙양	false	false
大星	대성	false	false
大板손잡이	대판손잡이	false	false
大殺罪	대살죄	false	false
大殿堂	대전당	false	false
大氣作用中心	대기작용중심	false	false
大氣前線	대기전선	false	false
大氣力學	대기력학	false	false
大氣地球化學探査	대기지구화학탐사	false	false
大氣地球化學異常마당	대기지구화학이상마당	false	false
大氣宇宙飛行機	대기우주비행기	false	false
大氣接地層	대기접지층	false	false
大氣水氣物	대기수기물	false	false
大氣活動中心	대기활동중심	false	false
大氣浴	대기욕	false	false
大氣浴場	대기욕장	false	false
大氣物理學	대기물리학	false	false
大氣療法	대기료법	false	false
大氣逆輻射	대기역복사	false	false
大氣運動方程式	대기운동방정식	false	false
大氣過電壓	대기과전압	false	false
大氣降水	대기강수	false	false
大氣障礙	대기장애	false	false
大氣電氣마당	대기전기마당	false	false
大氣音響學	대기음향학	false	false
大氣빛	대기빛	false	false
大氣큰循環	대기큰순환	false	false
大氣테	대기테	false	false
大河	대하	false	false
大洋國	대양국	false	false
大洋山	대양산	false	false
大洋山줄기	대양산줄기	false	false
大洋性	대양성	false	false
大洋沼	대양소	false	false
大洋萬里	대양만리	false	false
大洋바닥	대양바닥	false	false
大洋섬	대양섬	false	false
大活車	대활차	false	false
大漢	대한	false	false
大潮流	대조류	false	false
大熊描	대웅묘	false	false
大率	대률	false	false
大王	대왕	false	false
大畫幅	대화폭	false	false
大發破孔	대발파공	false	false
大白種	대백종	false	false
大白鳥	대백조	false	false
大盒	대합	false	false
大石器	대석기	false	false
大砲車	대포차	false	false
大砲밥	대포밥	false	false
大破工	대파공	false	false
大破裂口	대파렬구	false	false
大竹	대죽	false	false
大紅湍郡	대홍단군	false	false
大絕讚	대절찬	false	false
大統領共和制	대통령공화제	false	false
大群像	대군상	false	false
大聯合部隊	대련합부대	false	false
大腸纖毛蟲	대장섬모충	false	false
大自然改造事業	대자연개조사업	false	false
大興郡	대흥군	false	false
大茴香나무	대회향나무	false	false
大草	대초	false	false
大莖木	대경목	false	false
大衆啓蒙	대중계몽	false	false
大衆奉仕論	대중봉사론	false	false
大衆宣傳活動	대중선전활동	false	false
大衆工業	대중공업	false	false
大衆政治事業	대중정치사업	false	false
大衆政治活動	대중정치활동	false	false
大衆政治生活	대중정치생활	false	false
大衆治療藥品	대중치료약품	false	false
大衆消費品	대중소비품	false	false
大衆的地盤	대중적지반	false	false
大衆的政黨	대중적정당	false	false
大衆的發展段階	대중적발전단계	false	false
大衆的統制	대중적통제	false	false
大衆的黨	대중적당	false	false
大衆討議	대중토의	false	false
大衆食事	대중식사	false	false
大補語	대보어	false	false
大西洋式海岸	대서양식해안	false	false
大調	대조	false	false
大調式	대조식	false	false
大調音階	대조음계	false	false
大論爭	대론쟁	false	false
大象毛춤	대상모춤	false	false
大貪食細胞	대탐식세포	false	false
大軍	대군	false	false
大輪環線	대륜환선	false	false
大逆事	대역사	false	false
大速步	대속보	false	false
大進攻戰	대진공전	false	false
大遮日	대차일	false	false
大部隊旋回作戰	대부대선회작전	false	false
大都市主義	대도시주의	false	false
大重合劑	대중합제	false	false
大重唱	대중창	false	false
大野會	대야회	false	false
大量現狀	대량현상	false	false
大錯	대착	false	false
大鐵	대철	false	false
大鐵길	대철길	false	false
大長成	대장성	false	false
大長程	대장정	false	false
大長篇小說	대장편소설	false	false
大長篇敍事詩	대장편서사시	false	false
大降雪	대강설	false	false
大陸傾斜面	대륙경사면	false	false
大陸季節風	대륙계절풍	false	false
大陸性中緯度氣團	대륙성중위도기단	false	false
大陸性溫帶氣團	대륙성온대기단	false	false
大陸마당	대륙마당	false	false
大陸비탈面	대륙비탈면	false	false
大隊部	대대부	false	false
大雄圖	대웅도	false	false
大靑방	대청방	false	false
大音程	대음정	false	false
大音階	대음계	false	false
大頉	대탈	false	false
大題	대제	false	false
大食期	대식기	false	false
大館郡	대관군	false	false
大駕	대가	false	false
大麻織	대마직	false	false
大麻천	대마천	false	false
大고비	대고비	false	false
大새우	대새우	false	false
大수고	대수고	false	false
大자귀	대자귀	false	false
大자귀날	대자귀날	false	false
大자귀밥	대자귀밥	false	false
大절	대절	false	false
大징	대징	false	false
大채	대채	false	false
大춤판	대춤판	false	false
大턱	대턱	false	false
大틀	대틀	false	false
大판가리	대판가리	false	false
大판가리싸움	대판가리싸움	false	false
大판들이	대판들이	false	false
天上線	천상선	false	false
天下莫能當	천하막능당	false	false
天井	천정	false	false
天井板	천정판	false	false
天井照明	천정조명	false	false
天井굽도리	천정굽도리	false	false
天井그물	천정그물	false	false
天井틀	천정틀	false	false
天休	천휴	false	false
天光魚	천광어	false	false
天兵	천병	false	false
天功	천공	false	false
天和	천화	false	false
天圓地方	천원지방	false	false
天士	천사	false	false
天奉지기	천봉지기	false	false
天定八字	천정팔자	false	false
天平	천평	false	false
天府	천부	false	false
天恩	천은	false	false
天慶	천경	false	false
天懸	천현	false	false
天成配匹	천성배필	false	false
天放	천방	false	false
天文力學	천문력학	false	false
天文基線	천문기선	false	false
天文年鑑	천문년감	false	false
天文曆	천문력	false	false
天文測地網	천문측지망	false	false
天文經緯儀	천문경위의	false	false
天文航海年表	천문항해년표	false	false
天文點	천문점	false	false
天文미세기	천문미세기	false	false
天日照臨	천일조림	false	false
天日照臨하다	천일조림하다	false	false
天杵	천저	false	false
天氣學	천기학	false	false
天涯一方	천애일방	false	false
天測位置	천측위치	false	false
天火	천화	false	false
天然水	천연수	false	false
天然港	천연항	false	false
天生麗質	천생려질	false	false
天盤管理	천반관리	false	false
天祉	천지	false	false
天祜	천호	false	false
天道	천도	false	false
天銀알안자	천은알안자	false	false
天閹	천엄	false	false
天障코	천장코	false	false
天馬무덤	천마무덤	false	false
天體力學	천체력학	false	false
天鶴	천학	false	false
太古密林	태고밀림	false	false
太平家	태평가	false	false
太平洋氣團	태평양기단	false	false
太平洋王새우	태평양왕새우	false	false
太極오리	태극오리	false	false
太陰	태음	false	false
太陽對眼鏡	태양대안경	false	false
太陽星	태양성	false	false
太陽焜爐	태양곤로	false	false
太陽秒	태양초	false	false
太陽가마	태양가마	false	false
太陽미세기	태양미세기	false	false
太陽반날週期미세기	태양반날주기미세기	false	false
太陽빛	태양빛	false	false
夫人	부인	false	false
夫妻오누이	부처오누이	false	false
夫婦機臺	부부기대	false	false
夫婦오누이	부부오누이	false	false
夫子	부자	false	false
失實	실실	false	false
失敗主義	실패주의	false	false
失眠	실면	false	false
夾囊	협낭	false	false
奄冉하다	엄염하다	false	false
奇偶性	기우성	false	false
奇偶性檢査	기우성검사	false	false
奇偶性符號	기우성부호	false	false
奇勝	기승	false	false
奇夢	기몽	false	false
奇異數	기이수	false	false
奇禽珍獸	기금진수	false	false
奇絕怪絕하다	기절괴절하다	false	false
奉仕區域	봉사구역	false	false
奉仕婚	봉사혼	false	false
奉仕機	봉사기	false	false
奉仕細胞	봉사세포	false	false
奉仕網	봉사망	false	false
奉仕網體系	봉사망체계	false	false
奉仕船	봉사선	false	false
奉仕角	봉사각	false	false
奉仕角區域	봉사각구역	false	false
奉仕革命	봉사혁명	false	false
奉仕곁數	봉사곁수	false	false
契人	계인	false	false
契機設定	계기설정	false	false
契機點	계기점	false	false
契約規律	계약규률	false	false
契날	계날	false	false
契돈	계돈	false	false
契술	계술	false	false
奔放浩蕩하다	분방호탕하다	false	false
奔走多事스럽다	분주다사스럽다	false	false
奔走雜沓하다	분주잡답하다	false	false
奔走탕	분주탕	false	false
套靴	투화	false	false
奠菜	전채	false	false
奠菜하다	전채하다	false	false
奧渫하다	오설하다	false	false
奧賾하다	오색하다	false	false
奩具	렴구	false	false
奪回策	탈회책	false	false
奪糧鬪爭	탈량투쟁	false	false
奮興	분흥	false	false
奮興하다	분흥하다	false	false
女	녀	false	false
女丈夫	녀장부	false	false
女上典	녀상전	false	false
女中丈夫	녀중장부	false	false
女中君子	녀중군자	false	false
女中豪傑	녀중호걸	false	false
女主	녀주	false	false
女主人	녀주인	false	false
女主人公	녀주인공	false	false
女人	녀인	false	false
女人國	녀인국	false	false
女仙	녀선	false	false
女伴	녀반	false	false
女伶	녀령	false	false
女侍	녀시	false	false
女俳優	녀배우	false	false
女傑	녀걸	false	false
女僧	녀승	false	false
女僧堂	녀승당	false	false
女僧房	녀승방	false	false
女儈	녀쾌	false	false
女優	녀우	false	false
女兄	녀형	false	false
女先生	녀선생	false	false
女兒	녀아	false	false
女兒服	녀아복	false	false
女兵	녀병	false	false
女功	녀공	false	false
女勞	녀로	false	false
女勞疸	녀로달	false	false
女卜	녀복	false	false
女史	녀사	false	false
女君	녀군	false	false
女唐鞋	녀당혜	false	false
女唱	녀창	false	false
女喪	녀상	false	false
女囚	녀수	false	false
女國	녀국	false	false
女垣	녀원	false	false
女士	녀사	false	false
女壻	녀서	false	false
女大學生	녀대학생	false	false
女妓	녀기	false	false
女妹	녀매	false	false
女姪	녀질	false	false
女娘	녀랑	false	false
女婚	녀혼	false	false
女婢	녀비	false	false
女子	녀자	false	false
女子同壻	녀자동서	false	false
女子손	녀자손	false	false
女子손탁	녀자손탁	false	false
女孫	녀손	false	false
女學校	녀학교	false	false
女學生	녀학생	false	false
女官	녀관	false	false
女家	녀가	false	false
女將	녀장	false	false
女將軍	녀장군	false	false
女尊男卑	녀존남비	false	false
女工	녀공	false	false
女工之事	녀공지사	false	false
女巫	녀무	false	false
女巫稅	녀무세	false	false
女帝	녀제	false	false
女帽	녀모	false	false
女店員	녀점원	false	false
女弟	녀제	false	false
女形	녀형	false	false
女徒	녀도	false	false
女德	녀덕	false	false
女必從夫	녀필종부	false	false
女性	녀성	false	false
女性力	녀성력	false	false
女性名詞	녀성명사	false	false
女性器樂重奏	녀성기악중주	false	false
女性會館	녀성회관	false	false
女性歌手聲音	녀성가수성음	false	false
女性生殖器	녀성생식기	false	false
女性相談	녀성상담	false	false
女性美	녀성미	false	false
女性英雄	녀성영웅	false	false
女性衛生	녀성위생	false	false
女性觀	녀성관	false	false
女性解放	녀성해방	false	false
女性解放運動	녀성해방운동	false	false
女性運動	녀성운동	false	false
女性韻	녀성운	false	false
女性보잡이運動	녀성보잡이운동	false	false
女息	녀식	false	false
女態	녀태	false	false
女戰士	녀전사	false	false
女技師	녀기사	false	false
女政客	녀정객	false	false
女敎員	녀교원	false	false
女星	녀성	false	false
女星旗	녀성기	false	false
女服	녀복	false	false
女服하다	녀복하다	false	false
女校長	녀교장	false	false
女桑	녀상	false	false
女樂	녀악	false	false
女權	녀권	false	false
女流	녀류	false	false
女湯	녀탕	false	false
女牆	녀장	false	false
女王	녀왕	false	false
女王벌	녀왕벌	false	false
女瓦	녀와	false	false
女皇	녀황	false	false
女監	녀감	false	false
女相	녀상	false	false
女眞	녀진	false	false
女眞學	녀진학	false	false
女眞族	녀진족	false	false
女神	녀신	false	false
女神童	녀신동	false	false
女禍	녀화	false	false
女禮	녀례	false	false
女童	녀동	false	false
女竹	녀죽	false	false
女笠	녀립	false	false
女笠帽	녀립모	false	false
女筆	녀필	false	false
女紅	녀공	false	false
女給	녀급	false	false
女聲	녀성	false	false
女聲中音	녀성중음	false	false
女聲中音標	녀성중음표	false	false
女聲低音	녀성저음	false	false
女聲低音記號	녀성저음기호	false	false
女聲傍唱	녀성방창	false	false
女聲合唱	녀성합창	false	false
女聲小傍唱	녀성소방창	false	false
女聲重唱	녀성중창	false	false
女聲高音	녀성고음	false	false
女聲高音記號	녀성고음기호	false	false
女職工	녀직공	false	false
女舞	녀무	false	false
女色	녀색	false	false
女裝	녀장	false	false
女裝하다	녀장하다	false	false
女襲	녀습	false	false
女謁	녀알	false	false
女貞子	녀정자	false	false
女貞實	녀정실	false	false
女貞目	녀정목	false	false
女賊	녀적	false	false
女車掌	녀차장	false	false
女轎	녀교	false	false
女郞	녀랑	false	false
女郞花	녀랑화	false	false
女醫	녀의	false	false
女醫師	녀의사	false	false
女靑	녀청	false	false
女鞋	녀혜	false	false
女鬼	녀귀	false	false
女麴	녀국	false	false
女광대	녀광대	false	false
女동무	녀동무	false	false
女동생	녀동생	false	false
女종	녀종	false	false
女중	녀중	false	false
女청	녀청	false	false
奴僮	노동	false	false
奴婢날	노비날	false	false
奴客	노객	false	false
奴隷國家	노예국가	false	false
奴隷屈從思想	노예굴종사상	false	false
奴隷所有制度	노예소유제도	false	false
奴隷所有者	노예소유자	false	false
奴隷所有者國家	노예소유자국가	false	false
奴隷所有者法	노예소유자법	false	false
奴隷所有者的生産方式	노예소유자적생산방식	false	false
奴隷所有者的生産關係	노예소유자적생산관계	false	false
奴隷所有者社會	노예소유자사회	false	false
奴隷所有者階級	노예소유자계급	false	false
奴隷敎育	노예교육	false	false
奴隷時代	노예시대	false	false
奴隷살이根性	노예살이근성	false	false
奸情	간정	false	false
奸敵	간적	false	false
奸臣末輩	간신말배	false	false
好感	호감	false	false
好感하다	호감하다	false	false
好色動物	호색동물	false	false
好판	호판	false	false
如何하다	여하하다	false	false
如來性	여래성	false	false
如前하다	여전하다	false	false
如夢如醉하다	여몽여취하다	false	false
如意通	여의통	false	false
如醉하다	여취하다	false	false
妄作	망작	false	false
妊娠喘	임신천	false	false
妊蓐	림욕	false	false
妓生退물림	기생퇴물림	false	false
妓生추렴	기생추렴	false	false
妖病	요병	false	false
妖眩하다	요현하다	false	false
妖術俳優	요술배우	false	false
妖術幕間劇	요술막간극	false	false
妖術속	요술속	false	false
妖言分子	요언분자	false	false
妖言蜚語	요언비어	false	false
妖言蜚說	요언비설	false	false
妙入神하다	묘입신하다	false	false
妙才士	묘재사	false	false
妙詩	묘시	false	false
妨害線	방해선	false	false
妨害꾸러기	방해꾸러기	false	false
妻三寸어머니	처삼촌어머니	false	false
妻僕	처복	false	false
妻妾년	처첩년	false	false
妻家집	처가집	false	false
妻眷	처권	false	false
始作代	시작대	false	false
始作線	시작선	false	false
始初原料	시초원료	false	false
始動臺	시동대	false	false
始秧式	시앙식	false	false
姑息的療法	고식적료법	false	false
姑母四寸	고모사촌	false	false
姓사람	성사람	false	false
委託便	위탁편	false	false
委託孵化	위탁부화	false	false
委託遞送	위탁체송	false	false
委하다	위하다	false	false
姦細	간세	false	false
姨母四寸	이모사촌	false	false
姨母아버지	이모아버지	false	false
姨母어머니	이모어머니	false	false
姪男	질남	false	false
姮娥	항아	false	false
姻婭族黨	인아족당	false	false
威力戰	위력전	false	false
威力戰鬪	위력전투	false	false
威勢차다	위세차다	false	false
威嚇스럽다	위혁스럽다	false	false
威脅打擊	위협타격	false	false
威脅打擊하다	위협타격하다	false	false
威行令施	위행령시	false	false
娘	랑	false	false
娘娘	랑랑	false	false
娘子	랑자	false	false
娘子軍	랑자군	false	false
婁	루	false	false
婁星	루성	false	false
婚事말	혼사말	false	false
婚事집	혼사집	false	false
婚姻裝飾	혼인장식	false	false
婚書禮狀	혼서례장	false	false
婚資	혼자	false	false
婦人補藥	부인보약	false	false
婦女歌	부녀가	false	false
婦女歌辭	부녀가사	false	false
婦女節	부녀절	false	false
婭壻	아서	false	false
媒染물들이기	매염물들이기	false	false
媒鎔料	매용료	false	false
媤家집	시가집	false	false
媤며느리	시며느리	false	false
媤아우	시아우	false	false
嫌氣性腸中毒病	혐기성장중독병	false	false
嫠婦	리부	false	false
嬌坊	교방	false	false
嬾夫	란부	false	false
嬾婦	란부	false	false
子冒	자모	false	false
子午線지나기	자오선지나기	false	false
子宮切開解産術	자궁절개해산술	false	false
子宮腔搔爬術	자궁강소파술	false	false
子宮고리	자궁고리	false	false
子車	자차	false	false
子音偏重글字	자음편중글자	false	false
子音調和	자음조화	false	false
子音빠지기	자음빠지기	false	false
子音어울림	자음어울림	false	false
子音줄이기	자음줄이기	false	false
孔型系	공형계	false	false
孔型틀	공형틀	false	false
孔深	공심	false	false
孔炭	공탄	false	false
孔雀色	공작색	false	false
孔雀鑛	공작광	false	false
孔雀魚	공작어	false	false
孔雀귀뿔물벼룩	공작귀뿔물벼룩	false	false
孔雀돌	공작돌	false	false
孔雀큰물벼룩	공작큰물벼룩	false	false
孕脈	잉맥	false	false
字幕口號	자막구호	false	false
字母鍵	자모건	false	false
字號機	자호기	false	false
字풀이	자풀이	false	false
字풀이하다	자풀이하다	false	false
存備金	존비금	false	false
孜孜營營	자자영영	false	false
孜孜營營하다	자자영영하다	false	false
孝道스럽다	효도스럽다	false	false
季節勞力	계절로력	false	false
季節勞動者	계절로동자	false	false
季節水	계절수	false	false
季節觀測	계절관측	false	false
季節鳥	계절조	false	false
季節머슴	계절머슴	false	false
季節잠	계절잠	false	false
孤兒	고아	false	false
孤城落照	고성락조	false	false
孤寂然하다	고적연하다	false	false
孤曳乘流	고예승류	false	false
孤標	고표	false	false
孤樹	고수	false	false
孤獨스럽다	고독스럽다	false	false
孤立물결	고립물결	false	false
孤貞孤貞하다	고정고정하다	false	false
孤貞하다	고정하다	false	false
孤貞히	고정히	false	false
孤軍獨戰	고군독전	false	false
孫子利子	손자리자	false	false
孫群	손군	false	false
孱劣하다	잔렬하다	false	false
孱妄궂다	잔망궂다	false	false
學位論文	학위론문	false	false
學堂집	학당집	false	false
學士	학사	false	false
學師	학사	false	false
學校前	학교전	false	false
學校前敎育	학교전교육	false	false
學校契	학교계	false	false
學校後援團體	학교후원단체	false	false
學校期	학교기	false	false
學校網	학교망	false	false
學校나이	학교나이	false	false
學父兄委員會	학부형위원회	false	false
學生宣傳隊	학생선전대	false	false
學生少年宮殿	학생소년궁전	false	false
學生文化衛生近衛隊	학생문화위생근위대	false	false
學生綠化近衛隊	학생록화근위대	false	false
學生衛生近衛隊	학생위생근위대	false	false
學生近衛隊	학생근위대	false	false
學生물림	학생물림	false	false
學科指標	학과지표	false	false
學科競演	학과경연	false	false
學科競演하다	학과경연하다	false	false
學究輩	학구배	false	false
學窓界	학창계	false	false
學窮	학궁	false	false
學級簿	학급부	false	false
學級長	학급장	false	false
學習堂	학습당	false	false
學習班	학습반	false	false
學習競技	학습경기	false	false
學習綱領	학습강령	false	false
學職	학직	false	false
學術員	학술원	false	false
學術用語論	학술용어론	false	false
學路	학로	false	false
宇宙列車	우주렬차	false	false
宇宙大空	우주대공	false	false
宇宙核戰爭	우주핵전쟁	false	false
宇宙間諜衛星網	우주간첩위성망	false	false
宇宙電氣力學	우주전기력학	false	false
守則	수칙	false	false
守則하다	수칙하다	false	false
守番	수번	false	false
守直군	수직군	false	false
守藏	수장	false	false
安全保護말뚝	안전보호말뚝	false	false
安全員	안전원	false	false
安全境界	안전경계	false	false
安全層	안전층	false	false
安全打擊	안전타격	false	false
安全栽培界線	안전재배계선	false	false
安全率	안전률	false	false
安全瓣받침자리	안전변받침자리	false	false
安全界	안전계	false	false
安全線	안전선	false	false
安全視距	안전시거	false	false
安全辨	안전변	false	false
安全部	안전부	false	false
安全配置限界	안전배치한계	false	false
安全面刀	안전면도	false	false
安全面刀칼	안전면도칼	false	false
安全面刀하다	안전면도하다	false	false
安全飛行높이	안전비행높이	false	false
安全말뚝	안전말뚝	false	false
安全바	안전바	false	false
安全바줄	안전바줄	false	false
安全받이	안전받이	false	false
安全보임거리	안전보임거리	false	false
安全여닫이	안전여닫이	false	false
安分樂業	안분락업	false	false
安分樂業하다	안분락업하다	false	false
安利	안리	false	false
安土	안토	false	false
安土하다	안토하다	false	false
安城맞다	안성맞다	false	false
安城맞춤하다	안성맞춤하다	false	false
安城맞춤히	안성맞춤히	false	false
安如盤石하다	안여반석하다	false	false
安如磐石하다	안여반석하다	false	false
安定化體系	안정화체계	false	false
安定臨界循環	안정림계순환	false	false
安居重遷	안거중천	false	false
安居重遷하다	안거중천하다	false	false
安岳古墳	안악고분	false	false
安州쇠박쥐	안주쇠박쥐	false	false
安康하다	안강하다	false	false
安康히	안강히	false	false
安得하다	안득하다	false	false
安心修道	안심수도	false	false
安心修道하다	안심수도하다	false	false
安心立命	안심립명	false	false
安忍	안인	false	false
安息浸禮派	안식침례파	false	false
安息날	안식날	false	false
安日	안일	false	false
安眠懈怠	안면해태	false	false
安眠懈怠하다	안면해태하다	false	false
安眠長壽	안면장수	false	false
安眠長壽하다	안면장수하다	false	false
安行	안행	false	false
安行하다	안행하다	false	false
安逸浮華하다	안일부화하다	false	false
安集하다	안집하다	false	false
安靜期	안정기	false	false
安風之地	안풍지지	false	false
安風지다	안풍지다	false	false
安風하다	안풍하다	false	false
安鶴宮터	안학궁터	false	false
宋襄하다	송양하다	false	false
完全互換方法	완전호환방법	false	false
完全價配合먹이	완전가배합먹이	false	false
完全價飼養	완전가사양	false	false
完全價먹이	완전가먹이	false	false
完全原價	완전원가	false	false
完全待期時間	완전대기시간	false	false
完全抵抗	완전저항	false	false
完全排水量	완전배수량	false	false
完全文	완전문	false	false
完全用水量	완전용수량	false	false
完全蝕	완전식	false	false
完全遊擊區	완전유격구	false	false
完全遊擊根據地	완전유격근거지	false	false
完全電子交換方式	완전전자교환방식	false	false
完全겨눔角	완전겨눔각	false	false
完全넘어지기	완전넘어지기	false	false
完全먹이	완전먹이	false	false
完全큰피줄轉位	완전큰피줄전위	false	false
完全펴기	완전펴기	false	false
完函數	완함수	false	false
完動作	완동작	false	false
完單項式	완단항식	false	false
完多項式	완다항식	false	false
完式	완식	false	false
完成壁體	완성벽체	false	false
完成壓延	완성압연	false	false
完成壓延하다	완성압연하다	false	false
完成壓搾加工	완성압착가공	false	false
完成精鑛	완성정광	false	false
完成部材	완성부재	false	false
完成대패	완성대패	false	false
完成숫돌	완성숫돌	false	false
完成풀먹임	완성풀먹임	false	false
完指數	완지수	false	false
完數	완수	false	false
完數根	완수근	false	false
完數部	완수부	false	false
完熟	완숙	false	false
完癒	완유	false	false
完癒되다	완유되다	false	false
完癒하다	완유하다	false	false
完篇	완편	false	false
宕巾쟁이	탕건쟁이	false	false
宗代	종대	false	false
宗器	종기	false	false
宗敎倫理學	종교륜리학	false	false
宗派事大主義	종파사대주의	false	false
宗派思想	종파사상	false	false
宗派的手法	종파적수법	false	false
宗派군	종파군	false	false
宗派쟁이	종파쟁이	false	false
官僚	관료	false	false
官僚主義氣	관료주의기	false	false
官兵	관병	false	false
官兵一致	관병일치	false	false
官廳물	관청물	false	false
官等級	관등급	false	false
定	정	false	false
定偏	정편	false	false
定價金	정가금	false	false
定域	정역	false	false
定壓螺絲	정압나사	false	false
定岸배전말뚝	정안배전말뚝	false	false
定常採取法	정상채취법	false	false
定常海流	정상해류	false	false
定常高氣壓	정상고기압	false	false
定常물결	정상물결	false	false
定性豫報	정성예보	false	false
定性거르기종이	정성거르기종이	false	false
定數	정수	false	false
定日性	정일성	false	false
定期補助金	정기보조금	false	false
定盟	정맹	false	false
定置刺網	정치자망	false	false
定論	정론	false	false
定論하다	정론하다	false	false
定量員	정량원	false	false
定量濾紙	정량려지	false	false
定量豫報	정량예보	false	false
定量거르기종이	정량거르기종이	false	false
定額支拂制	정액지불제	false	false
定點降下競技	정점강하경기	false	false
客土場	객토장	false	false
客地땅	객지땅	false	false
客地밥	객지밥	false	false
客幣	객페	false	false
客簿冊	객부책	false	false
客糧	객량	false	false
客行樂	객행락	false	false
客行者	객행자	false	false
客觀	객관	false	false
客貨車隊	객화차대	false	false
客饌	객찬	false	false
客적다	객적다	false	false
客적이	객적이	false	false
宣傳室	선전실	false	false
宣傳敎養	선전교양	false	false
宣川水紬	선천수주	false	false
宣白	선백	false	false
宣肺	선페	false	false
宣貺	선황	false	false
室內上學	실내상학	false	false
宮合之卦	궁합지괘	false	false
宮奧	궁오	false	false
宮殿	궁전	false	false
宮殿內殿	궁전내전	false	false
宮殿劇	궁전극	false	false
宮殿外殿	궁전외전	false	false
宮童	궁동	false	false
宮紀	궁기	false	false
宮結捧稅	궁결봉세	false	false
宮院田柴	궁원전시	false	false
害毒스럽다	해독스럽다	false	false
害毒스레	해독스레	false	false
宴會公演	연회공연	false	false
宴會卓	연회탁	false	false
宴豆	연두	false	false
家事凡節	가사범절	false	false
家事室	가사실	false	false
家內作業班	가내작업반	false	false
家內便宜奉仕員	가내편의봉사원	false	false
家內努力	가내로력	false	false
家內宅	가내댁	false	false
家具革命	가구혁명	false	false
家制	가제	false	false
家國之懷	가국지회	false	false
家座冊	가좌책	false	false
家庭周圍環境	가정주위환경	false	false
家庭弊害	가정페해	false	false
家庭成分	가정성분	false	false
家庭收入	가정수입	false	false
家庭敎養	가정교양	false	false
家庭用錄畵機	가정용록화기	false	false
家庭藥	가정약	false	false
家庭負擔	가정부담	false	false
家庭雜事	가정잡사	false	false
家庭革命化	가정혁명화	false	false
家庭體育	가정체육	false	false
家庭옷	가정옷	false	false
家律	가률	false	false
家數	가수	false	false
家族主義	가족주의	false	false
家族休養	가족휴양	false	false
家族休養閣	가족휴양각	false	false
家族手當金	가족수당금	false	false
家族療養券	가족료양권	false	false
家族閣	가족각	false	false
家族食堂	가족식당	false	false
家有名士	가유명사	false	false
家物	가물	false	false
家畜防疫所	가축방역소	false	false
家禽丹毒	가금단독	false	false
家禽寸白蟲病	가금촌백충병	false	false
家禽工學	가금공학	false	false
家禽標識고리	가금표식고리	false	false
家禽機械	가금기계	false	false
家禽牧場	가금목장	false	false
家禽白血球圓蟲病	가금백혈구원충병	false	false
家禽盲腸蟲病	가금맹장충병	false	false
家糧	가량	false	false
家系圃	가계포	false	false
家系추림法	가계추림법	false	false
家諭	가유	false	false
家鷄舍	가계사	false	false
宿地	숙지	false	false
宿寢	숙침	false	false
宿寢하다	숙침하다	false	false
宿泊天幕	숙박천막	false	false
宿營場	숙영장	false	false
宿營幕	숙영막	false	false
宿營所	숙영소	false	false
寂宮	적궁	false	false
寂寞山	적막산	false	false
寄生物	기생물	false	false
寄生結合	기생결합	false	false
寄生蟲性肺炎	기생충성페염	false	false
寄生蟲相	기생충상	false	false
寄生誘導	기생유도	false	false
寄生게	기생게	false	false
寄食터	기식터	false	false
密嗎	밀마	false	false
密巖	밀암	false	false
密市場	밀시장	false	false
密度가름몫分析	밀도가름몫분석	false	false
密林腦炎	밀림뇌염	false	false
密營病院	밀영병원	false	false
密輸군	밀수군	false	false
密閉	밀페	false	false
密閉式우리	밀페식우리	false	false
密閉門	밀페문	false	false
密閉되다	밀페되다	false	false
密閉하다	밀페하다	false	false
密陀僧두겁	밀타승두겁	false	false
密集配置	밀집배치	false	false
密點密花瓷器	밀점밀화자기	false	false
密點瓷器	밀점자기	false	false
富人	부인	false	false
富者집	부자집	false	false
富裕中農	부유중농	false	false
富裕롭다	부유롭다	false	false
富農經理	부농경리	false	false
富饒롭다	부요롭다	false	false
寒冷死	한랭사	false	false
寒家	한가	false	false
寒房	한방	false	false
寒暖計	한난계	false	false
寓談	우담	false	false
察察하다	찰찰하다	false	false
寡不敵衆	과불적중	false	false
寡酒	과주	false	false
寡酒하다	과주하다	false	false
寢臺回轉數	침대회전수	false	false
寢臺깔개	침대깔개	false	false
寤夢	오몽	false	false
寤夢하다	오몽하다	false	false
寥寂하다	료적하다	false	false
寥寥無聞하다	료료무문하다	false	false
實不實	실부실	false	false
實作者	실작자	false	false
實力戰	실력전	false	false
實厚하다	실후하다	false	false
實地人物	실지인물	false	false
實尺現圖	실척현도	false	false
實效鬪爭	실효투쟁	false	false
實效모임	실효모임	false	false
實數뿌리	실수뿌리	false	false
實時間模擬	실시간모의	false	false
實時間體系	실시간체계	false	false
實景山水畵	실경산수화	false	false
實業主義	실업주의	false	false
實物敎養	실물교양	false	false
實用生産物	실용생산물	false	false
實田	실전	false	false
實穀	실곡	false	false
實管水	실관수	false	false
實視	실시	false	false
實視二重별	실시이중별	false	false
實質勞賃	실질로임	false	false
實質收入	실질수입	false	false
實踐文法	실천문법	false	false
實踐社會學	실천사회학	false	false
實銃	실총	false	false
實際溜體	실제류체	false	false
實際番手	실제번수	false	false
實際的待期時間	실제적대기시간	false	false
實際的演算增幅器	실제적연산증폭기	false	false
實際的生産性	실제적생산성	false	false
實際的肥沃度	실제적비옥도	false	false
實際的길이	실제적길이	false	false
實際부피	실제부피	false	false
實音	실음	false	false
實音效果	실음효과	false	false
實高	실고	false	false
實말	실말	false	false
實속말	실속말	false	false
實속말하다	실속말하다	false	false
實잡다	실잡다	false	false
寧察	녕찰	false	false
寧日	녕일	false	false
寧歲	녕세	false	false
寧死언정	녕사언정	false	false
寧邊뽕	녕변뽕	false	false
審判공	심판공	false	false
審議員	심의원	false	false
寫圖筆	사도필	false	false
寫圖종이	사도종이	false	false
寫生旅行	사생려행	false	false
寫生旅行하다	사생려행하다	false	false
寫生무늬	사생무늬	false	false
寫眞原畫	사진원화	false	false
寫眞原紙	사진원지	false	false
寫眞地圖읽기	사진지도읽기	false	false
寫眞學的錄音	사진학적록음	false	false
寫眞宣傳畫	사진선전화	false	false
寫眞平面圖	사진평면도	false	false
寫眞性格曲線	사진성격곡선	false	false
寫眞版만들기	사진판만들기	false	false
寫眞經緯儀	사진경위의	false	false
寫眞電信	사진전신	false	false
寫眞電信機	사진전신기	false	false
寫眞額틀	사진액틀	false	false
寫眞안개	사진안개	false	false
寫眞종이	사진종이	false	false
寬劑	관제	false	false
寬容스럽다	관용스럽다	false	false
寬慰	관위	false	false
寬赦	관사	false	false
寮舍	료사	false	false
寶劍	보검	false	false
寶物山	보물산	false	false
寶物庫	보물고	false	false
寶物桶	보물통	false	false
寶物鑛石	보물광석	false	false
寶物망치	보물망치	false	false
寶物벼락	보물벼락	false	false
寶珍하다	보진하다	false	false
寶田	보전	false	false
寶盒	보합	false	false
寶石房	보석방	false	false
寶石고기	보석고기	false	false
寶貨山	보화산	false	false
寶貨롭다	보화롭다	false	false
寶貴하다	보귀하다	false	false
寶鞋	보혜	false	false
寸志	촌지	false	false
寸袤	촌무	false	false
寺院丹靑	사원단청	false	false
封建家庭	봉건가정	false	false
封建殘滓	봉건잔재	false	false
封建統治	봉건통치	false	false
封建遺物	봉건유물	false	false
封鎖射擊	봉쇄사격	false	false
射出組織	사출조직	false	false
射孔	사공	false	false
射孔彈	사공탄	false	false
射孔機	사공기	false	false
射孔띠	사공띠	false	false
射影軸	사영축	false	false
射手별자리	사수별자리	false	false
射擊撮影機	사격촬영기	false	false
射擊限度	사격한도	false	false
射擊面	사격면	false	false
將半	장반	false	false
將帥	장수	false	false
將帥개미	장수개미	false	false
將帥거리굿	장수거리굿	false	false
將帥꼬니	장수꼬니	false	false
將帥돌드레	장수돌드레	false	false
將帥잠	장수잠	false	false
將帥풍덩이	장수풍덩이	false	false
將攝	장섭	false	false
將攝하다	장섭하다	false	false
將校물림	장교물림	false	false
將棋질군	장기질군	false	false
將棋쪽	장기쪽	false	false
將氣	장기	false	false
將軍말	장군말	false	false
將軍무덤	장군무덤	false	false
將迎	장영	false	false
專任班	전임반	false	false
專任硏究生	전임연구생	false	false
專情하다	전정하다	false	false
專攻科目	전공과목	false	false
專用遞送	전용체송	false	false
專用醫	전용의	false	false
專門兵	전문병	false	false
專門列車	전문렬차	false	false
專門旋盤	전문선반	false	false
專門일군	전문일군	false	false
尉級	위급	false	false
尊人	존인	false	false
尊大스럽다	존대스럽다	false	false
尊待	존대	false	false
尊敬範疇	존경범주	false	false
尊敬토	존경토	false	false
尊父	존부	false	false
尋常스럽다	심상스럽다	false	false
尋常스레	심상스레	false	false
對位旋律	대위선률	false	false
對偶式	대우식	false	false
對偶式通氣	대우식통기	false	false
對向性	대향성	false	false
對向性運動能力	대향성운동능력	false	false
對外貿易港	대외무역항	false	false
對岸	대안	false	false
對應射擊	대응사격	false	false
對抗式機關	대항식기관	false	false
對抗打擊	대항타격	false	false
對抗競技	대항경기	false	false
對擧	대거	false	false
對方	대방	false	false
對旋律	대선률	false	false
對替交雜	대체교잡	false	false
對格토	대격토	false	false
對比感度	대비감도	false	false
對比敎養	대비교양	false	false
對比文法	대비문법	false	false
對比格	대비격	false	false
對比法	대비법	false	false
對比色	대비색	false	false
對比試驗	대비시험	false	false
對決戰	대결전	false	false
對決狂氣	대결광기	false	false
對決狂症	대결광증	false	false
對決騷動	대결소동	false	false
對流混合	대류혼합	false	false
對流熱傳達	대류열전달	false	false
對流過熱器	대류과열기	false	false
對照度	대조도	false	false
對照文法	대조문법	false	false
對照的複聲	대조적복성	false	false
對照色	대조색	false	false
對照色갈	대조색갈	false	false
對照雙	대조쌍	false	false
對眼測微計	대안측미계	false	false
對石賭地	대석도지	false	false
對稱公理	대칭공리	false	false
對稱暗號系	대칭암호계	false	false
對稱法	대칭법	false	false
對稱直線	대칭직선	false	false
對稱系	대칭계	false	false
對稱通路	대칭통로	false	false
對稱電力增幅回路	대칭전력증폭회로	false	false
對稱飛行	대칭비행	false	false
對立法	대립법	false	false
對等짝線	대등짝선	false	false
對角線防禦	대각선방어	false	false
對角線가르기法	대각선가르기법	false	false
對角肋材	대각륵재	false	false
對話唱	대화창	false	false
對話言語	대화언어	false	false
對話詩	대화시	false	false
對讀	대독	false	false
對讀하다	대독하다	false	false
對變	대변	false	false
對象	대상	false	false
對象建設地質學	대상건설지질학	false	false
對象形	대상형	false	false
對象物	대상물	false	false
對象的敍述形	대상적서술형	false	false
對象設備	대상설비	false	false
對象設備設計	대상설비설계	false	false
對象設計	대상설계	false	false
對象通話	대상통화	false	false
對象토	대상토	false	false
對거리싸움	대거리싸움	false	false
導入句	도입구	false	false
導坑窟進	도갱굴진	false	false
導油路	도유로	false	false
導爆線遲滯토막	도폭선지체토막	false	false
導爆雷管	도폭뢰관	false	false
導管暗渠	도관암거	false	false
導輪	도륜	false	false
小	소	false	false
小三和音	소삼화음	false	false
小三度	소삼도	false	false
小人的	소인적	false	false
小人種	소인종	false	false
小作군	소작군	false	false
小作군살이	소작군살이	false	false
小作쟁이	소작쟁이	false	false
小傍唱	소방창	false	false
小兒口腔學	소아구강학	false	false
小兒哯	소아현	false	false
小兒脊髓痲痹	소아척수마비	false	false
小兒腦性痲痹	소아뇌성마비	false	false
小分解	소분해	false	false
小分解하다	소분해하다	false	false
小動物園	소동물원	false	false
小包販賣	소포판매	false	false
小北奸臣	소북간신	false	false
小合所	소합소	false	false
小品詞	소품사	false	false
小商品經理	소상품경리	false	false
小大寒목	소대한목	false	false
小奚琴	소해금	false	false
小婦	소부	false	false
小宦官	소환관	false	false
小將	소장	false	false
小尉	소위	false	false
小幅映畫	소폭영화	false	false
小幅機	소폭기	false	false
小幅천	소폭천	false	false
小形寸白蟲	소형촌백충	false	false
小心꾸러기	소심꾸러기	false	false
小文體	소문체	false	false
小方言	소방언	false	false
小星	소성	false	false
小油量油壓遮斷器	소유량유압차단기	false	false
小王	소왕	false	false
小王國	소왕국	false	false
小班	소반	false	false
小甲板	소갑판	false	false
小疫	소역	false	false
小節쉼標	소절쉼표	false	false
小組	소조	false	false
小組主義	소조주의	false	false
小組室	소조실	false	false
小編隊	소편대	false	false
小編隊公演	소편대공연	false	false
小編隊劇	소편대극	false	false
小聰明	소총명	false	false
小腦障礙症候	소뇌장애증후	false	false
小蛔蟲	소회충	false	false
小補語	소보어	false	false
小說文體	소설문체	false	false
小調	소조	false	false
小調音階	소조음계	false	false
小論	소론	false	false
小象毛춤	소상모춤	false	false
小賣가게	소매가게	false	false
小賣값	소매값	false	false
小車	소차	false	false
小農民經理	소농민경리	false	false
小農經理	소농경리	false	false
小都賣	소도매	false	false
小都賣되다	소도매되다	false	false
小都賣하다	소도매하다	false	false
小鐵	소철	false	false
小鐵길	소철길	false	false
小鐵못	소철못	false	false
小音程	소음정	false	false
小音階	소음계	false	false
小魁	소괴	false	false
小麥酒	소맥주	false	false
小鼓치기	소고치기	false	false
少主	소주	false	false
少佐	소좌	false	false
少層살림집	소층살림집	false	false
少年中隊	소년중대	false	false
少年勞動	소년로동	false	false
少年宮	소년궁	false	false
少年宮殿	소년궁전	false	false
少年會館	소년회관	false	false
少年知己	소년지기	false	false
少年聯	소년련	false	false
少時적	소시적	false	false
尖入	첨입	false	false
尖入하다	첨입하다	false	false
尖椎骨	첨추골	false	false
尖矢	첨시	false	false
尖端語	첨단어	false	false
尖鼠	첨서	false	false
尖鼠벼룩	첨서벼룩	false	false
尙今토록	상금토록	false	false
就嫁	취가	false	false
就嫁하다	취가하다	false	false
就職權	취직권	false	false
尺籍	척적	false	false
尼姑	니고	false	false
尼寺	니사	false	false
尼師今	니사금	false	false
尼師壇	니사단	false	false
尼法師	니법사	false	false
尼講	니강	false	false
尾炭	미탄	false	false
尾行군	미행군	false	false
尾鑛沈澱池	미광침전지	false	false
尾鑛處理	미광처리	false	false
尾鑛앙금못	미광앙금못	false	false
尿來	뇨래	false	false
尿失禁	뇨실금	false	false
尿失禁症	뇨실금증	false	false
尿崩症	뇨붕증	false	false
尿毒症	뇨독증	false	false
尿毒症性喘息	뇨독증성천식	false	false
尿浸潤	뇨침윤	false	false
尿濁	뇨탁	false	false
尿瘻	뇨루	false	false
尿白	뇨백	false	false
尿石	뇨석	false	false
尿竈火丹	뇨조화단	false	false
尿管	뇨관	false	false
尿精	뇨정	false	false
尿素	뇨소	false	false
尿素樹脂	뇨소수지	false	false
尿素肥料	뇨소비료	false	false
尿素먹이	뇨소먹이	false	false
尿素먹이機械	뇨소먹이기계	false	false
尿膜	뇨막	false	false
尿路	뇨로	false	false
尿道	뇨도	false	false
尿道坐藥	뇨도좌약	false	false
尿道注入	뇨도주입	false	false
尿道炎	뇨도염	false	false
尿道鏡	뇨도경	false	false
尿酸	뇨산	false	false
尿閉	뇨페	false	false
尿頻數	뇨빈삭	false	false
局所浸潤痲醉	국소침윤마취	false	false
局所貧血	국소빈혈	false	false
局論	국론	false	false
局部反結合	국부반결합	false	false
局部施肥	국부시비	false	false
局部施肥하다	국부시비하다	false	false
局部河群	국부하군	false	false
局部網	국부망	false	false
局部通風機	국부통풍기	false	false
局部바람갈이	국부바람갈이	false	false
局間聯絡線	국간련락선	false	false
居住屆	거주계	false	false
居住證	거주증	false	false
居內憂	거내우	false	false
居內憂하다	거내우하다	false	false
居宇	거우	false	false
居民證	거민증	false	false
居甲가다	거갑가다	false	false
居留民證	거류민증	false	false
屈伸週期	굴신주기	false	false
屈作業服	굴작업복	false	false
屈居	굴거	false	false
屈折波法	굴절파법	false	false
屈折鹽分計	굴절염분계	false	false
屈指苦待	굴지고대	false	false
屈浦文化	굴포문화	false	false
屈羞忍辱	굴수인욕	false	false
屈膝和協	굴슬화협	false	false
屑用	설용	false	false
屑用하다	설용하다	false	false
展望探査	전망탐사	false	false
展望探査隊	전망탐사대	false	false
展望探索	전망탐색	false	false
展望計劃	전망계획	false	false
展望鑛量	전망광량	false	false
展牲	전생	false	false
展牲하다	전생하다	false	false
展舒	전서	false	false
展舒하다	전서하다	false	false
展采	전채	false	false
展開文	전개문	false	false
屛門군	병문군	false	false
屛門벌이	병문벌이	false	false
屛風	병풍	false	false
屛風山	병풍산	false	false
屛風돌	병풍돌	false	false
屛黜	병출	false	false
屛黜하다	병출하다	false	false
屢代	루대	false	false
屢典郡邑	루전군읍	false	false
屢報	루보	false	false
屢報하다	루보하다	false	false
屢屢	루루	false	false
屢屢이	루루이	false	false
屢巡空讚	루순공찬	false	false
屢年	루년	false	false
屢度	루도	false	false
屢日	루일	false	false
屢朔	루삭	false	false
屢次	루차	false	false
屢試屢驗	루시루험	false	false
層亂雲	층란운	false	false
層列	층렬	false	false
層寢臺	층침대	false	false
層層九萬層	층층구만층	false	false
層層座下	층층좌하	false	false
層層撮影	층층촬영	false	false
層層膝下	층층슬하	false	false
層岫	층수	false	false
層幕板	층막판	false	false
層幕보	층막보	false	false
層序柱狀圖	층서주상도	false	false
層構	층구	false	false
層次例	층차례	false	false
層段	층단	false	false
層疊	층첩	false	false
層疊하다	층첩하다	false	false
層臺板	층대판	false	false
層臺돌	층대돌	false	false
層臺보	층대보	false	false
層長	층장	false	false
層龜裂	층균렬	false	false
層가름	층가름	false	false
層거리	층거리	false	false
層꼴地衣	층꼴지의	false	false
層다리	층다리	false	false
層더미구름	층더미구름	false	false
層돌	층돌	false	false
層사귐	층사귐	false	false
履	리	false	false
履卦	리괘	false	false
履帶	리대	false	false
履帶板	리대판	false	false
履板	리판	false	false
履歷	리력	false	false
履歷損失	리력손실	false	false
履歷文件	리력문건	false	false
履歷曲線	리력곡선	false	false
履歷書	리력서	false	false
履歷比較器	리력비교기	false	false
履歷特性	리력특성	false	false
履歷現象	리력현상	false	false
履歷環線	리력환선	false	false
履行	리행	false	false
履行되다	리행되다	false	false
履行하다	리행하다	false	false
屬格토	속격토	false	false
屬하다	속하다	false	false
屯坎하다	준감하다	false	false
屯躓하다	준지하다	false	false
山中孤魂	산중고혼	false	false
山中腹	산중복	false	false
山中춤	산중춤	false	false
山供堂	산공당	false	false
山傾斜	산경사	false	false
山冬柏나무	산동백나무	false	false
山口	산구	false	false
山地皮物	산지피물	false	false
山地盤沙漠	산지반사막	false	false
山坂幕	산판막	false	false
山岳性降雨	산악성강우	false	false
山岳窟	산악굴	false	false
山岳강골景觀	산악강골경관	false	false
山巾野服	산건야복	false	false
山底人	산저인	false	false
山整理	산정리	false	false
山松蘿	산송라	false	false
山林凍土帶	산림동토대	false	false
山林地種	산림지종	false	false
山林型	산림형	false	false
山林層	산림층	false	false
山林成熟	산림성숙	false	false
山林探査	산림탐사	false	false
山林育種學	산림육종학	false	false
山林褐色土壤	산림갈색토양	false	false
山林計算學	산림계산학	false	false
山林設計學	산림설계학	false	false
山林警察隊	산림경찰대	false	false
山林部隊	산림부대	false	false
山林鐵	산림철	false	false
山林隊	산림대	false	false
山林되살이	산림되살이	false	false
山林원숭이	산림원숭이	false	false
山林진드기	산림진드기	false	false
山水泉石	산수천석	false	false
山波濤	산파도	false	false
山淸	산청	false	false
山玉色나비	산옥색나비	false	false
山綠	산록	false	false
山羊뿔	산양뿔	false	false
山茴香	산회향	false	false
山莊밭	산장밭	false	false
山萬年이끼	산만년이끼	false	false
山蓮풀	산련풀	false	false
山運營班	산운영반	false	false
山鄕	산향	false	false
山間凹谷地	산간요곡지	false	false
山防風	산방풍	false	false
山鞍裝部	산안장부	false	false
山高地	산고지	false	false
山鬚髥밤나비	산수염밤나비	false	false
山龍膽	산룡담	false	false
山갈래	산갈래	false	false
山감수	산감수	false	false
山갯당귀	산갯당귀	false	false
山검은풀모기	산검은풀모기	false	false
山골갯도요	산골갯도요	false	false
山골바우	산골바우	false	false
山골창	산골창	false	false
山괴쑥	산괴쑥	false	false
山구슬지렁이	산구슬지렁이	false	false
山굽인돌이	산굽인돌이	false	false
山기슭層	산기슭층	false	false
山기슭階	산기슭계	false	false
山기슭풀모기	산기슭풀모기	false	false
山긴잎꼬리이끼	산긴잎꼬리이끼	false	false
山껍질	산껍질	false	false
山날	산날	false	false
山노랑뒤날개밤나비	산노랑뒤날개밤나비	false	false
山누런풀모기	산누런풀모기	false	false
山누에나비	산누에나비	false	false
山담배풀	산담배풀	false	false
山당丹楓나무	산당단풍나무	false	false
山덕	산덕	false	false
山도랑	산도랑	false	false
山돌꽃地衣	산돌꽃지의	false	false
山등말기	산등말기	false	false
山등판	산등판	false	false
山머위	산머위	false	false
山모래이끼	산모래이끼	false	false
山무너지기	산무너지기	false	false
山물땅밥	산물땅밥	false	false
山물매	산물매	false	false
山바라지	산바라지	false	false
山바위梅花地衣	산바위매화지의	false	false
山발코숭이	산발코숭이	false	false
山밤나비	산밤나비	false	false
山방망이	산방망이	false	false
山버덩	산버덩	false	false
山버찌나무	산버찌나무	false	false
山벗나무	산벗나무	false	false
山벼랑턱	산벼랑턱	false	false
山불막이線	산불막이선	false	false
山불막이隊	산불막이대	false	false
山빨간애기벌	산빨간애기벌	false	false
山뻐꾹이끼	산뻐꾹이끼	false	false
山뿔꽃	산뿔꽃	false	false
山살구	산살구	false	false
山살구나무	산살구나무	false	false
山아귀꽃나무	산아귀꽃나무	false	false
山애기金髮이끼	산애기금발이끼	false	false
山앵두나무	산앵두나무	false	false
山어구	산어구	false	false
山이스라치	산이스라치	false	false
山자드락	산자드락	false	false
山중	산중	false	false
山짭	산짬	false	false
山찔광이나무	산찔광이나무	false	false
山치	산치	false	false
山치기줄	산치기줄	false	false
山큰쥐벼룩	산큰쥐벼룩	false	false
山탁	산탁	false	false
山토끼病	산토끼병	false	false
山토끼풀	산토끼풀	false	false
山톱	산톱	false	false
山투구이끼	산투구이끼	false	false
山한줄나비	산한줄나비	false	false
山함박꽃	산함박꽃	false	false
山허리工事	산허리공사	false	false
山허리돌뚝	산허리돌뚝	false	false
山허리물길	산허리물길	false	false
山홈타기	산홈타기	false	false
山황새냉이	산황새냉이	false	false
山흰나비	산흰나비	false	false
岑巖	잠암	false	false
岑巖하다	잠암하다	false	false
岸氷	안빙	false	false
岸邊	안변	false	false
峨峨連峯	아아련봉	false	false
峯泉郡	봉천군	false	false
峯마루	봉마루	false	false
峻急하다	준급하다	false	false
峻整하다	준정하다	false	false
崇米	숭미	false	false
崔嵬하다	최외하다	false	false
崚嶒하다	릉층하다	false	false
崢嶸하다	쟁영하다	false	false
崩壞圈	붕괴권	false	false
崩壞圖	붕괴도	false	false
崩壞度	붕괴도	false	false
崩壞式採炭法	붕괴식채탄법	false	false
崩壞藥	붕괴약	false	false
崩壞그림	붕괴그림	false	false
崩解	붕해	false	false
崩解하다	붕해하다	false	false
嵌合公差	감합공차	false	false
嵐氣	람기	false	false
嵐風	람풍	false	false
嶺上	령상	false	false
嶺伯	령백	false	false
嶺儒	령유	false	false
嶺北	령북	false	false
嶺南	령남	false	false
嶺南方言	령남방언	false	false
嶺底	령저	false	false
嶺扇	령선	false	false
嶺木	령목	false	false
嶺東	령동	false	false
嶺東八景	령동팔경	false	false
嶺板	령판	false	false
嶺直	령직	false	false
嶺紙	령지	false	false
嶺西	령서	false	false
嶺調	령조	false	false
嶺隘	령애	false	false
嶺길	령길	false	false
嶺마루	령마루	false	false
嶺판	령판	false	false
巍巍하다	외외하다	false	false
巖壑	암학	false	false
巖扉	암비	false	false
巖族	암족	false	false
巖漿作用	암장작용	false	false
巖漿反應系列	암장반응계렬	false	false
巖漿生	암장생	false	false
巖漿生鑛床	암장생광상	false	false
巖狀學	암상학	false	false
巖石交流電氣마당熱破碎法	암석교류전기마당열파쇄법	false	false
巖石內的因子	암석내적인자	false	false
巖石外的因子	암석외적인자	false	false
巖石殘柱	암석잔주	false	false
巖石沙汰	암석사태	false	false
巖石穿孔性	암석천공성	false	false
巖石高周波破碎法	암석고주파파쇄법	false	false
巖積	암적	false	false
巖積江	암적강	false	false
巖積하다	암적하다	false	false
巖竇	암두	false	false
巖質力學	암질력학	false	false
巖質學	암질학	false	false
巖陛	암페	false	false
川內郡	천내군	false	false
川流	천류	false	false
川獵국	천렵국	false	false
川舟船	천주선	false	false
州曲	주곡	false	false
巡察反潛飛行機	순찰반잠비행기	false	false
巡廻優勝旗	순회우승기	false	false
巡廻船	순회선	false	false
巡視令旗	순시령기	false	false
工事列車	공사렬차	false	false
工作信管	공작신관	false	false
工作地	공작지	false	false
工作機械새끼치기運動	공작기계새끼치기운동	false	false
工作機臺	공작기대	false	false
工作組	공작조	false	false
工作線	공작선	false	false
工兵裝甲車	공병장갑차	false	false
工兵豫備隊	공병예비대	false	false
工兵遮斷物	공병차단물	false	false
工具革命	공구혁명	false	false
工具쌈	공구쌈	false	false
工具쌈지	공구쌈지	false	false
工力財帛	공력재백	false	false
工務	공무	false	false
工務切削機臺	공무절삭기대	false	false
工務動力	공무동력	false	false
工務動力職場	공무동력직장	false	false
工務職場	공무직장	false	false
工場委員會	공장위원회	false	false
工場新聞	공장신문	false	false
工場級數	공장급수	false	false
工場體育	공장체육	false	false
工場高等專門學校	공장고등전문학교	false	false
工場黨	공장당	false	false
工場黨委員會	공장당위원회	false	false
工夫	공부	false	false
工夫군	공부군	false	false
工夫놀이감	공부놀이감	false	false
工技	공기	false	false
工數	공수	false	false
工數都給支拂制	공수도급지불제	false	false
工業企業所	공업기업소	false	false
工業勞力	공업로력	false	false
工業周波數	공업주파수	false	false
工業構造學	공업구조학	false	false
工業熱力學	공업열력학	false	false
工業琺瑯	공업법랑	false	false
工業用爆藥	공업용폭약	false	false
工業用실	공업용실	false	false
工業的建設	공업적건설	false	false
工業社會論	공업사회론	false	false
工業總生産額	공업총생산액	false	false
工業美術	공업미술	false	false
工業農業國	공업농업국	false	false
工業農業國家	공업농업국가	false	false
工業障礙	공업장애	false	false
工業雜音	공업잡음	false	false
工率	공률	false	false
工程入出口裝置	공정입출구장치	false	false
工程員	공정원	false	false
工程殺菌	공정살균	false	false
工程自動操縱體系	공정자동조종체계	false	false
工藝士	공예사	false	false
工藝學的길이	공예학적길이	false	false
工藝學的여물期	공예학적여물기	false	false
工藝琉璃	공예유리	false	false
工藝的成熟期	공예적성숙기	false	false
工農	공농	false	false
左傾	좌경	false	false
左傾冒險主義	좌경모험주의	false	false
左傾冒險盲動主義	좌경모험맹동주의	false	false
左傾分子	좌경분자	false	false
左傾排他主義	좌경배타주의	false	false
左傾機會主義	좌경기회주의	false	false
左傾民族排他主義	좌경민족배타주의	false	false
左傾關門主義	좌경관문주의	false	false
左內攻擊手	좌내공격수	false	false
左右傾機會主義	좌우경기회주의	false	false
左右兩難	좌우량난	false	false
左右켠	좌우켠	false	false
左照右顧	좌조우고	false	false
左照右顧하다	좌조우고하다	false	false
左翼中間防禦手	좌익중간방어수	false	false
左翼功擊手	좌익공격수	false	false
左翼防禦手	좌익방어수	false	false
左證	좌증	false	false
左顧	좌고	false	false
左顧하다	좌고하다	false	false
巧藝	교예	false	false
巧藝俳優	교예배우	false	false
巧藝劇場	교예극장	false	false
巧藝團	교예단	false	false
巧藝安全員	교예안전원	false	false
巧藝師	교예사	false	false
巧藝幕間劇	교예막간극	false	false
巧藝臺本	교예대본	false	false
巧藝舞踊	교예무용	false	false
巧藝藝術	교예예술	false	false
巧藝術	교예술	false	false
巧藝音樂	교예음악	false	false
巧藝飛行競技	교예비행경기	false	false
巧藝馬	교예마	false	false
巧藝말	교예말	false	false
巨地形	거지형	false	false
巨弊	거페	false	false
巨晶巖	거정암	false	false
巨禍	거화	false	false
巨軍	거군	false	false
巨量	거량	false	false
巨魁	거괴	false	false
巨魁하다	거괴하다	false	false
巫女춤	무녀춤	false	false
差使例債	차사례채	false	false
差備새	차비새	false	false
差劇	차극	false	false
差動函	차동함	false	false
差動增幅係數	차동증폭계수	false	false
差徑鑿井機	차경착정기	false	false
差徑鑿孔機	차경착공기	false	false
差異甘受力	차이감수력	false	false
差額所得	차액소득	false	false
巾着	건착	false	false
巾着傳馬船	건착전마선	false	false
巾着揚網機	건착양망기	false	false
巾着漁撈機械	건착어로기계	false	false
巾着그물	건착그물	false	false
市丁民	시정민	false	false
市井徒	시정도	false	false
市入	시입	false	false
市入하다	시입하다	false	false
市場값	시장값	false	false
市外連絡線	시외련락선	false	false
布帆船	포범선	false	false
布楮貨	포저화	false	false
布網	포망	false	false
布置線	포치선	false	false
布裹帶	포과대	false	false
布裹帽	포과모	false	false
布裹紗帽	포과사모	false	false
布頭𢄼	포두수	false	false
帆艅	범여	false	false
希圖	희도	false	false
希圖하다	희도하다	false	false
師範專門學校	사범전문학교	false	false
師範講習	사범강습	false	false
師長	사장	false	false
帳前	장전	false	false
帳幕	장막	false	false
帳幕군	장막군	false	false
帳落	장락	false	false
帶域切換器	대역절환기	false	false
帶域制限白色雜音	대역제한백색잡음	false	false
帶域消去濾波器	대역소거려파기	false	false
帶域濾波器	대역려파기	false	false
帶域通過濾波器	대역통과려파기	false	false
帶性系列	대성계렬	false	false
帶的分布	대적분포	false	false
帶電粒子	대전립자	false	false
帶電막이加工	대전막이가공	false	false
常乾品	상건품	false	false
常住什物	상주집물	false	false
常務委員會	상무위원회	false	false
常沒星	상몰성	false	false
常漢輩	상한배	false	false
常磁性增幅器	상자성증폭기	false	false
常磁性發進器	상자성발진기	false	false
常脈	상맥	false	false
常設會議	상설회의	false	false
常辱設	상욕설	false	false
常소리군	상소리군	false	false
帽上燈	모상등	false	false
帽子燈	모자등	false	false
帽子걸개	모자걸개	false	false
帽子무늬朱紅돌드레	모자무늬주홍돌드레	false	false
帽子잇	모자잇	false	false
帽子채양	모자채양	false	false
幅擴大곁數	폭확대곁수	false	false
幇工	방공	false	false
幕獄	막옥	false	false
幕間曲	막간곡	false	false
幕間어미	막간어미	false	false
幕기발	막기발	false	false
幕뒤	막뒤	false	false
干楯	간순	false	false
干涉檢波	간섭검파	false	false
干涉素	간섭소	false	false
干涉落下	간섭락하	false	false
干涉軍	간섭군	false	false
干滿潮	간만조	false	false
干潟地型養殖場	간석지형양식장	false	false
干潟地綠化	간석지록화	false	false
干潟地農法	간석지농법	false	false
干潟地벌	간석지벌	false	false
干潟地뺄물길	간석지뺄물길	false	false
干潮汀線	간조정선	false	false
平倉庫	평창고	false	false
平價引上	평가인상	false	false
平價引上되다	평가인상되다	false	false
平價引上하다	평가인상하다	false	false
平價引下	평가인하	false	false
平和戰略	평화전략	false	false
平和的勞動	평화적로동	false	false
平和軍	평화군	false	false
平土機	평토기	false	false
平均價格	평균가격	false	false
平均流速	평균류속	false	false
平均滿潮間隔	평균만조간격	false	false
平均西東循環	평균서동순환	false	false
平均나이	평균나이	false	false
平均물面	평균물면	false	false
平均미세기差	평균미세기차	false	false
平坦地帶	평탄지대	false	false
平塊	평괴	false	false
平壤丹楓나무	평양단풍나무	false	false
平壤明紬	평양명주	false	false
平壤種	평양종	false	false
平壤速度	평양속도	false	false
平壤鐘	평양종	false	false
平壤뽀뿌리	평양뽀뿌리	false	false
平安道農民戰爭	평안도농민전쟁	false	false
平射砲兵	평사포병	false	false
平床式모板	평상식모판	false	false
平易斷層	평이단층	false	false
平板形回轉壓縮機	평판형회전압축기	false	false
平板枋	평판방	false	false
平板蓄電器	평판축전기	false	false
平版印刷機	평판인쇄기	false	false
平版撮影	평판촬영	false	false
平版自動印刷機	평판자동인쇄기	false	false
平版종이	평판종이	false	false
平畦	평규	false	false
平畦式	평규식	false	false
平百姓	평백성	false	false
平移	평이	false	false
平移하다	평이하다	false	false
平等連續性	평등련속성	false	false
平紬	평주	false	false
平組織	평조직	false	false
平織천	평직천	false	false
平行三角고임天井	평행삼각고임천정	false	false
平行尺	평행척	false	false
平行式切斷機	평행식절단기	false	false
平行式한位置機械	평행식한위치기계	false	false
平行式흐름線	평행식흐름선	false	false
平行性河系	평행성하계	false	false
平行搜索	평행수색	false	false
平行海岸	평행해안	false	false
平行進行	평행진행	false	false
平行鋼線묶음바줄	평행강선묶음바줄	false	false
平行雙무이	평행쌍무이	false	false
平行고임天井	평행고임천정	false	false
平行빛線	평행빛선	false	false
平行자름面	평행자름면	false	false
平行쪼각공	평행쪼각공	false	false
平行테살틀	평행테살틀	false	false
平衡海岸	평형해안	false	false
平象毛	평상모	false	false
平道	평도	false	false
平針繡	평침수	false	false
平鏃	평촉	false	false
平鏃널사개	평촉널사개	false	false
平鏃잇손	평촉잇손	false	false
平長短繡	평장단수	false	false
平面形三極素子	평면형삼극소자	false	false
平面形板	평면형판	false	false
平面編織機	평면편직기	false	false
平面角壓延	평면각압연	false	false
平面고치	평면고치	false	false
平面무늬박이	평면무늬박이	false	false
平面살틀	평면살틀	false	false
平面쏠림빛	평면쏠림빛	false	false
平面우리	평면우리	false	false
平面자리標	평면자리표	false	false
平갈이	평갈이	false	false
平고무신	평고무신	false	false
平길	평길	false	false
平닻채찍벌레	평닻채찍벌레	false	false
平뜨개	평뜨개	false	false
平머리반디	평머리반디	false	false
平머리채찍벌레	평머리채찍벌레	false	false
平모서리무음	평모서리무음	false	false
平미리	평미리	false	false
平미리하다	평미리하다	false	false
平밑實驗甁	평밑실험병	false	false
平소매	평소매	false	false
平실繡	평실수	false	false
平짜임	평짜임	false	false
平코	평코	false	false
平후치	평후치	false	false
平흐름안개	평흐름안개	false	false
年	년	false	false
年上	년상	false	false
年下	년하	false	false
年下狀	년하장	false	false
年下郵便	년하우편	false	false
年中	년중	false	false
年中無休	년중무휴	false	false
年中行事	년중행사	false	false
年中털갈이	년중털갈이	false	false
年久月深	년구월심	false	false
年久歲深	년구세심	false	false
年久하다	년구하다	false	false
年事	년사	false	false
年代學	년대학	false	false
年代期	년대기	false	false
年代表	년대표	false	false
年代記	년대기	false	false
年代記劇	년대기극	false	false
年代順	년대순	false	false
年來	년래	false	false
年例	년례	false	false
年例化	년례화	false	false
年例化되다	년례화되다	false	false
年例化하다	년례화하다	false	false
年例會	년례회	false	false
年例行事	년례행사	false	false
年俸	년봉	false	false
年俸金	년봉금	false	false
年光	년광	false	false
年內	년내	false	false
年分	년분	false	false
年分法	년분법	false	false
年初	년초	false	false
年初病	년초병	false	false
年利	년리	false	false
年前	년전	false	false
年力	년력	false	false
年功	년공	false	false
年同甲	년동갑	false	false
年命	년명	false	false
年報	년보	false	false
年增歲加	년증세가	false	false
年壽	년수	false	false
年始	년시	false	false
年富力強	년부력강	false	false
年少	년소	false	false
年少氣銳	년소기예	false	false
年少輩	년소배	false	false
年少하다	년소하다	false	false
年層	년층	false	false
年差	년차	false	false
年平均	년평균	false	false
年年	년년	false	false
年年作	년년작	false	false
年年歲歲	년년세세	false	false
年年生	년년생	false	false
年年이	년년이	false	false
年形	년형	false	false
年恤金	년휼금	false	false
年拂	년불	false	false
年拂制	년불제	false	false
年收	년수	false	false
年數	년수	false	false
年晩하다	년만하다	false	false
年暮	년모	false	false
年曆	년력	false	false
年會	년회	false	false
年月日	년월일	false	false
年月日時	년월일시	false	false
年期	년기	false	false
年期小作	년기소작	false	false
年末	년말	false	false
年末年始	년말년시	false	false
年條	년조	false	false
年次	년차	false	false
年歲	년세	false	false
年深歲久	년심세구	false	false
年滿하다	년만하다	false	false
年物	년물	false	false
年率	년률	false	false
年産	년산	false	false
年甲	년갑	false	false
年甲歲	년갑세	false	false
年甲또래	년갑또래	false	false
年相若하다	년상약하다	false	false
年穀	년곡	false	false
年終	년종	false	false
年終放砲	년종방포	false	false
年終砲	년종포	false	false
年終祭	년종제	false	false
年給	년급	false	false
年老	년로	false	false
年老保障	년로보장	false	false
年老年金	년로년금	false	false
年老者	년로자	false	false
年老者年金	년로자년금	false	false
年老金	년로금	false	false
年老하다	년로하다	false	false
年華	년화	false	false
年號	년호	false	false
年表	년표	false	false
年譜	년보	false	false
年豐	년풍	false	false
年豐하다	년풍하다	false	false
年貢	년공	false	false
年賀	년하	false	false
年賦	년부	false	false
年賦制	년부제	false	false
年賦金	년부금	false	false
年輩	년배	false	false
年輪	년륜	false	false
年輪水文學	년륜수문학	false	false
年週光行差	년주광행차	false	false
年週視差	년주시차	false	false
年週運動	년주운동	false	false
年運	년운	false	false
年邊	년변	false	false
年金	년금	false	false
年金保障	년금보장	false	false
年金證書	년금증서	false	false
年鑑	년감	false	false
年長	년장	false	false
年長兒	년장아	false	false
年長者	년장자	false	false
年長하다	년장하다	false	false
年間	년간	false	false
年間的	년간적	false	false
年間線量	년간선량	false	false
年間調節發電所	년간조절발전소	false	false
年間負荷曲線	년간부하곡선	false	false
年限	년한	false	false
年頭	년두	false	false
年頭敎書	년두교서	false	false
年頭法	년두법	false	false
年頭辭	년두사	false	false
年頭頌	년두송	false	false
年額	년액	false	false
年首	년수	false	false
年高德邵	년고덕소	false	false
年高氣衰	년고기쇠	false	false
年高者白	년고자백	false	false
年高하다	년고하다	false	false
年高히	년고히	false	false
年齒	년치	false	false
年齡	년령	false	false
年齡期	년령기	false	false
幸州大勝利	행주대승리	false	false
幸福狀	행복상	false	false
幸福童	행복동	false	false
幸福童이	행복동이	false	false
幹事員	간사원	false	false
幹事중	간사중	false	false
幹線길	간선길	false	false
幹部	간부	false	false
幹部事業	간부사업	false	false
幹部學校	간부학교	false	false
幹部工場	간부공장	false	false
幹部後備	간부후비	false	false
幹部標徵	간부표징	false	false
幹部源泉地	간부원천지	false	false
幹部革命	간부혁명	false	false
幻想	환상	false	false
幻想線	환상선	false	false
幻想編輯	환상편집	false	false
幻想춤	환상춤	false	false
幻燈字幕板	환등자막판	false	false
幻燈美術	환등미술	false	false
幻燈모임	환등모임	false	false
幻術眞言	환술진언	false	false
幼兒囊	유아낭	false	false
幼兒沙糖	유아사탕	false	false
幼稚園網	유치원망	false	false
幼稚園잡이	유치원잡이	false	false
幼蟲寄生벌	유충기생벌	false	false
幽宮之志	유궁지지	false	false
幽昕하다	유흔하다	false	false
幽玄境	유현경	false	false
幽靈해파리	유령해파리	false	false
幾何數列	기하수렬	false	false
幾何網	기하망	false	false
庄地	장지	false	false
床手巾	상수건	false	false
床두리	상두리	false	false
序列燈	서렬등	false	false
序章	서장	false	false
底層曳網漁船	저층예망어선	false	false
底棲狀態	저서상태	false	false
店子	점자	false	false
度量	탁량	false	false
度量衡	도량형	false	false
度量하다	탁량하다	false	false
座席訓鍊	좌석훈련	false	false
座標式交換機	좌표식교환기	false	false
座標連結機	좌표련결기	false	false
庭午	정오	false	false
康翎郡	강령군	false	false
康翎탈놀이	강령탈놀이	false	false
庸衆	용중	false	false
廉介하다	렴개하다	false	false
廉價	렴가	false	false
廉價品	렴가품	false	false
廉儉스럽다	렴검스럽다	false	false
廉儉스레	렴검스레	false	false
廉儉하다	렴검하다	false	false
廉儉히	렴검히	false	false
廉勁하다	렴경하다	false	false
廉吏	렴리	false	false
廉問	렴문	false	false
廉問군	렴문군	false	false
廉問하다	렴문하다	false	false
廉士	렴사	false	false
廉夫	렴부	false	false
廉官	렴관	false	false
廉客	렴객	false	false
廉察	렴찰	false	false
廉察使	렴찰사	false	false
廉察하다	렴찰하다	false	false
廉平하다	렴평하다	false	false
廉平히	렴평히	false	false
廉恥	렴치	false	false
廉探	렴탐	false	false
廉探군	렴탐군	false	false
廉探질	렴탐질	false	false
廉探질하다	렴탐질하다	false	false
廉探하다	렴탐하다	false	false
廉明하다	렴명하다	false	false
廉明히	렴명히	false	false
廉歇하다	렴헐하다	false	false
廉正하다	렴정하다	false	false
廉正히	렴정히	false	false
廉泉	렴천	false	false
廉潔하다	렴결하다	false	false
廉潔히	렴결히	false	false
廉白하다	렴백하다	false	false
廉白히	렴백히	false	false
廉直하다	렴직하다	false	false
廉直히	렴직히	false	false
廉纖하다	렴섬하다	false	false
廉謹吏	렴근리	false	false
廉賣	렴매	false	false
廉賣하다	렴매하다	false	false
廉防	렴방	false	false
廉隅	렴우	false	false
廊下	랑하	false	false
廊屬	랑속	false	false
廊底	랑저	false	false
廊廟	랑묘	false	false
廊漢	랑한	false	false
廚傳之弊	주전지페	false	false
廚竈	주조	false	false
廟壇	묘단	false	false
廟院	묘원	false	false
廢墓	페묘	false	false
廢墓하다	페묘하다	false	false
廢所	페소	false	false
廢所되다	페소되다	false	false
廢所하다	페소하다	false	false
廢止令	페지령	false	false
廢氣管	페기관	false	false
廢熱溫室	페열온실	false	false
廢燈	페등	false	false
廢産物	페산물	false	false
廢耕	페경	false	false
廢耕地	페경지	false	false
廢酸	페산	false	false
廢鋼	페강	false	false
廢鑛	페광	false	false
廣卵形	광란형	false	false
廣告紙	광고지	false	false
廣圃田	광포전	false	false
廣大貨物	광대화물	false	false
廣宣流布	광선류포	false	false
廣幅映畵	광폭영화	false	false
廣採	광채	false	false
廣採하다	광채하다	false	false
廣浦種오리	광포종오리	false	false
廣浦오리	광포오리	false	false
廣眉	광미	false	false
廣節裂頭寸白蟲	광절렬두촌백충	false	false
廣閣	광각	false	false
廣骨盤	광골반	false	false
廨舍	해사	false	false
廩俸	름봉	false	false
廩料	름료	false	false
廩況	름황	false	false
廩田	름전	false	false
廩藏	름장	false	false
廩藏하다	름장하다	false	false
廬側	려측	false	false
廬墓	려묘	false	false
廬幕	려막	false	false
廬次	려차	false	false
廮瘤膏	영류고	false	false
廳堂	청당	false	false
延企	연기	false	false
延伸곁수	연신곁수	false	false
延安郡	연안군	false	false
延山	연산	false	false
延山郡	연산군	false	false
延年不老	연년불로	false	false
延年不老하다	연년불로하다	false	false
延延	연연	false	false
延延千里	연연천리	false	false
延效性藥	연효성약	false	false
延效性製劑	연효성제제	false	false
延着補償金	연착보상금	false	false
延社郡	연사군	false	false
延祚	연조	false	false
延繩	련승	false	false
延繩船	연승선	false	false
延金	연금	false	false
延長掘進	연장굴진	false	false
延長소매	연장소매	false	false
延閣	연각	false	false
延頸	연경	false	false
延頸企踵	연경기종	false	false
延頸企踵하다	연경기종하다	false	false
延頸鶴望	연경학망	false	false
建具板	건구판	false	false
建國室	건국실	false	false
建國思想總動員運動	건국사상총동원운동	false	false
建國米	건국미	false	false
建材工業	건재공업	false	false
建物照明	건물조명	false	false
建築力點	건축력점	false	false
建築圖面	건축도면	false	false
建築工	건축공	false	false
建築形成	건축형성	false	false
建築形成手段	건축형성수단	false	false
建築形成論	건축형성론	false	false
建築照明	건축조명	false	false
建築熱物理	건축열물리	false	false
建築熱物理學	건축열물리학	false	false
建築立體	건축립체	false	false
建築美學思想	건축미학사상	false	false
建築藝術	건축예술	false	false
建築術	건축술	false	false
建築調和	건축조화	false	false
建築造形	건축조형	false	false
建設力學	건설력학	false	false
建設地質	건설지질	false	false
建設地質學	건설지질학	false	false
建設學	건설학	false	false
建設對象	건설대상	false	false
建設明示	건설명시	false	false
建設村	건설촌	false	false
建設板종이	건설판종이	false	false
建設額	건설액	false	false
建設鳶工	건설연공	false	false
建設의集中化	건설의집중화	false	false
建設흐름量	건설흐름량	false	false
建軍節	건군절	false	false
廻旋	회선	false	false
廻旋하다	회선하다	false	false
廻轉	회전	false	false
弄	롱	false	false
弄假成眞	롱가성진	false	false
弄兒詞	롱아사	false	false
弄奸	롱간	false	false
弄奸하다	롱간하다	false	false
弄孫	롱손	false	false
弄技	롱기	false	false
弄技하다	롱기하다	false	false
弄春和答	롱춘화답	false	false
弄杖	롱장	false	false
弄杖戲	롱장희	false	false
弄權	롱권	false	false
弄毬舞	롱구무	false	false
弄氣	롱기	false	false
弄璋	롱장	false	false
弄璋之慶	롱장지경	false	false
弄瓦	롱와	false	false
弄瓦之慶	롱와지경	false	false
弄痛	롱통	false	false
弄筆	롱필	false	false
弄筆하다	롱필하다	false	false
弄絃	롱현	false	false
弄聲	롱성	false	false
弄胎	롱태	false	false
弄舌	롱설	false	false
弄蕩	롱탕	false	false
弄言	롱언	false	false
弄調	롱조	false	false
弄談	롱담	false	false
弄談調	롱담조	false	false
弄談하다	롱담하다	false	false
弄辯	롱변	false	false
弄過成嗔	롱과성진	false	false
弄音	롱음	false	false
弄題	롱제	false	false
弄갈	롱갈	false	false
弄거리	롱거리	false	false
弄지거리	롱지거리	false	false
弄판	롱판	false	false
弄하다	롱하다	false	false
弇中	엄중	false	false
弊患	페환	false	false
弊衫	페삼	false	false
式數	식수	false	false
式範疇	식범주	false	false
弓山文化	궁산문화	false	false
弓韔	궁창	false	false
弔意場	조의장	false	false
弔意式	조의식	false	false
弔意式場	조의식장	false	false
弔材	적재	false	false
弔死	조사	false	false
弔死하다	조사하다	false	false
引上機	인상기	false	false
引傳帶	인전대	false	false
引入砲兵	인입포병	false	false
引入다리	인입다리	false	false
引出機	인출기	false	false
引客군	인객군	false	false
引拔地雷	인발지뢰	false	false
引火甁	인화병	false	false
引率波	인솔파	false	false
引用標	인용표	false	false
引線	인선	false	false
引餠	인병	false	false
弗化物鎔融	불화물용융	false	false
弗素年代測定法	불소년대측정법	false	false
弛解	이해	false	false
弧光照明機	호광조명기	false	false
弧光맞닿이	호광맞닿이	false	false
弧形水門	호형수문	false	false
弱濕性	약습성	false	false
弱甘味	약감미	false	false
弱電學	약전학	false	false
弱電工業	약전공업	false	false
弱鹽	약염	false	false
弱鹽品	약염품	false	false
弱鹽法	약염법	false	false
弱한母音	약한모음	false	false
弱한단맛	약한단맛	false	false
弱한자름	약한자름	false	false
張	장	false	false
張豐郡	장풍군	false	false
強促	강촉	false	false
強偉力하다	강위력하다	false	false
強制成熟	강제성숙	false	false
強制排風	강제배풍	false	false
強制收賣	강제수매	false	false
強制死	강제사	false	false
強制潮汐波	강제조석파	false	false
強制輻射	강제복사	false	false
強制살찌우기	강제살찌우기	false	false
強制죽음	강제죽음	false	false
強剛하다	강강하다	false	false
強剛히	강강히	false	false
強化可塑物	강화가소물	false	false
強化合板	강화합판	false	false
強名	강명	false	false
強名하다	강명하다	false	false
強壯補血劑	강장보혈제	false	false
強奪輩	강탈배	false	false
強姦	강간	false	false
強姦的	강간적	false	false
強守	강수	false	false
強弱標	강약표	false	false
強打공	강타공	false	false
強投積	강투적	false	false
強摯하다	강지하다	false	false
強族	강족	false	false
強暴者	강포자	false	false
強烈스럽다	강렬스럽다	false	false
強盜性	강도성	false	false
強盜輩	강도배	false	false
強盜낚시	강도낚시	false	false
強者大會	강자대회	false	false
強虜	강로	false	false
強行軍競技	강행군경기	false	false
強記力	강기력	false	false
強調토	강조토	false	false
強辯	강변	false	false
強銳하다	강예하다	false	false
強陣	강진	false	false
強鹽藏	강염장	false	false
強한자리	강한자리	false	false
彈丸비	탄환비	false	false
彈底턱	탄저턱	false	false
彈性板	탄성판	false	false
彈筒	탄통	false	false
彈道滑空飛行體	탄도활공비행체	false	false
彈道要素	탄도요소	false	false
彈道꼭두點	탄도꼭두점	false	false
彈道높이	탄도높이	false	false
彈道자리길	탄도자리길	false	false
彈錚	탄쟁	false	false
彈깍지	탄깍지	false	false
彈알쌈	탄알쌈	false	false
彈알쌈지	탄알쌈지	false	false
彎弓	만궁	false	false
彎曲部龍骨	만곡부룡골	false	false
形動詞	형동사	false	false
形容語	형용어	false	false
形式主義病	형식주의병	false	false
形態	형태	false	false
形態單語	형태단어	false	false
形態單語辭典	형태단어사전	false	false
形態復元性	형태복원성	false	false
形態復元팔	형태복원팔	false	false
形態抵抗	형태저항	false	false
形態的	형태적	false	false
形態論的形態	형태론적형태	false	false
形態部	형태부	false	false
形成案	형성안	false	false
形數	형수	false	false
形率	형률	false	false
形象的뜻	형상적뜻	false	false
形象課題	형상과제	false	false
形質膜	형질막	false	false
形투리	형투리	false	false
彩園	채원	false	false
彩型化	채형화	false	false
彩型化되다	채형화되다	false	false
彩型化하다	채형화하다	false	false
彩席	채석	false	false
彩幕	채막	false	false
彩筆	채필	false	false
彩色무늬그릇	채색무늬그릇	false	false
彫刻修復	조각수복	false	false
彫刻轉寫機	조각전사기	false	false
彫刻鍛造	조각단조	false	false
彫刻버티개	조각버티개	false	false
彫刻속대	조각속대	false	false
彫刻손	조각손	false	false
彫刻점찍개	조각점찍개	false	false
彫刻흙	조각흙	false	false
彫金工藝	조금공예	false	false
影印複寫機	영인복사기	false	false
彷徨	방황	false	false
役	역	false	false
役世界	역세계	false	false
役事	역사	false	false
役事질	역사질	false	false
役事질하다	역사질하다	false	false
役事하다	역사하다	false	false
役使	역사	false	false
役形象	역형상	false	false
役案	역안	false	false
役者	역자	false	false
往甲年	왕갑년	false	false
征東擊西	정동격서	false	false
征東擊西하다	정동격서하다	false	false
征鳥	정조	false	false
待期標示	대기표시	false	false
待機旅館	대기려관	false	false
待機時間基準	대기시간기준	false	false
待機線	대기선	false	false
待機車	대기차	false	false
待機體系	대기체계	false	false
律	률	false	false
律令	률령	false	false
律例	률례	false	false
律動	률동	false	false
律動層결	률동층결	false	false
律動性	률동성	false	false
律動感	률동감	false	false
律動感覺	률동감각	false	false
律動玩具	률동완구	false	false
律動舞踊	률동무용	false	false
律動輪	률동륜	false	false
律動遊戲	률동유희	false	false
律動運動	률동운동	false	false
律動體操	률동체조	false	false
律呂	률려	false	false
律員	률원	false	false
律學	률학	false	false
律學廳	률학청	false	false
律宗	률종	false	false
律官	률관	false	false
律客	률객	false	false
律己	률기	false	false
律己制行	률기제행	false	false
律己하다	률기하다	false	false
律文	률문	false	false
律書	률서	false	false
律法	률법	false	false
律科	률과	false	false
律管	률관	false	false
律紀	률기	false	false
律絕	률절	false	false
律舞訓鍊	률무훈련	false	false
律藏	률장	false	false
律詩	률시	false	false
律調	률조	false	false
律賦	률부	false	false
律身	률신	false	false
律身하다	률신하다	false	false
律速段階	률속단계	false	false
後世萬世	후세만세	false	false
後丘	후구	false	false
後交部	후교부	false	false
後代	후대	false	false
後倚語	후의어	false	false
後備	후비	false	false
後備勞力	후비로력	false	false
後備幹部	후비간부	false	false
後備林	후비림	false	false
後兵	후병	false	false
後夜勤	후야근	false	false
後天	후천	false	false
後尾斥候	후미척후	false	false
後山	후산	false	false
後山질	후산질	false	false
後山질하다	후산질하다	false	false
後悔가닥	후회가닥	false	false
後手	후수	false	false
後方事業	후방사업	false	false
後方供給	후방공급	false	false
後方供給事業	후방공급사업	false	false
後方供給體系	후방공급체계	false	false
後方家族	후방가족	false	false
後方建設	후방건설	false	false
後方車	후방차	false	false
後方通信	후방통신	false	false
後時	후시	false	false
後時生異狀마당	후시생이상마당	false	false
後期吏讀	후기리두	false	false
後段	후단	false	false
後氣	후기	false	false
後波	후파	false	false
後熱	후열	false	false
後眼확狹窄	후안확협착	false	false
後知味	후지미	false	false
後祖父	후조부	false	false
後續調	후속조	false	false
後翼	후익	false	false
後苑馬	후원마	false	false
後衛때리기	후위때리기	false	false
後見統治領	후견통치령	false	false
後視丘	후시구	false	false
後視窓	후시창	false	false
後角形	후각형	false	false
後路	후로	false	false
後送中繼所	후송중계소	false	false
後部黑部	후부흑부	false	false
後酒국	후주국	false	false
後面삽掘鑿機	후면삽굴착기	false	false
後頭稜線	후두릉선	false	false
後가지	후가지	false	false
後날	후날	false	false
後담에	후담에	false	false
後물	후물	false	false
後방망이	후방망이	false	false
後배	후배	false	false
後사람	후사람	false	false
後슬기	후슬기	false	false
後아버지	후아버지	false	false
後어머니	후어머니	false	false
後입맛	후입맛	false	false
後할머니	후할머니	false	false
後할아버지	후할아버지	false	false
徑斃	경페	false	false
徒手動作	도수동작	false	false
徒手運動	도수운동	false	false
徒手隊	도수대	false	false
得票率	득표률	false	false
得點圓	득점원	false	false
得點連絡	득점련락	false	false
得點門	득점문	false	false
從來	종래	false	false
從來하다	종래하다	false	false
從屬式壓出機構	종속식압출기구	false	false
從屬文章	종속문장	false	false
從屬的單語結合	종속적단어결합	false	false
從屬自動操縱體系	종속자동조종체계	false	false
從屬複合文	종속복합문	false	false
從屬體系	종속체계	false	false
從曾祖姑	종증조고	false	false
從祖祖姑	종조조고	false	false
從續	종속	false	false
從續되다	종속되다	false	false
從續하다	종속하다	false	false
從罪人	종죄인	false	false
從臺車	종대차	false	false
從行間	종행간	false	false
從軍撮影記者	종군촬영기자	false	false
從軸投影法	종축투영법	false	false
從遊	종유	false	false
從遊하다	종유하다	false	false
御人之術	어인지술	false	false
御用喇叭手	어용나팔수	false	false
御用宣傳物	어용선전물	false	false
徧行	변행	false	false
徧行하다	변행하다	false	false
復信電信	복신전신	false	false
復射孔材	복사공재	false	false
復撤	복철	false	false
復撤하다	복철하다	false	false
復活河川	부활하천	false	false
復盟	복맹	false	false
復盟되다	복맹되다	false	false
復盟하다	복맹하다	false	false
復舊案	복구안	false	false
復號器	복호기	false	false
復言重言	부언중언	false	false
復記	복기	false	false
復讐主義	복수주의	false	false
復讐隊	복수대	false	false
復隊	복대	false	false
復隊되다	복대되다	false	false
復隊하다	복대하다	false	false
循環區域	순환구역	false	false
循環式採伐	순환식채벌	false	false
循環式물대기	순환식물대기	false	false
循環濾過式	순환려과식	false	false
循環濾過式養魚	순환려과식양어	false	false
循環符號	순환부호	false	false
循環論法	순환론법	false	false
循環週期	순환주기	false	false
循環集中輸送	순환집중수송	false	false
循環절임	순환절임	false	false
微分位相이지러짐	미분위상이지러짐	false	false
微分器	미분기	false	false
微分곁數	미분곁수	false	false
微動遺傳子	미동유전자	false	false
微地區	미지구	false	false
微小個別要素回路	미소개별요소회로	false	false
微晶質琉璃	미정질유리	false	false
微溫浴湯	미온욕탕	false	false
微焰導火線	미염도화선	false	false
微生物蛋白質먹이	미생물단백질먹이	false	false
微生物選鑛	미생물선광	false	false
微笑外交	미소외교	false	false
微細地區	미세지구	false	false
微細氣候	미세기후	false	false
微量注射	미량주사	false	false
微量肥料	미량비료	false	false
微量配合機	미량배합기	false	false
徵用令狀	징용령장	false	false
徵表植物	징표식물	false	false
德城	덕성	false	false
德城郡	덕성군	false	false
德率	덕수	false	false
德받이	덕받이	false	false
徹透하다	철투하다	false	false
心兪	심유	false	false
心囊憩室	심낭계실	false	false
心囊피腫	심낭피종	false	false
心型	심형	false	false
心型函	심형함	false	false
心型機	심형기	false	false
心型混合物	심형혼합물	false	false
心型머리	심형머리	false	false
心型받치개	심형받치개	false	false
心室사이壁缺損	심실사이벽결손	false	false
心室사이壁缺損症	심실사이벽결손증	false	false
心平스럽다	심평스럽다	false	false
心思풀이	심사풀이	false	false
心思풀이하다	심사풀이하다	false	false
心房사이壁缺損	심방사이벽결손	false	false
心授	심수	false	false
心授하다	심수하다	false	false
心氣一新	심기일신	false	false
心竅	심규	false	false
心臟分時量	심장분시량	false	false
心臟境界	심장경계	false	false
心臟家	심장가	false	false
心臟形	심장형	false	false
心臟病풀	심장병풀	false	false
心臟調律障礙	심장조률장애	false	false
心臟귀	심장귀	false	false
心臟닻벌레	심장닻벌레	false	false
心臟살	심장살	false	false
心臟살層	심장살층	false	false
心臟성게	심장성게	false	false
心臟주머니	심장주머니	false	false
心臟피줄造影法	심장피줄조영법	false	false
心術데기	심술데기	false	false
心術돼지	심술돼지	false	false
心術머리	심술머리	false	false
心許	심허	false	false
心許하다	심허하다	false	false
心電波	심전파	false	false
心지潤滑	심지윤활	false	false
心지틀	심지틀	false	false
心청	심청	false	false
必備	필비	false	false
必備하다	필비하다	false	false
必勝令	필승령	false	false
忉怛하다	도달하다	false	false
志乘	지승	false	false
志遠	지원	false	false
忘却症	망각증	false	false
忠佐前衛	충좌전위	false	false
忠切하다	충절하다	false	false
忠勳府田	충훈부전	false	false
忠姦	충간	false	false
忠恪하다	충각하다	false	false
快心스럽다	쾌심스럽다	false	false
快文	쾌문	false	false
快檄	쾌격	false	false
快觀	쾌관	false	false
快認	쾌인	false	false
快走性	쾌주성	false	false
念	념	false	false
念不及他	념불급타	false	false
念中	념중	false	false
念佛	념불	false	false
念佛三昧	념불삼매	false	false
念佛堂	념불당	false	false
念佛式	념불식	false	false
念佛房	념불방	false	false
念佛중	념불중	false	false
念佛하다	념불하다	false	false
念內	념내	false	false
念前	념전	false	false
念力	념력	false	false
念力하다	념력하다	false	false
念外	념외	false	false
念後	념후	false	false
念念	념념	false	false
念念不已	념념불이	false	false
念念不忘	념념불망	false	false
念念千思	념념천사	false	false
念念在玆	념념재자	false	false
念念이	념념이	false	false
念念하다	념념하다	false	false
念意	념의	false	false
念慕	념모	false	false
念慮	념려	false	false
念慮되다	념려되다	false	false
念慮스럽다	념려스럽다	false	false
念慮하다	념려하다	false	false
念日	념일	false	false
念晦間	념회간	false	false
念珠	념주	false	false
念珠像	념주상	false	false
念珠狀	념주상	false	false
念珠나무	념주나무	false	false
念珠덩굴	념주덩굴	false	false
念珠뼈	념주뼈	false	false
念經	념경	false	false
念經하다	념경하다	false	false
念量	념량	false	false
念間	념간	false	false
念頭	념두	false	false
念願	념원	false	false
念願하다	념원하다	false	false
念하다	념하다	false	false
忽爾히	홀이히	false	false
忿함어리다	분함어리다	false	false
怏怏不平	앙앙불평	false	false
怏怏不平하다	앙앙불평하다	false	false
怏悒	앙읍	false	false
怏悒하다	앙읍하다	false	false
怒	노	false	false
怒氣차다	노기차다	false	false
怒波	노파	false	false
怒浪風波	노랑풍파	false	false
怒濤萬里	노도만리	false	false
怛忉하다	달도하다	false	false
怜悧하다	령리하다	false	false
思想	사상	false	false
思想事業	사상사업	false	false
思想動員	사상동원	false	false
思想動員되다	사상동원되다	false	false
思想動員하다	사상동원하다	false	false
思想團體	사상단체	false	false
思想性	사상성	false	false
思想敎養	사상교양	false	false
思想理論	사상리론	false	false
思想理論家	사상리론가	false	false
思想理論的	사상리론적	false	false
思想生活	사상생활	false	false
思想病	사상병	false	false
思想觀點	사상관점	false	false
思想解放	사상해방	false	false
思想論	사상론	false	false
思想革命	사상혁명	false	false
思羽	사우	false	false
思考方法	사고방법	false	false
思考混亂症	사고혼란증	false	false
怠工	태공	false	false
怠工하다	태공하다	false	false
急促하다	급촉하다	false	false
急促히	급촉히	false	false
急傳	급전	false	false
急傳하다	급전하다	false	false
急凍冷凍船	급동랭동선	false	false
急凍品	급동품	false	false
急凍機	급동기	false	false
急凍船	급동선	false	false
急出發	급출발	false	false
急出發달리기	급출발달리기	false	false
急性淋巴性白血病	급성림파성백혈병	false	false
急性쪼임	급성쪼임	false	false
急氣流	급기류	false	false
急沈下	급침하	false	false
急沈下하다	급침하하다	false	false
急流工	급류공	false	false
急硬	급경	false	false
急行旅客列車	급행려객렬차	false	false
急遮斷電子管	급차단전자관	false	false
性惡妻	성악처	false	false
性感	성감	false	false
性格形象	성격형상	false	false
性能互換性	성능호환성	false	false
性質副詞	성질부사	false	false
性質形容詞	성질형용사	false	false
性깔지다	성깔지다	false	false
性달라지기	성달라지기	false	false
性칼사납다	성칼사납다	false	false
性칼스럽다	성칼스럽다	false	false
性칼스레	성칼스레	false	false
性칼지다	성칼지다	false	false
怨恨풀이	원한풀이	false	false
怨恨풀이하다	원한풀이하다	false	false
怨感	원감	false	false
怨望겹다	원망겹다	false	false
怨살이	원살이	false	false
怨스럽다	원스럽다	false	false
怪智	괴지	false	false
怪異症	괴이증	false	false
怪訝하다	괴아하다	false	false
怪面板	괴면판	false	false
怪風妄說	괴풍망설	false	false
怪짜배기	괴짜배기	false	false
怯褓따리	겁보따리	false	false
怯스럽다	겁스럽다	false	false
怯스레	겁스레	false	false
恐怖作戰	공포작전	false	false
恐米	공미	false	false
恐米思想	공미사상	false	false
恒住性	항주성	false	false
恒星等級	항성등급	false	false
恒溫泉	항온천	false	false
恙憂	양우	false	false
恢弘하다	회홍하다	false	false
恢張	회장	false	false
恣暴	자폭	false	false
恣暴하다	자폭하다	false	false
恣肆하다	자사하다	false	false
恩德郡	은덕군	false	false
恬不爲愧	념불위괴	false	false
恬淡하다	념담하다	false	false
恬淡히	념담히	false	false
恬然하다	념연하다	false	false
恬然히	념연히	false	false
恬退	념퇴	false	false
恬退하다	념퇴하다	false	false
恬雅하다	념아하다	false	false
恬靜하다	념정하다	false	false
恭愍王무덤	공민왕무덤	false	false
息粗	식추	false	false
息鼾	식간	false	false
恰然히	흡연히	false	false
悉力	실력	false	false
悉無律	실무률	false	false
悤卒하다	총졸하다	false	false
悲愴曲	비창곡	false	false
悲慘事	비참사	false	false
悲憤스럽다	비분스럽다	false	false
悲況	비황	false	false
悶氣生	민기생	false	false
悶腸生	민장생	false	false
悻悻然	행행연	false	false
悽固하다	처고하다	false	false
情報入出口裝置	정보입출구장치	false	false
情報探索言語	정보탐색언어	false	false
情報探索體系	정보탐색체계	false	false
情報測定體系	정보측정체계	false	false
情報目錄	정보목록	false	false
情報餘裕度	정보여유도	false	false
情意	정의	false	false
情況地圖	정황지도	false	false
情況票	정황표	false	false
情波	정파	false	false
情理	정리	false	false
情遊	정유	false	false
情싸움	정싸움	false	false
惠山돼지	혜산돼지	false	false
惡事	악사	false	false
惡傾向	악경향	false	false
惡地帶	악지대	false	false
惡官僚	악관료	false	false
惡室	악실	false	false
惡年	악년	false	false
惡弊	악페	false	false
惡性感冒	악성감모	false	false
惡性感氣	악성감기	false	false
惡性淋巴腫	악성림파종	false	false
惡性혹	악성혹	false	false
惡氣	오기	false	false
惡氣殺氣	악기살기	false	false
惡煽動	악선동	false	false
惡煽動하다	악선동하다	false	false
惡童이	악동이	false	false
惡草	악초	false	false
惡逆無道하다	악역무도하다	false	false
惡雨	악우	false	false
惡雲	악운	false	false
惡音樂	악음악	false	false
惡鬼짓	악귀짓	false	false
惰力運動	타력운동	false	false
惰力물매	타력물매	false	false
惰念	타념	false	false
惱心焦思	뇌심초사	false	false
想像心	상상심	false	false
想感	상감	false	false
惶怯스럽다	황겁스럽다	false	false
惶怯스레	황겁스레	false	false
惶怯질怯	황겁질겁	false	false
惶怯질怯하다	황겁질겁하다	false	false
惹擾하다	야요하다	false	false
惹端獨場	야단독장	false	false
惹端獨판	야단독판	false	false
惹端법석구니	야단법석구니	false	false
惹端복달	야단복달	false	false
惹端복달하다	야단복달하다	false	false
惻惻하다	측측하다	false	false
愁心調	수심조	false	false
愁心스럽다	수심스럽다	false	false
愈下愈別하다	유하유별하다	false	false
愈下愈甚하다	유하유심하다	false	false
愈去愈切하다	유거유절하다	false	false
愈多하다	유다하다	false	false
愈少하다	유소하다	false	false
愉快스럽다	유쾌스럽다	false	false
愉快스레	유쾌스레	false	false
意力	의력	false	false
意味分化的뜻같은말	의미분화적뜻같은말	false	false
意味色彩	의미색채	false	false
意味論的古語	의미론적고어	false	false
意味論的뜻色갈	의미론적뜻색갈	false	false
意味論的뜻빛갈	의미론적뜻빛갈	false	false
意圖發表會	의도발표회	false	false
意圖的再生	의도적재생	false	false
意好하다	의호하다	false	false
意思姦	의사간	false	false
意義論哲學	의의론철학	false	false
意識分子	의식분자	false	false
意識群衆	의식군중	false	false
愚悍하다	우한하다	false	false
愚惡지다	우악지다	false	false
愚民同化政策	우민동화정책	false	false
愚鈍도깨비	우둔도깨비	false	false
愚鈍스럽다	우둔스럽다	false	false
愚鈍스레	우둔스레	false	false
愚順하다	우순하다	false	false
愛國之士	애국지사	false	false
愛國勞動	애국로동	false	false
愛國募年金	애국모연금	false	false
愛國米	애국미	false	false
愛國至誠	애국지성	false	false
愛夫	애부	false	false
愛情겹다	애정겹다	false	false
愛撫的	애무적	false	false
愛育院	애육원	false	false
感光	감광	false	false
感光되다	감광되다	false	false
感光하다	감광하다	false	false
感動法	감동법	false	false
感化敎養	감화교양	false	false
感受力	감수력	false	false
感受器	감수기	false	false
感得飛行	감득비행	false	false
感恩節	감은절	false	false
感情交際	감정교제	false	false
感情情緖的뜻같은말	감정정서적뜻같은말	false	false
感情情緖的물음	감정정서적물음	false	false
感情情緖的물음法	감정정서적물음법	false	false
感情組織	감정조직	false	false
感情蓄積	감정축적	false	false
感情連結	감정련결	false	false
感應效果	감응효과	false	false
感應線輪	감응선륜	false	false
感應電荷	감응전하	false	false
感懷롭다	감회롭다	false	false
感歎式	감탄식	false	false
感歎標	감탄표	false	false
感氣肺炎	감기페염	false	false
感覺的檢査	감각적검사	false	false
感覺記憶	감각기억	false	false
感覺閾値	감각역치	false	false
感覺마당	감각마당	false	false
愧悔	괴회	false	false
愧悔之心	괴회지심	false	false
愧悔하다	괴회하다	false	false
慇懃스럽다	은근스럽다	false	false
慇懃스레	은근스레	false	false
慇懃지다	은근지다	false	false
慇懃하다	은근하다	false	false
慇懃히	은근히	false	false
慈天	자천	false	false
慈悲室	자비실	false	false
慈愛겹다	자애겹다	false	false
慈鴉	자아	false	false
態가락	태가락	false	false
慘憺하다	참담하다	false	false
慘戰	참전	false	false
慘澹하다	참담하다	false	false
慢動作	만동작	false	false
慣性列車	관성렬차	false	false
慣性單車	관성단차	false	false
慣性自動車	관성자동차	false	false
慣性車	관성차	false	false
慣性輪	관성륜	false	false
慮外	려외	false	false
慰勞食事	위로식사	false	false
慰心	위심	false	false
慰心되다	위심되다	false	false
慰心하다	위심하다	false	false
慶事日	경사일	false	false
慶事날	경사날	false	false
慶事술	경사술	false	false
慶祝報告	경축보고	false	false
慶祝塔	경축탑	false	false
慶祝夜會	경축야회	false	false
慶祝板	경축판	false	false
慶習	경습	false	false
慷慨淸直	강개청직	false	false
慾心군	욕심군	false	false
憂國家	우국가	false	false
憂患단지	우환단지	false	false
憐愍	련민	false	false
憐愍하다	련민하다	false	false
憐憫	련민	false	false
憐憫하다	련민하다	false	false
憑慫	빙종	false	false
憑慫하다	빙종하다	false	false
憑接	빙접	false	false
憑接하다	빙접하다	false	false
憤感	분감	false	false
憤함어리다	분함어리다	false	false
憧憧一念	동동일념	false	false
憩室	계실	false	false
憫惘事	민망사	false	false
懇懇切切하다	간간절절하다	false	false
應力材	응력재	false	false
應募人	응모인	false	false
應否	응부	false	false
應援臺	응원대	false	false
應氣	응기	false	false
應用力學	응용력학	false	false
應禮	응례	false	false
應禮하다	응례하다	false	false
應答汽笛	응답기적	false	false
應答速度基準	응답속도기준	false	false
應귀	응귀	false	false
懶怠性	라태성	false	false
懶怠漢	라태한	false	false
懶怠하다	라태하다	false	false
懶惰하다	라타하다	false	false
懶農	라농	false	false
懶農군	라농군	false	false
懶農하다	라농하다	false	false
懶龍	라룡	false	false
懸垂동발	현수동발	false	false
懸垂말뚝	현수말뚝	false	false
懸垂보	현수보	false	false
懸室	현실	false	false
懸頉	현탈	false	false
懸頉되다	현탈되다	false	false
懸頉하다	현탈하다	false	false
懺除	참제	false	false
懺除하다	참제하다	false	false
戀人	련인	false	false
戀君	련군	false	false
戀君하다	련군하다	false	false
戀心	련심	false	false
戀情	련정	false	false
戀愛	련애	false	false
戀愛便紙	련애편지	false	false
戀愛小說	련애소설	false	false
戀愛病	련애병	false	false
戀愛觀	련애관	false	false
戀愛詩	련애시	false	false
戀愛談	련애담	false	false
戀愛군	련애군	false	false
戀愛쟁이	련애쟁이	false	false
戀愛질	련애질	false	false
戀愛질하다	련애질하다	false	false
戀愛하다	련애하다	false	false
戀慕	련모	false	false
戀慕하다	련모하다	false	false
戀戀不忘	련련불망	false	false
戀戀하다	련련하다	false	false
戀戀히	련련히	false	false
戀敵	련적	false	false
戀文	련문	false	false
戀書	련서	false	false
戀望	련망	false	false
戀望하다	련망하다	false	false
戀歌	련가	false	false
戀童	련동	false	false
戀結	련결	false	false
戀話	련화	false	false
戀談	련담	false	false
戎鹽	융염	false	false
成人中學校	성인중학교	false	false
成句俗談辭典	성구속담사전	false	false
成句論	성구론	false	false
成句論的癒着	성구론적유착	false	false
成句論的結合	성구론적결합	false	false
成句論的統一	성구론적통일	false	false
成型場	성형장	false	false
成姻	성인	false	false
成姻하다	성인하다	false	false
成層曲線	성층곡선	false	false
成層貯水池	성층저수지	false	false
成巖作用	성암작용	false	false
成川밤	성천밤	false	false
成形뜨기	성형뜨기	false	false
成方	성방	false	false
成果作	성과작	false	false
成畜舍	성축사	false	false
成禽舍	성금사	false	false
成績證	성적증	false	false
成造	성조	false	false
成造하다	성조하다	false	false
成鑛區	성광구	false	false
成鑛度	성광도	false	false
成鑛時代	성광시대	false	false
成鑛期	성광기	false	false
成鑛論	성광론	false	false
成長調節劑	성장조절제	false	false
成長먹이	성장먹이	false	false
成齡林	성령림	false	false
戒律	계률	false	false
或은	혹은	false	false
戮屍	륙시	false	false
戮屍處斬	륙시처참	false	false
戮笑	륙소	false	false
戮辱	륙욕	false	false
戰下士	전하사	false	false
戰列	전렬	false	false
戰取	전취	false	false
戰取되다	전취되다	false	false
戰取하다	전취하다	false	false
戰國	전국	false	false
戰場터	전장터	false	false
戰場판	전장판	false	false
戰壕	전호	false	false
戰壕作業	전호작업	false	false
戰壕屈設	전호굴설	false	false
戰壕式	전호식	false	false
戰士	전사	false	false
戰士服	전사복	false	false
戰幕	전막	false	false
戰役	전역	false	false
戰後掃海	전후소해	false	false
戰慄	전률	false	false
戰慄하다	전률하다	false	false
戰時法令	전시법령	false	false
戰時海上封鎖	전시해상봉쇄	false	false
戰爭喇叭	전쟁나발	false	false
戰爭狂症	전쟁광증	false	false
戰爭童이	전쟁동이	false	false
戰爭마당	전쟁마당	false	false
戰略的誘導武器	전략적유도무기	false	false
戰略路線	전략로선	false	false
戰線交換臺	전선교환대	false	false
戰線司令部	전선사령부	false	false
戰線援護	전선원호	false	false
戰線援護隊	전선원호대	false	false
戰線標識	전선표식	false	false
戰線機動	전선기동	false	false
戰線歎願	전선탄원	false	false
戰線軍官	전선군관	false	false
戰線輸送隊	전선수송대	false	false
戰線追擊	전선추격	false	false
戰線連絡軍官	전선련락군관	false	false
戰線連道	전선연도	false	false
戰線道路	전선도로	false	false
戰線飛行隊	전선비행대	false	false
戰線길	전선길	false	false
戰術上學	전술상학	false	false
戰術團	전술단	false	false
戰術思考	전술사고	false	false
戰術手法	전술수법	false	false
戰術敎鍊	전술교련	false	false
戰術的密度	전술적밀도	false	false
戰術的誘導武器	전술적유도무기	false	false
戰術結合	전술결합	false	false
戰術體系	전술체계	false	false
戰雲	전운	false	false
戰鬪	전투	false	false
戰鬪企圖	전투기도	false	false
戰鬪保障	전투보장	false	false
戰鬪前序列	전투전서렬	false	false
戰鬪定量	전투정량	false	false
戰鬪放射性物質	전투방사성물질	false	false
戰鬪政治訓鍊	전투정치훈련	false	false
戰鬪旋回	전투선회	false	false
戰鬪旗	전투기	false	false
戰鬪棍棒	전투곤봉	false	false
戰鬪毒害物	전투독해물	false	false
戰鬪略圖	전투략도	false	false
戰鬪疏報	전투소보	false	false
戰鬪的射擊速度	전투적사격속도	false	false
戰鬪組織	전투조직	false	false
戰鬪練習機	전투련습기	false	false
戰鬪航向	전투항향	false	false
戰鬪航路	전투항로	false	false
戰鬪艦船	전투함선	false	false
戰鬪裝藥	전투장약	false	false
戰鬪調法	전투조법	false	false
戰鬪警戒	전투경계	false	false
戰鬪進入	전투진입	false	false
戰鬪部	전투부	false	false
戰鬪針路	전투침로	false	false
戰鬪離脫	전투리탈	false	false
戰鬪鼓動	전투고동	false	false
戲弄나비	희롱나비	false	false
戲弄나비科	희롱나비과	false	false
戶口別星媽媽	호구별성마마	false	false
戶口媽媽	호구마마	false	false
戶組	호조	false	false
戾	려	false	false
房	방	false	false
房室속心電圖	방실속심전도	false	false
房燈불	방등불	false	false
房鬼神	방귀신	false	false
房거두매	방거두매	false	false
房거두매질	방거두매질	false	false
房거두매질하다	방거두매질하다	false	false
房목	방목	false	false
房심부름	방심부름	false	false
房안신	방안신	false	false
房안옷	방안옷	false	false
房안해비침	방안해비침	false	false
房안해비침時間	방안해비침시간	false	false
所	소	false	false
所出形成	소출형성	false	false
所出構成要素	소출구성요소	false	false
所出計劃	소출계획	false	false
所因	소인	false	false
所在不明者認證	소재불명자인증	false	false
所患	소환	false	false
所有形容詞	소유형용사	false	false
扁平하다	편평하다	false	false
扁毛體	편모체	false	false
扁鼓	편고	false	false
扇形搜索	선형수색	false	false
扇形監視	선형감시	false	false
手動電話交換機	수동전화교환기	false	false
手動흐름線	수동흐름선	false	false
手太陰肺經	수태음페경	false	false
手封機	수봉기	false	false
手工函	수공함	false	false
手工業經理	수공업경리	false	false
手工紙	수공지	false	false
手工藝圖案	수공예도안	false	false
手巾귀	수건귀	false	false
手形發行者	수형발행자	false	false
手掘	수굴	false	false
手掘工	수굴공	false	false
手掘군	수굴군	false	false
手掘하다	수굴하다	false	false
手旗信號機	수기신호기	false	false
手本	수본	false	false
手法畫面	수법화면	false	false
手甲	수갑	false	false
手票	수표	false	false
手票하다	수표하다	false	false
手紡機	수방기	false	false
手紡絲	수방사	false	false
手術貸	수술대	false	false
手造地雷	수조지뢰	false	false
手鎖	수쇄	false	false
才幹褓따리	재간보따리	false	false
才幹군	재간군	false	false
才幹덩이	재간덩이	false	false
才幹스럽다	재간스럽다	false	false
才弄군	재롱군	false	false
才弄받이	재롱받이	false	false
才痴	재치	false	false
才色馬	재색마	false	false
才談手	재담수	false	false
打作날	타작날	false	false
打作통	타작통	false	false
打入	타입	false	false
打入工	타입공	false	false
打入物	타입물	false	false
打入量	타입량	false	false
打入하다	타입하다	false	false
打勝	타승	false	false
打勝하다	타승하다	false	false
打字工	타자공	false	false
打字式海流計	타자식해류계	false	false
打擊回轉式鑿巖機	타격회전식착암기	false	false
打擊式破碎機	타격식파쇄기	false	false
打擊式鑿巖機	타격식착암기	false	false
打擊掌匣	타격장갑	false	false
打擊機雷	타격기뢰	false	false
打擊階段	타격계단	false	false
打糞杖	타분장	false	false
打鐘棒	타종봉	false	false
扞率	한수	false	false
扮裝	분장	false	false
扮裝美術家	분장미술가	false	false
扮裝하다	분장하다	false	false
扶全	부전	false	false
扶全하다	부전하다	false	false
扶助술	부조술	false	false
扶壁堰堤	부벽언제	false	false
扶將	부장	false	false
扶將하다	부장하다	false	false
扶持	부지	false	false
扶持되다	부지되다	false	false
扶持하다	부지하다	false	false
扶支	부지	false	false
扶支되다	부지되다	false	false
扶支하다	부지하다	false	false
扶桑花	부상화	false	false
扶植作用	부식작용	false	false
扶주일	부주일	false	false
批判書	비판서	false	false
批判臺	비판대	false	false
批判舞臺	비판무대	false	false
批判모임	비판모임	false	false
技倆訓鍊	기량훈련	false	false
技巧動作	기교동작	false	false
技巧部	기교부	false	false
技師長	기사장	false	false
技能傳受學校	기능전수학교	false	false
技能傳習制	기능전습제	false	false
技能勞力	기능로력	false	false
技能勞動者	기능로동자	false	false
技能妖術	기능요술	false	false
技能工學校	기능공학교	false	false
技能級數	기능급수	false	false
技能鍵	기능건	false	false
技術交換會	기술교환회	false	false
技術保壁管	기술보벽관	false	false
技術兵種	기술병종	false	false
技術勞力	기술로력	false	false
技術協議會	기술협의회	false	false
技術大學	기술대학	false	false
技術妖術	기술요술	false	false
技術學院	기술학원	false	false
技術專門學校	기술전문학교	false	false
技術層	기술층	false	false
技術工程員	기술공정원	false	false
技術幹部	기술간부	false	false
技術操作法	기술조작법	false	false
技術整備	기술정비	false	false
技術文獻	기술문헌	false	false
技術的射擊速度	기술적사격속도	false	false
技術的準備	기술적준비	false	false
技術的診斷體系	기술적진단체계	false	false
技術監視所	기술감시소	false	false
技術神祕主義	기술신비주의	false	false
技術經濟的基準	기술경제적기준	false	false
技術編成	기술편성	false	false
技術船	기술선	false	false
技術船舶	기술선박	false	false
技術處理	기술처리	false	false
技術補習班	기술보습반	false	false
技術裝備度	기술장비도	false	false
技術規定	기술규정	false	false
技術設備層	기술설비층	false	false
技術設計	기술설계	false	false
技術設計書	기술설계서	false	false
技術賞	기술상	false	false
技術速度	기술속도	false	false
技術驛	기술역	false	false
抄網	초망	false	false
把握	파악	false	false
抑制땅속도랑	억제땅속도랑	false	false
抒情吐露	서정토로	false	false
抒情敍事詩	서정서사시	false	false
抒情的主人公	서정적주인공	false	false
抒情장단	서정장단	false	false
投入	투입	false	false
投入線輪	투입선륜	false	false
投入되다	투입되다	false	false
投入하다	투입하다	false	false
投合	투합	false	false
投合되다	투합되다	false	false
投合하다	투합하다	false	false
投射	투사	false	false
投射形受像管	투사형수상관	false	false
投射手	투사수	false	false
投彈	투탄	false	false
投影擴大機	투영확대기	false	false
投影채눈版	투영채눈판	false	false
投擲器	투척기	false	false
投擲器彈	투척기탄	false	false
投擲器自動步銃	투척기자동보총	false	false
投擲彈	투척탄	false	false
投擲鋼球彈	투척강구탄	false	false
投擲鐵甲彈	투척철갑탄	false	false
投書	투서	false	false
投書하다	투서하다	false	false
投棒	투봉	false	false
投槍棒	투창봉	false	false
投機分子	투기분자	false	false
投球	투구	false	false
投球競技	투구경기	false	false
投積	투적	false	false
投積機	투적기	false	false
投積發破	투적발파	false	false
投積하다	투적하다	false	false
投網군	투망군	false	false
投降分子	투항분자	false	false
抗毒服	항독복	false	false
抗生劑添加劑	항생제첨가제	false	false
抗生素	항생소	false	false
抗生素먹이	항생소먹이	false	false
抗米援朝	항미원조	false	false
抗素	항소	false	false
抗細菌	항세균	false	false
抗細菌性	항세균성	false	false
抗腫瘍抗生素	항종양항생소	false	false
折半목뻗치기	절반목뻗치기	false	false
折半못보기症	절반못보기증	false	false
折取	절취	false	false
折取하다	절취하다	false	false
折紙畫	절지화	false	false
折衷式公園	절충식공원	false	false
折衷訴訟	절충소송	false	false
折衷語	절충어	false	false
折衷모板	절충모판	false	false
抛物線速度	포물선속도	false	false
抱莖	포경	false	false
抵抗函	저항함	false	false
抵抗檢層法	저항검층법	false	false
抵掌	저장	false	false
抵掌하다	저장하다	false	false
抹消磁頭	말소자두	false	false
押留	압류	false	false
押留되다	압류되다	false	false
押留하다	압류하다	false	false
抽出藥	추출약	false	false
抽籤制貯金	추첨제저금	false	false
抽風	추풍	false	false
拉坏	랍배	false	false
拉致	랍치	false	false
拉致되다	랍치되다	false	false
拉致하다	랍치하다	false	false
拍子械	박자계	false	false
拍手牌	박수패	false	false
拍手表彰	박수표창	false	false
拍部	박부	false	false
拒避	거피	false	false
拒門	거문	false	false
拒馬鐵條網	거마철조망	false	false
拔取本	발취본	false	false
拔才	발재	false	false
拘泥主義者	구니주의자	false	false
拙丈夫판	졸장부판	false	false
拙字	졸자	false	false
拙將棋	졸장기	false	false
拙手段	졸수단	false	false
拙氣	졸기	false	false
招待所	초대소	false	false
拜啓者	배계자	false	false
拜金種	배금종	false	false
拭巾	식건	false	false
拯網	증망	false	false
拳拳	권권	false	false
拳銃匣	권총갑	false	false
拳銃隊	권총대	false	false
拳鬪審判票	권투심판표	false	false
拳鬪手	권투수	false	false
拳鬪쟁이	권투쟁이	false	false
持久性毒害物	지구성독해물	false	false
持力	지력	false	false
持帶	지대	false	false
持往	지왕	false	false
持往하다	지왕하다	false	false
持續演技	지속연기	false	false
持重	지중	false	false
持重하다	지중하다	false	false
指令電話	지령전화	false	false
指令電話하다	지령전화하다	false	false
指北針	지북침	false	false
指南돌	지남돌	false	false
指圖書	지도서	false	false
指天誓日	지천서일	false	false
指天誓日하다	지천서일하다	false	false
指定曲	지정곡	false	false
指導員	지도원	false	false
指導員掌匣	지도원장갑	false	false
指導官	지도관	false	false
指導思想	지도사상	false	false
指導敎員	지도교원	false	false
指導理論	지도리론	false	false
指導的指針	지도적지침	false	false
指導線	지도선	false	false
指導船長	지도선장	false	false
指導일군	지도일군	false	false
指小稱	지소칭	false	false
指彈樂器	지탄악기	false	false
指揮家	지휘가	false	false
指揮射表	지휘사표	false	false
指揮成員	지휘성원	false	false
指揮監視所	지휘감시소	false	false
指揮막대기	지휘막대기	false	false
指摘	지적	false	false
指摘되다	지적되다	false	false
指摘하다	지적하다	false	false
指示曲線	지시곡선	false	false
指示標	지시표	false	false
指示藥誤差	지시약오차	false	false
指示語	지시어	false	false
指示손가락	지시손가락	false	false
指路군	지로군	false	false
按席	안석	false	false
按摩才氣	안마재기	false	false
按摩療法	안마료법	false	false
按簿徵刷	안부징쇄	false	false
按簿徵刷하다	안부징쇄하다	false	false
按蹻	안교	false	false
挫屈곁數	좌굴곁수	false	false
振動供給機	진동공급기	false	false
振動光磨	진동광마	false	false
振動度	진동도	false	false
振動成型機	진동성형기	false	false
振動粉磨盤	진동분마반	false	false
振動채	진동채	false	false
振幅電壓計	진폭전압계	false	false
振幅餘裕	진폭여유	false	false
振鷺	진로	false	false
挺身	정신	false	false
挺身하다	정신하다	false	false
挽士	만사	false	false
捏舌	날설	false	false
捏舌하다	날설하다	false	false
捏造	날조	false	false
捏造되다	날조되다	false	false
捏造하다	날조하다	false	false
捕拿	포나	false	false
捕繩농	포승농	false	false
捕虜되다	포로되다	false	false
捧下	봉하	false	false
捲取機具	권취기구	false	false
捲回	권회	false	false
捲布機	권포기	false	false
捲揚手	권양수	false	false
捲揚桶	권양통	false	false
捲揚機式鐵筋延伸機	권양기식철근연신기	false	false
捲揚臺車	권양대차	false	false
捲揚螺絲	권양나사	false	false
捲揚갈구리	권양갈구리	false	false
捲揚바줄말개	권양바줄말개	false	false
捲揚쇠바줄	권양쇠바줄	false	false
捲束	권속	false	false
捲束機	권속기	false	false
捲束하다	권속하다	false	false
捲毛倒立	권모도립	false	false
捲糸	권사	false	false
捲索機	권삭기	false	false
捲結	권결	false	false
捲線電磁掃海機	권선전자소해기	false	false
捲線끝머리	권선끝머리	false	false
捷勝	첩승	false	false
捷勝하다	첩승하다	false	false
捷聞	첩문	false	false
捺型	날형	false	false
捻出	념출	false	false
捻出하다	념출하다	false	false
捻挫	념좌	false	false
捻法	념법	false	false
捻鍼	념침	false	false
捻髮音	념발음	false	false
掃氣效率	소기효률	false	false
掃滅射擊	소멸사격	false	false
掃立草	소립초	false	false
掃蟻草	소의초	false	false
掃除대	소제대	false	false
掌中果	장중과	false	false
掌典	장전	false	false
掌典하다	장전하다	false	false
掌握	장악	false	false
掌握되다	장악되다	false	false
掌握하다	장악하다	false	false
掌바닥	장바닥	false	false
掌알	장알	false	false
排中法則	배중법칙	false	false
排他的論理合	배타적론리합	false	false
排出式우림法	배출식우림법	false	false
排列	배렬	false	false
排列圖	배렬도	false	false
排列되다	배렬되다	false	false
排列하다	배렬하다	false	false
排尿頻數	배뇨빈삭	false	false
排律詩	배률시	false	false
排氣변	배기변	false	false
排水體積	배수체적	false	false
排水고	배수고	false	false
排水뚝	배수뚝	false	false
排泄器	배설기	false	false
排泄物먹이	배설물먹이	false	false
排洋	배양	false	false
排洋하다	배양하다	false	false
排煙道	배연도	false	false
排除	배제	false	false
排風藤나무	배풍등나무	false	false
排風門	배풍문	false	false
掘進工	굴진공	false	false
掘進週期	굴진주기	false	false
掘進막場동발	굴진막장동발	false	false
掘鑿機艀船	굴착기부선	false	false
掛婁部	괘루부	false	false
掛弓亭	괘궁정	false	false
掛硯欌	개개수리장	false	false
掛덕	괘덕	false	false
掠取	략취	false	false
掠取罪	략취죄	false	false
掠取되다	략취되다	false	false
掠取하다	략취하다	false	false
掠奪	략탈	false	false
掠奪婚	략탈혼	false	false
掠奪者	략탈자	false	false
掠奪하다	략탈하다	false	false
掠治	략치	false	false
掠治하다	략치하다	false	false
採伐區	채벌구	false	false
採伐地	채벌지	false	false
採伐工	채벌공	false	false
採伐率	채벌률	false	false
採光壕	채광호	false	false
採取工業	채취공업	false	false
採掘用掘鑿機	채굴용굴착기	false	false
採沙場	채사장	false	false
採油地質學	채유지질학	false	false
採油樹	채유수	false	false
採油管	채유관	false	false
採面	채면	false	false
採鹽機	채염기	false	false
探勝圖	탐승도	false	false
探囊劫篋	탐낭겁협	false	false
探囊劫篋하다	탐낭겁협하다	false	false
探心	탐심	false	false
探心法	탐심법	false	false
探査徵候	탐사징후	false	false
探査探鑛學	탐사탐광학	false	false
探査效率	탐사효률	false	false
探査窟길	탐사굴길	false	false
探査錐孔	탐사추공	false	false
探査마을	탐사마을	false	false
探査실머리	탐사실머리	false	false
探檢隊	탐검대	false	false
探照燈手	탐조등수	false	false
探照燈船	탐조등선	false	false
探知勤務	탐지근무	false	false
探知哨所	탐지초소	false	false
探知手	탐지수	false	false
探籌	탐주	false	false
探籌하다	탐주하다	false	false
探索燈	탐색등	false	false
探索通報	탐색통보	false	false
探索열쇠	탐색열쇠	false	false
接受臺	접수대	false	false
接受負荷	접수부하	false	false
接合語	접합어	false	false
接地共重合	접지공중합	false	false
接地條件	접지조건	false	false
接地곁數	접지곁수	false	false
接地고무	접지고무	false	false
接客卓子	접객탁자	false	false
接尾辭的單語	접미사적단어	false	false
接尾辭的手法	접미사적수법	false	false
接岸標	접안표	false	false
接待人	접대인	false	false
接後辭	접후사	false	false
接着구부림家具	접착구부림가구	false	false
接種花	접중화	false	false
接線갈이	접선갈이	false	false
接線이발	접선이발	false	false
接線짐	접선짐	false	false
接續單語	접속단어	false	false
接續複合文	접속복합문	false	false
接續述語	접속술어	false	false
接續頭	접속두	false	false
接續토	접속토	false	false
接補角	접보각	false	false
接觸圓周	접촉원주	false	false
接觸圓筒	접촉원통	false	false
接觸子體系	접촉자체계	false	false
接觸式硫酸	접촉식류산	false	false
接觸式얼굼裝置	접촉식얼굼장치	false	false
接觸性殺草劑	접촉성살초제	false	false
接觸性벌레藥	접촉성벌레약	false	false
接觸掃海	접촉소해	false	false
接觸掃海機	접촉소해기	false	false
接觸更迭	접촉갱질	false	false
接觸眼鏡	접촉안경	false	false
接觸電氣抵抗鎔接	접촉전기저항용접	false	false
接觸魚雷	접촉어뢰	false	false
接觸點鎔接	접촉점용접	false	false
接觸겉面	접촉겉면	false	false
接觸곁數	접촉곁수	false	false
接觸굽힘性	접촉굽힘성	false	false
接觸납땜	접촉납땜	false	false
接觸맞댄鎔接	접촉맞댄용접	false	false
接觸채눈版	접촉채눈판	false	false
接訟	접송	false	false
接訟하다	접송하다	false	false
接足	접족	false	false
接辭法	접사법	false	false
接辭的單語	접사적단어	false	false
接辭的手法	접사적수법	false	false
接近起動	접근기동	false	false
接頭接尾辭的單語	접두접미사적단어	false	false
接頭接尾辭的手法	접두접미사적수법	false	false
接頭辭的單語	접두사적단어	false	false
接頭辭的手法	접두사적수법	false	false
接點떨기	접점떨기	false	false
接齒輪	접치륜	false	false
接밑둥	접밑둥	false	false
控腦砂	강뇌사	false	false
推引	추인	false	false
推引하다	추인하다	false	false
推拿	추나	false	false
推讚	추찬	false	false
推讚하다	추찬하다	false	false
推輪	추륜	false	false
推進藥	추진약	false	false
揀箭	련전	false	false
揀箭童	련전동	false	false
揀箭길	련전길	false	false
揃刈	전애	false	false
揃刈하다	전애하다	false	false
揆	규	false	false
描寫的形容語	묘사적형용어	false	false
提攬	제람	false	false
提示部	제시부	false	false
揚索機	양삭기	false	false
揚繭	양견	false	false
揚角	양각	false	false
揚路	양로	false	false
揚陸工	양륙공	false	false
換態	환태	false	false
換態되다	환태되다	false	false
換態하다	환태하다	false	false
換氣골	환기골	false	false
換氣구멍	환기구멍	false	false
換水	환수	false	false
換水路	환수로	false	false
換箔	환박	false	false
換算率	환산률	false	false
換置	환치	false	false
換置되다	환치되다	false	false
換置하다	환치하다	false	false
換資危機	환자위기	false	false
換資手形	환자수형	false	false
換車	환차	false	false
換車機	환차기	false	false
換車하다	환차하다	false	false
換陽	환양	false	false
換陽되다	환양되다	false	false
換陽하다	환양하다	false	false
揮發油噴射機關	휘발유분사기관	false	false
揮發油彈	휘발유탄	false	false
揮發爐	휘발로	false	false
援護基金	원호기금	false	false
揶揄法	야유법	false	false
揷入交雜	삽입교잡	false	false
揷入字	삽입자	false	false
揷入字母	삽입자모	false	false
揷入損失	삽입손실	false	false
揷枝育	삽지육	false	false
揷枝터	삽지터	false	false
揷紙機	삽지기	false	false
損害補償	손해보상	false	false
搏動	박동	false	false
搏動하다	박동하다	false	false
搏進	박진	false	false
搏進하다	박진하다	false	false
搖動板供給機	요동판공급기	false	false
搖動軸	요동축	false	false
搖動채	요동채	false	false
搖架	요가	false	false
搖音	요음	false	false
搖頭不應	요두불응	false	false
搖頭不應하다	요두불응하다	false	false
搜探군	수탐군	false	false
搜査線	수사선	false	false
搬入工	반입공	false	false
搬送波抑制變調	반송파억제변조	false	false
搾取率	착취률	false	false
搾筒	착통	false	false
摘奸標信	적간표신	false	false
摘發率	적발률	false	false
摘發肅淸	적발숙청	false	false
摘發肅淸되다	적발숙청되다	false	false
摘發肅淸하다	적발숙청하다	false	false
摛文院	리문원	false	false
摧傷	최상	false	false
摩擦곁數	마찰곁수	false	false
摸擬	모의	false	false
摺合	섭합	false	false
摺寢臺	접침대	false	false
摺桶	접통	false	false
摺綴關節	접철관절	false	false
撒沙辨	살사변	false	false
撚絲織	연사직	false	false
撤收資産	철수자산	false	false
撤網	철망	false	false
撤職	철직	false	false
撤職되다	철직되다	false	false
撤職하다	철직하다	false	false
撩蛟	료교	false	false
播床	파상	false	false
撲殺	박살	false	false
撲殺되다	박살되다	false	false
撲殺하다	박살하다	false	false
擂鼓	뢰고	false	false
擂鼓하다	뢰고하다	false	false
擄掠	로략	false	false
擄掠질	로략질	false	false
擄掠질하다	로략질하다	false	false
擄掠하다	로략하다	false	false
擊倒	격도	false	false
擊傷	격상	false	false
擊動機	격동기	false	false
擊動裝置	격동장치	false	false
擊發機	격발기	false	false
擊節	격절	false	false
擊蒙	격몽	false	false
操作體系	조작체계	false	false
操作다리	조작다리	false	false
操向杆	조향간	false	false
操向輪	조향륜	false	false
操心氣	조심기	false	false
操縱信號磁頭	조종신호자두	false	false
操縱切換素子	조종절환소자	false	false
操縱可能性	조종가능성	false	false
操縱命令文	조종명령문	false	false
操縱器	조종기	false	false
操縱回轉力	조종회전력	false	false
操縱地雷原	조종지뢰원	false	false
操縱式地上爆彈	조종식지상폭탄	false	false
操縱式航空魚雷	조종식항공어뢰	false	false
操縱彈	조종탄	false	false
操縱性	조종성	false	false
操縱捲線	조종권선	false	false
操縱整流器	조종정류기	false	false
操縱整流回路	조종정류회로	false	false
操縱文字	조종문자	false	false
操縱桿	조종간	false	false
操縱極	조종극	false	false
操縱極回路	조종극회로	false	false
操縱極寄生容量	조종극기생용량	false	false
操縱爆雷	조종폭뢰	false	false
操縱理論	조종리론	false	false
操縱用整流素子	조종용정류소자	false	false
操縱用發電機	조종용발전기	false	false
操縱用電子計算機	조종용전자계산기	false	false
操縱符號	조종부호	false	false
操縱素子	조종소자	false	false
操縱練習틀	조종련습틀	false	false
操縱言語學	조종언어학	false	false
操車언덕	조차언덕	false	false
擔任敎員	담임교원	false	false
擔保	담보	false	false
擔保的	담보적	false	false
擔保하다	담보하다	false	false
擔架兵	담가병	false	false
擔架隊	담가대	false	false
擔架채	담가채	false	false
擔當乘務制	담당승무제	false	false
擔當區域制	담당구역제	false	false
擔當區域病院	담당구역병원	false	false
擔當區域醫師	담당구역의사	false	false
擔稅率	담세률	false	false
擔군	담군	false	false
擔이	담이	false	false
擦切具	찰절구	false	false
擦過帶	찰과대	false	false
擧動止動	거동지동	false	false
擧座	거좌	false	false
擧手取決	거수취결	false	false
擧手取決하다	거수취결하다	false	false
擧訟	거송	false	false
擧踵蹄	거종제	false	false
擬像	의상	false	false
擬像하다	의상하다	false	false
擬律	의률	false	false
擬律懲判	의률징판	false	false
擬律하다	의률하다	false	false
擬音師	의음사	false	false
擰法	녕법	false	false
擲奸牌	척간패	false	false
擲射射擊	척사사격	false	false
擲彈筒手	척탄통수	false	false
擲線	척선	false	false
擲角	척각	false	false
擴大合침法	확대합침법	false	false
擴大單一文	확대단일문	false	false
擴大成分	확대성분	false	false
擴大文	확대문	false	false
擴大結合	확대결합	false	false
擴大結合되다	확대결합되다	false	false
擴大結合하다	확대결합하다	false	false
擴大젖짜기飼養	확대젖짜기사양	false	false
擴底裝藥發破	확저장약발파	false	false
擴張寸白蟲	확장촌백충	false	false
擴張掘進	확장굴진	false	false
擴張掘進하다	확장굴진하다	false	false
擴道	확도	false	false
擺撥말	파발말	false	false
攂鼓	뢰고	false	false
攂鼓吶喊	뢰고납함	false	false
攂鼓하다	뢰고하다	false	false
攄意	터의	false	false
攄意하다	터의하다	false	false
攔入	란입	false	false
攔入하다	란입하다	false	false
攔後別隊	란후별대	false	false
攔後士	란후사	false	false
攔後軍	란후군	false	false
攔阻	란조	false	false
攔阻하다	란조하다	false	false
攘夷策	양이책	false	false
攝氏尺度	섭씨척도	false	false
攣急	련급	false	false
攣縮	련축	false	false
攣縮되다	련축되다	false	false
攣縮하다	련축하다	false	false
攣跛	련피	false	false
攪亂工作	교란공작	false	false
攪飯	교반	false	false
攬要	람요	false	false
攬要하다	람요하다	false	false
支拂勞動	지불로동	false	false
支持圖式	지지도식	false	false
支持率	지지률	false	false
支持跳躍	지지도약	false	false
支撐網	지탱망	false	false
支撐바퀴	지탱바퀴	false	false
支活	지활	false	false
支活하다	지활하다	false	false
支礎	지초	false	false
支臺	지대	false	false
支裔	지예	false	false
支計	지계	false	false
支配	지배	false	false
支配樹種	지배수종	false	false
支配되다	지배되다	false	false
支配하다	지배하다	false	false
支點살대	지점살대	false	false
支點잇손	지점잇손	false	false
收塵裝置	수진장치	false	false
收得日	수득일	false	false
收替	수체	false	false
收監車	수감차	false	false
收穫構成要素	수확구성요소	false	false
收縮管	수축관	false	false
收縮이음줄	수축이음줄	false	false
收縮자	수축자	false	false
收繭工	수견공	false	false
收蛾	수아	false	false
收蛾板	수아판	false	false
收蟻草	수의초	false	false
收買交流	수매교류	false	false
收買豫約	수매예약	false	false
收賣	수매	false	false
收賣되다	수매되다	false	false
收賣하다	수매하다	false	false
收錄室	수록실	false	false
收錄機	수록기	false	false
收電極	수전극	false	false
收養질	수양질	false	false
收養질하다	수양질하다	false	false
改化層	개화층	false	false
改印	개인	false	false
改印되다	개인되다	false	false
改印하다	개인하다	false	false
改善處理	개선처리	false	false
改善鎔鋼	개선용강	false	false
改廢	개페	false	false
改廢되다	개페되다	false	false
改廢하다	개페하다	false	false
改良水平式모내기	개량수평식모내기	false	false
改良浸	개량침	false	false
改良牌	개량패	false	false
改良살	개량살	false	false
改良씨름	개량씨름	false	false
改良호미	개량호미	false	false
改良후치	개량후치	false	false
改色	개색	false	false
改色하다	개색하다	false	false
攻擊	공격	false	false
攻擊區域	공격구역	false	false
攻擊序列	공격서렬	false	false
攻擊마당	공격마당	false	false
攻擊살標	공격살표	false	false
攻擊어김	공격어김	false	false
攻擊어김戰術	공격어김전술	false	false
放出일	방출일	false	false
放射寫眞法	방사사진법	false	false
放射式谷地	방사식곡지	false	false
放射彈	방사탄	false	false
放射性廢物	방사성페물	false	false
放射性指示體	방사성지시체	false	false
放射性標識原子法	방사성표식원자법	false	false
放射性稀有金屬	방사성희유금속	false	false
放射性系列	방사성계렬	false	false
放射性먼지	방사성먼지	false	false
放射性비	방사성비	false	false
放射極	방사극	false	false
放射極反復器	방사극반복기	false	false
放射極接地增幅器	방사극접지증폭기	false	false
放射殺菌	방사살균	false	false
放射爆雷	방사폭뢰	false	false
放射爆雷發射管	방사폭뢰발사관	false	false
放射狀谷地	방사상곡지	false	false
放射砲兵	방사포병	false	false
放射砲艇	방사포정	false	false
放射線保護	방사선보호	false	false
放射線化學거둠率	방사선화학거둠률	false	false
放射線密度재개	방사선밀도재개	false	false
放射線氣體重合	방사선기체중합	false	false
放射線治療學	방사선치료학	false	false
放射線病	방사선병	false	false
放射線病學	방사선병학	false	false
放射線肺炎	방사선페염	false	false
放射線衛生學	방사선위생학	false	false
放射線選鑛	방사선선광	false	false
放射線酸化	방사선산화	false	false
放射線量率	방사선량률	false	false
放射線量재개	방사선량재개	false	false
放射線가지重合	방사선가지중합	false	false
放射線덩이重合	방사선덩이중합	false	false
放射線두께재개	방사선두께재개	false	false
放射線물氣재개	방사선물기재개	false	false
放射線반디빛物質	방사선반디빛물질	false	false
放射能標準	방사능표준	false	false
放射能標準試料	방사능표준시료	false	false
放射能檢層器	방사능검층기	false	false
放射能水文地質學	방사능수문지질학	false	false
放射能物理學	방사능물리학	false	false
放射能系列	방사능계렬	false	false
放射衛生學	방사위생학	false	false
放射띠	방사띠	false	false
放射비김	방사비김	false	false
放樂	방악	false	false
放浪兒	방랑아	false	false
放浪記者	방랑기자	false	false
放火	방화	false	false
放火狂	방화광	false	false
放火者	방화자	false	false
放火하다	방화하다	false	false
放牧工	방목공	false	false
放牧隊	방목대	false	false
放膽熱語	방담열어	false	false
放膽熱語하다	방담열어하다	false	false
放說	방설	false	false
放說하다	방설하다	false	false
放送中繼	방송중계	false	false
放送夜會	방송야회	false	false
放送干涉	방송간섭	false	false
放送才談	방송재담	false	false
放送節	방송절	false	false
放送線	방송선	false	false
放送線路	방송선로	false	false
放送雜誌	방송잡지	false	false
放送모임	방송모임	false	false
放電率	방전률	false	false
政務員	정무원	false	false
政務院	정무원	false	false
政商團	정상단	false	false
政局者	정국자	false	false
政府回線	정부회선	false	false
政弊	정페	false	false
政形	정형	false	false
政治上學	정치상학	false	false
政治主任	정치주임	false	false
政治地圖	정치지도	false	false
政治委員	정치위원	false	false
政治思想事業	정치사상사업	false	false
政治思想生活	정치사상생활	false	false
政治拷問	정치고문	false	false
政治指導員	정치지도원	false	false
政治的不具者	정치적불구자	false	false
政治的生命	정치적생명	false	false
政治行政地圖	정치행정지도	false	false
政治部	정치부	false	false
政治部隊	정치부대	false	false
政治광대劇	정치광대극	false	false
政治일군	정치일군	false	false
政狀	정상	false	false
政策歌謠	정책가요	false	false
政論文體	정론문체	false	false
政論詩	정론시	false	false
政論體	정론체	false	false
故失	고실	false	false
故失하다	고실하다	false	false
故家賢婦	고가현부	false	false
故樓	고루	false	false
故邦	고방	false	false
效力半徑	효력반경	false	false
效力오랜藥	효력오랜약	false	false
效果	효과	false	false
效果師	효과사	false	false
效果音響	효과음향	false	false
效果실	효과실	false	false
效進	효진	false	false
效進하다	효진하다	false	false
敍事規範	서사규범	false	false
敍述式	서술식	false	false
敍述文法	서술문법	false	false
敍述的對象形	서술적대상형	false	false
敍述語彙論	서술어휘론	false	false
敍述토	서술토	false	false
敎信者	교신자	false	false
敎務部	교무부	false	false
敎化	교화	false	false
敎化勞動	교화로동	false	false
敎化國	교화국	false	false
敎化室	교화실	false	false
敎化所	교화소	false	false
敎化되다	교화되다	false	false
敎化살이	교화살이	false	false
敎化살이하다	교화살이하다	false	false
敎化하다	교화하다	false	false
敎囑	교촉	false	false
敎囑하다	교촉하다	false	false
敎外敎養機關	교외교양기관	false	false
敎官制	교관제	false	false
敎授	교수	false	false
敎授參觀	교수참관	false	false
敎授合評會	교수합평회	false	false
敎授指導書	교수지도서	false	false
敎授敎養事業	교수교양사업	false	false
敎授競演	교수경연	false	false
敎授要綱	교수요강	false	false
敎授講習	교수강습	false	false
敎授講習所	교수강습소	false	false
敎授講習隊	교수강습대	false	false
敎授遊戲	교수유희	false	false
敎授놀이	교수놀이	false	false
敎材林	교재림	false	false
敎條主義病	교조주의병	false	false
敎正	교정	false	false
敎育大綱	교육대강	false	false
敎育年度	교육년도	false	false
敎育援助費	교육원조비	false	false
敎育計劃	교육계획	false	false
敎育일군	교육일군	false	false
敎訓詩歌	교훈시가	false	false
敎養員	교양원	false	false
敎養員大學	교양원대학	false	false
敎養改造	교양개조	false	false
敎養機關	교양기관	false	false
敎養網	교양망	false	false
敎養論	교양론	false	false
敎養體系	교양체계	false	false
敎養마당	교양마당	false	false
敏活스럽다	민활스럽다	false	false
救助桶	구조통	false	false
救命器材	구명기재	false	false
救命水	구명수	false	false
救命떼	구명떼	false	false
救國大綱	구국대강	false	false
救國軍	구국군	false	false
救巨星	구거성	false	false
救急病院	구급병원	false	false
救急科	구급과	false	false
救急船	구급선	false	false
救急處	구급처	false	false
救急衛生車	구급위생차	false	false
救急表	구급표	false	false
救援列車	구원렬차	false	false
救援器材	구원기재	false	false
救援船	구원선	false	false
救星	구성	false	false
救死不贍	구사불섬	false	false
救濟物資	구제물자	false	false
救荒	구황	false	false
救護	구호	false	false
救護하다	구호하다	false	false
敖民	오민	false	false
敗殘	패잔	false	false
敗殘하다	패잔하다	false	false
敗漢	패한	false	false
敗績	패적	false	false
敗者回復戰	패자회복전	false	false
敗軍	패군	false	false
敗靡	패미	false	false
敗靡하다	패미하다	false	false
敝衣破冠	페의파관	false	false
散兪	산유	false	false
散化貫花	산화관화	false	false
散在林	산재림	false	false
散孔樹種	산공수종	false	false
散布楕圓	산포타원	false	false
散散	산산	false	false
散散짓	산산짓	false	false
散散쪼각	산산쪼각	false	false
散文律	산문률	false	false
散植果樹	산식과수	false	false
散步區	산보구	false	false
散步길	산보길	false	false
散毒器材	산독기재	false	false
散炙盜賊	산적도적	false	false
散犯	산범	false	false
散發	산발	false	false
散發되다	산발되다	false	false
散發하다	산발하다	false	false
散積貨物埠頭	산적화물부두	false	false
散糞	산분	false	false
整備場	정비장	false	false
整備짐函	정비짐함	false	false
整數合列	정수합렬	false	false
整旅	정려	false	false
整旅하다	정려하다	false	false
整理	정리	false	false
整理되다	정리되다	false	false
整理하다	정리하다	false	false
整絲	정사	false	false
整絲하다	정사하다	false	false
整週年	정주년	false	false
敵區偵察	적구정찰	false	false
敵區工作	적구공작	false	false
敵區組織	적구조직	false	false
敵區鬪爭	적구투쟁	false	false
敵對分子	적대분자	false	false
敵對思想	적대사상	false	false
敵後偵察	적후정찰	false	false
敵視政策	적시정책	false	false
敵貨	적화	false	false
敵黨	적당	false	false
敷地計劃	부지계획	false	false
敷盛	부성	false	false
敷盛하다	부성하다	false	false
敷設隊	부설대	false	false
數三家村	수삼가촌	false	false
數値現圖	수치현도	false	false
數値通信	수치통신	false	false
數列	수렬	false	false
數合列	수합렬	false	false
數字回路	수자회로	false	false
數字式	수자식	false	false
數字式彈性波探査機具	수자식탄성파탐사기구	false	false
數字式操縱	수자식조종	false	false
數字式操縱工作機械	수자식조종공작기계	false	false
數字式畫像電送	수자식화상전송	false	false
數字式通信	수자식통신	false	false
數字式電壓計	수자식전압계	false	false
數字形	수자형	false	false
數字形位相計	수자형위상계	false	false
數字形周波數計	수자형주파수계	false	false
數字形周波數變換方式位相計	수자형주파수변환방식위상계	false	false
數字形定格값周波數計	수자형정격값주파수계	false	false
數字形測定計器	수자형측정계기	false	false
數字形瞬間값周波數計	수자형순간값주파수계	false	false
數字形自動計算器	수자형자동계산기	false	false
數字形計算器	수자형계산기	false	false
數字形集積回路	수자형집적회로	false	false
數字形電壓計	수자형전압계	false	false
數字形電子計算器	수자형전자계산기	false	false
數字操縱體系	수자조종체계	false	false
數字數字變換器	수자수자변환기	false	false
數字模擬	수자모의	false	false
數字相似變換器	수자상사변환기	false	false
數字網차기	수자망차기	false	false
數字表示板	수자표시판	false	false
數學鏡	수학경	false	false
數方程式	수방정식	false	false
數歲	수세	false	false
數減要素	수감요소	false	false
數理大學	수리대학	false	false
數理論理	수리론리	false	false
數理運營學	수리운영학	false	false
數範疇	수범주	false	false
數量數詞	수량수사	false	false
數鬪目	수투목	false	false
數대	수대	false	false
數대집	수대집	false	false
數자리	수자리	false	false
數풀이	수풀이	false	false
數풀이하다	수풀이하다	false	false
斂容	렴용	false	false
斂容하다	렴용하다	false	false
斂散	렴산	false	false
斂昏	렴혼	false	false
斂膝暝目	렴슬명목	false	false
斂膝端坐	렴슬단좌	false	false
斂襟	렴금	false	false
斂襟하다	렴금하다	false	false
斂跡	렴적	false	false
斂跡하다	렴적하다	false	false
斂錢	렴전	false	false
斂錢하다	렴전하다	false	false
斂髮	렴발	false	false
文件놀음	문건놀음	false	false
文冊	문책	false	false
文化制度	문화제도	false	false
文化啓蒙機關	문화계몽기관	false	false
文化器材	문화기재	false	false
文化奉仕船	문화봉사선	false	false
文化宮殿	문화궁전	false	false
文化綜態	문화종태	false	false
文化緞	문화단	false	false
文化農村	문화농촌	false	false
文化갖춤새	문화갖춤새	false	false
文壇主義	문단주의	false	false
文契	문계	false	false
文字列	문자렬	false	false
文字名	문자명	false	false
文字樂譜	문자악보	false	false
文字읽기裝置	문자읽기장치	false	false
文字크기	문자크기	false	false
文學藝術革命	문학예술혁명	false	false
文學論說	문학론설	false	false
文德郡	문덕군	false	false
文書冊	문서책	false	false
文書狀	문서장	false	false
文本	문본	false	false
文法情報	문법정보	false	false
文法的形態	문법적형태	false	false
文法的成分化	문법적성분화	false	false
文法的手段	문법적수단	false	false
文法的手法	문법적수법	false	false
文獻庫	문헌고	false	false
文獻槪觀	문헌개관	false	false
文珠花	문주화	false	false
文章力點	문장력점	false	false
文章加工學	문장가공학	false	false
文章成分化	문장성분화	false	false
文章符號法	문장부호법	false	false
文章論的句	문장론적구	false	false
文章論的形態	문장론적형태	false	false
文章論的統合	문장론적통합	false	false
文章소리마루	문장소리마루	false	false
文脈辭典	문맥사전	false	false
文藝小組	문예소조	false	false
文藝戰線	문예전선	false	false
文藝理論	문예리론	false	false
文藝論說	문예론설	false	false
文體論的同義語	문체론적동의어	false	false
文體論的手段	문체론적수단	false	false
文體論的手法	문체론적수법	false	false
文體論的色彩	문체론적색채	false	false
文體論的色갈	문체론적색갈	false	false
文體論的語彙	문체론적어휘	false	false
文魚동이	문어동이	false	false
文魚소왜	문어소왜	false	false
文魚지가리	문어지가리	false	false
文틀	문틀	false	false
斑煮	반자	false	false
斑竹살	반죽살	false	false
斗護人	두호인	false	false
料	료	false	false
料亭	료정	false	false
料外	료외	false	false
料峭	료초	false	false
料布	료포	false	false
料度	료탁	false	false
料度하다	료탁하다	false	false
料法	료법	false	false
料物庫	료물고	false	false
料理	료리	false	false
料理師	료리사	false	false
料理店	료리점	false	false
料理法	료리법	false	false
料理術	료리술	false	false
料理되다	료리되다	false	false
料理술	료리술	false	false
料理집	료리집	false	false
料理차림表	료리차림표	false	false
料理하다	료리하다	false	false
料米	료미	false	false
料量	료량	false	false
料量分數	료량분수	false	false
料量껏	료량껏	false	false
料量하다	료량하다	false	false
料金	료금	false	false
料食	료식	false	false
斜紋組織	사문조직	false	false
斜線構圖	사선구도	false	false
斜線隊形	사선대형	false	false
斜軸投影法	사축투영법	false	false
斜面射擊	사면사격	false	false
斟酌소리	짐작소리	false	false
斟酌치기	짐작치기	false	false
斬衰直領	참최직령	false	false
斯文亂賊	사문란적	false	false
新坪	신평	false	false
新坪郡	신평군	false	false
新墾農法	신간농법	false	false
新女子	신녀자	false	false
新女性	신녀성	false	false
新婦감	신부감	false	false
新島郡	신도군	false	false
新工	신공	false	false
新年狀	신년장	false	false
新成期	신성기	false	false
新捧	신봉	false	false
新派	신파	false	false
新派氣	신파기	false	false
新派演技	신파연기	false	false
新派놀음	신파놀음	false	false
新浪漫主義	신랑만주의	false	false
新産兒	신산아	false	false
新皇	신황	false	false
新稻米	신도미	false	false
新綿	신면	false	false
新聞張	신문장	false	false
新聞版型	신문판형	false	false
新聞칸	신문칸	false	false
新舊醫	신구의	false	false
新藥局	신약국	false	false
新藥房	신약방	false	false
新解放地球	신해방지구	false	false
新訴處理	신소처리	false	false
新語造成	신어조성	false	false
新貨幣	신화페	false	false
新資窠	신자과	false	false
新院郡	신원군	false	false
新陽郡	신양군	false	false
新面目	신면목	false	false
新馬	신마	false	false
新體	신체	false	false
新아우	신아우	false	false
新풀이논	신풀이논	false	false
斷列帶	단렬대	false	false
斷命	단명	false	false
斷命하다	단명하다	false	false
斷子	단자	false	false
斷層덕땅	단층덕땅	false	false
斷層비지	단층비지	false	false
斷末	단말	false	false
斷末摩相	단말마상	false	false
斷泄	단설	false	false
斷熱系	단열계	false	false
斷簡尺素	단간척소	false	false
斷絲率	단사률	false	false
斷鐵機	단철기	false	false
方位信號爆彈	방위신호폭탄	false	false
方位番號	방위번호	false	false
方到	방도	false	false
方到하다	방도하다	false	false
方向上指導	방향상지도	false	false
方向搖動指示機	방향요동지시기	false	false
方向濾波器	방향려파기	false	false
方向發破	방향발파	false	false
方向的指導	방향적지도	false	false
方向손잡이	방향손잡이	false	false
方向재개	방향재개	false	false
方外	방외	false	false
方外士	방외사	false	false
方席이	방석이	false	false
方式上學	방식상학	false	false
方強하다	방강하다	false	false
方極	방극	false	false
方極하다	방극하다	false	false
方正하다	방정하다	false	false
方正히	방정히	false	false
方言의水平化	방언의수평화	false	false
方言의고루되기	방언의고루되기	false	false
方陣圖	방진도	false	false
方面大吏	방면대리	false	false
方틀구뎅이	방틀구뎅이	false	false
方틀써레	방틀써레	false	false
於中間치기	어중간치기	false	false
於左於右	어좌어우	false	false
於間於間	어간어간	false	false
施工主	시공주	false	false
施工이음줄	시공이음줄	false	false
施肥工	시비공	false	false
施肥年度	시비년도	false	false
施藥代	시약대	false	false
旅	려	false	false
旅中	려중	false	false
旅人	려인	false	false
旅人宿	려인숙	false	false
旅人樹	여인수	false	false
旅人蕉	여인초	false	false
旅具	려구	false	false
旅券	려권	false	false
旅卦	려괘	false	false
旅商	려상	false	false
旅團	려단	false	false
旅團長	려단장	false	false
旅客	려객	false	false
旅客保險	려객보험	false	false
旅客列車	려객렬차	false	false
旅客司令	려객사령	false	false
旅客埠頭	려객부두	false	false
旅客室	려객실	false	false
旅客專務	려객전무	false	false
旅客技術驛	려객기술역	false	false
旅客機	려객기	false	false
旅客港	려객항	false	false
旅客港口	려객항구	false	false
旅客船	려객선	false	false
旅客車	려객차	false	false
旅客飛行場	려객비행장	false	false
旅客驛	려객역	false	false
旅客배	려객배	false	false
旅宿	려숙	false	false
旅寢	려침	false	false
旅帥	려수	false	false
旅幕	려막	false	false
旅店	려점	false	false
旅情	려정	false	false
旅愁	려수	false	false
旅懷	려회	false	false
旅次	려차	false	false
旅毒	려독	false	false
旅況	려황	false	false
旅程	려정	false	false
旅窓	려창	false	false
旅舍	려사	false	false
旅苦	려고	false	false
旅行	려행	false	false
旅行免狀	려행면장	false	false
旅行具	려행구	false	false
旅行券	려행권	false	false
旅行地	려행지	false	false
旅行客	려행객	false	false
旅行家	려행가	false	false
旅行社	려행사	false	false
旅行者	려행자	false	false
旅行記	려행기	false	false
旅行길	려행길	false	false
旅行하다	려행하다	false	false
旅裝	려장	false	false
旅費	려비	false	false
旅路	려로	false	false
旅進旅退	려진려퇴	false	false
旅長	려장	false	false
旅閣	려각	false	false
旅需錢	려수전	false	false
旅館	려관	false	false
旅館房	려관방	false	false
旅館業	려관업	false	false
旅館費	려관비	false	false
旅館집	려관집	false	false
旅體	려체	false	false
旅魂	려혼	false	false
旅鳥	려조	false	false
旋卽	선즉	false	false
旋回支持裝置	선회지지장치	false	false
旋回機構	선회기구	false	false
旋回臺板	선회대판	false	false
旋壓機	선압기	false	false
旋律	선률	false	false
旋律線	선률선	false	false
旋律받아쓰기	선률받아쓰기	false	false
旌旆	정패	false	false
旌旗	정기	false	false
旌褒	정포	false	false
族伯	족백	false	false
族伯叔祖父母	족백숙조부모	false	false
族子	족자	false	false
族屬	족속	false	false
族戰	족전	false	false
族是	족시	false	false
族曾祖姑	족증조고	false	false
族曾祖父母	족증조부모	false	false
旗旒信號旗	기류신호기	false	false
旗號치다	기호치다	false	false
旗대	기대	false	false
旗대기둥	기대기둥	false	false
旗대나물	깃대나물	false	false
旗대춤	기대춤	false	false
旗발	기발	false	false
旗발信號	기발신호	false	false
旗발運動	기발운동	false	false
旗발隊	기발대	false	false
旗발體操	기발체조	false	false
旗발귀잎이끼	기발귀잎이끼	false	false
旗발대	기발대	false	false
旗발도미	기발도미	false	false
旗발바다지렁이	기발바다지렁이	false	false
旗발이끼	기발이끼	false	false
旣存公式	기존공식	false	false
旣往날	기왕날	false	false
旣成藥	기성약	false	false
旣發之矢	기발지시	false	false
旣約여러마디式	기약여러마디식	false	false
日工勞動	일공로동	false	false
日工군	일공군	false	false
日工일	일공일	false	false
日工품	일공품	false	false
日幼稚園	일유치원	false	false
日托兒所	일탁아소	false	false
日收돈	일수돈	false	false
日日年年	일일년년	false	false
日月星宿圖	일월성수도	false	false
日月星辰圖	일월성신도	false	false
日毒	일독	false	false
日氣豫報員	일기예보원	false	false
日氣豫報學	일기예보학	false	false
日用工藝	일용공예	false	false
日給量	일급량	false	false
日蝕性炎	일식성염	false	false
日蝕旣	일식기	false	false
日間調節	일간조절	false	false
早婚姻	조혼인	false	false
早婚姻하다	조혼인하다	false	false
早期性成熟症	조기성성숙증	false	false
早期現物稅	조기현물세	false	false
早生果實	조생과실	false	false
早白髮病菌	조백발병균	false	false
早硬劑	조경제	false	false
早穀	조곡	false	false
旭日方昇	욱일방승	false	false
昂	앙	false	false
昂揚	앙양	false	false
昂揚되다	앙양되다	false	false
昂揚하다	앙양하다	false	false
昆布밭	곤포밭	false	false
昆蟲誘引劑	곤충유인제	false	false
昆蟲잡이	곤충잡이	false	false
昇沈	승침	false	false
昇降내기	승강내기	false	false
昇降내기하다	승강내기하다	false	false
明仁하다	명인하다	false	false
明卵밥	명란밥	false	false
明太膾	명태회	false	false
明太豆腐醬	명태두부장	false	false
明太食醯	명태식혜	false	false
明太饅頭	명태만두	false	false
明太고지	명태고지	false	false
明太꼬치	명태꼬치	false	false
明太대가리젓	명태대가리젓	false	false
明太밸젓	명태밸젓	false	false
明太순대	명태순대	false	false
明太알젓	명태알젓	false	false
明太알지지개	명태알지지개	false	false
明太완자국	명태완자국	false	false
明太젓	명태젓	false	false
明太튀기	명태튀기	false	false
明滅燈	명멸등	false	false
明紬닻채찍벌레	명주닻채찍벌레	false	false
明紬살조개	명주살조개	false	false
明聰하다	명총하다	false	false
明識	명식	false	false
明轉換	명전환	false	false
明部	명부	false	false
明釋	명석	false	false
明釋하다	명석하다	false	false
易心	역심	false	false
易心하다	역심하다	false	false
易筮	역서	false	false
昔瘤	석류	false	false
星官	성관	false	false
星座儀	성좌의	false	false
星形連結	성형련결	false	false
映像圖	영상도	false	false
映像要素	영상요소	false	false
映寫技術員	영사기술원	false	false
映寫機窓	영사기창	false	false
映寫視窓	영사시창	false	false
映彩로이	영채로이	false	false
映彩롭다	영채롭다	false	false
映畫創造體系	영화창조체계	false	false
映畫商標	영화상표	false	false
映畫場面	영화장면	false	false
映畫宣傳畫	영화선전화	false	false
映畫技術學	영화기술학	false	false
映畫敎育室	영화교육실	false	false
映畫文學	영화문학	false	false
映畫文學文體	영화문학문체	false	false
映畫文獻	영화문헌	false	false
映畫文獻庫	영화문헌고	false	false
映畫月曆	영화월력	false	false
映畫畫幅	영화화폭	false	false
映畫祝典	영화축전	false	false
映畫編修	영화편수	false	false
映畫編輯員	영화편집원	false	false
映畫車	영화차	false	false
映畫달曆	영화달력	false	false
春化	춘화	false	false
春半	춘반	false	false
春宵千金	춘소천금	false	false
春情期	춘정기	false	false
春播밀	춘파밀	false	false
春月	춘월	false	false
春祈	춘기	false	false
春祈하다	춘기하다	false	false
春窮夏困	춘궁하곤	false	false
春耕隊	춘경대	false	false
春花老骨	춘화로골	false	false
春風時節	춘풍시절	false	false
昭穆	소목	false	false
時	시	false	false
時中郡	시중군	false	false
時代語	시대어	false	false
時代錯覺	시대착각	false	false
時刻빨리	시각빨리	false	false
時務	시무	false	false
時報映畫	시보영화	false	false
時座口座	시좌구좌	false	false
時座預金	시좌예금	false	false
時推人	시추인	false	false
時殊風異	시수풍이	false	false
時疫	시역	false	false
時疫痢	시역리	false	false
時移俗易	시이속역	false	false
時稱토	시칭토	false	false
時行嗽	시행수	false	false
時表줄	시표줄	false	false
時間	시간	false	false
時間分離體系	시간분리체계	false	false
時間副文	시간부문	false	false
時間固定法	시간고정법	false	false
時間地雷	시간지뢰	false	false
時間差	시간차	false	false
時間彈	시간탄	false	false
時間標識器	시간표식기	false	false
時間狀況語	시간상황어	false	false
時間範疇	시간범주	false	false
時間選別器	시간선별기	false	false
時間量子化	시간량자화	false	false
時間늦추기	시간늦추기	false	false
時間토	시간토	false	false
時間헤염	시간헤염	false	false
晉州戰鬪	진주전투	false	false
晉州農民暴動	진주농민폭동	false	false
晝夜間	주야간	false	false
晝標	주표	false	false
晩年樂	만년락	false	false
普及員	보급원	false	false
普及室	보급실	false	false
普及社	보급사	false	false
普天七星長魚	보천칠성장어	false	false
普天郡	보천군	false	false
普知	보지	false	false
普通分岐器	보통분기기	false	false
普通列車	보통렬차	false	false
普通彈알	보통탄알	false	false
普通旅客列車	보통려객렬차	false	false
普通法令	보통법령	false	false
普通狼瘡	보통랑창	false	false
普通生	보통생	false	false
普通貯金	보통저금	false	false
普通還元劑	보통환원제	false	false
普通걷기	보통걷기	false	false
普通걸床	보통걸상	false	false
普通깨기	보통깨기	false	false
普通말	보통말	false	false
普通무늬	보통무늬	false	false
普通무늬누에	보통무늬누에	false	false
普通빔	보통빔	false	false
普通빛線	보통빛선	false	false
普通여드름	보통여드름	false	false
普遍事典	보편사전	false	false
普遍人稱文	보편인칭문	false	false
普遍植物	보편식물	false	false
景致그림	경치그림	false	false
晴景	청경	false	false
晶晶하다	정정하다	false	false
晶相	정상	false	false
智劣者	지렬자	false	false
智器	지기	false	false
智塔里遺跡	지탑리유적	false	false
智富力強	지부력강	false	false
智富力強하다	지부력강하다	false	false
智德體춤	지덕체춤	false	false
智情	지정	false	false
智慧주머니	지혜주머니	false	false
智能電話	지능전화	false	false
智通	지통	false	false
智鑒	지감	false	false
暈滃法	훈옹법	false	false
暑癇	서간	false	false
暑迷	서미	false	false
暖流性물고기	난류성물고기	false	false
暖爐불	난로불	false	false
暗去來罪	암거래죄	false	false
暗害分子	암해분자	false	false
暗害用毒物質	암해용독물질	false	false
暗所順應	암소순응	false	false
暗渠물빼기	암거물빼기	false	false
暗澹相	암담상	false	false
暗示療法	암시료법	false	false
暗示鏡	암시경	false	false
暗究	암구	false	false
暗色鑛物	암색광물	false	false
暗號文	암호문	false	false
暗號電	암호전	false	false
暗褐色밤나비	암갈색밤나비	false	false
暗詐	암사	false	false
暗買場	암매장	false	false
暗賣場	암매장	false	false
暗轉幕	암전막	false	false
暗隧道	암추도	false	false
暗電	암전	false	false
暗黑裁判	암흑재판	false	false
暫定的拒否權	잠정적거부권	false	false
暫間	잠간	false	false
暮會	모회	false	false
暴論	폭론	false	false
暴風波	폭풍파	false	false
曆博士	력박사	false	false
曆學	력학	false	false
曆年	력년	false	false
曆數	력수	false	false
曆日	력일	false	false
曆日數	력일수	false	false
曆日時間	력일시간	false	false
曆日稼動時間	력일가동시간	false	false
曆書	력서	false	false
曆書帳	력서장	false	false
曆法	력법	false	false
曆程時	력정시	false	false
曆算	력산	false	false
曆象家	력상가	false	false
曉明	효명	false	false
曉星	효성	false	false
曜日板	요일판	false	false
曝氣生物濾過못	포기생물려과못	false	false
曝氣못	포기못	false	false
曠廢	광페	false	false
曲水流觴	곡수류상	false	false
曲潔하다	곡결하다	false	false
曲瓊	곡경	false	false
曲筆舞文	곡필무문	false	false
曲線自動記錄機	곡선자동기록기	false	false
曲線다리	곡선다리	false	false
曲線뜨기	곡선뜨기	false	false
曲線마름	곡선마름	false	false
曲線이발齒車	곡선이발치차	false	false
曲線자리標系	곡선자리표계	false	false
曲評	곡평	false	false
曲評하다	곡평하다	false	false
曲譜冊	곡보책	false	false
曲賞	곡상	false	false
曲面채	곡면채	false	false
更之更	갱지갱	false	false
更新成熟期	갱신성숙기	false	false
更立	갱립	false	false
更等	경등	false	false
更言	갱언	false	false
更返	갱반	false	false
更返하다	갱반하다	false	false
更迭	갱질	false	false
更迭揮發油	갱질휘발유	false	false
更迭觸媒	갱질촉매	false	false
更靑年	갱청년	false	false
更靑年되다	갱청년되다	false	false
更靑年하다	갱청년하다	false	false
書籍語	서적어	false	false
書翰體小說	서한체소설	false	false
書腦	서뇌	false	false
書辭言語行爲	서사언어행위	false	false
曼達사람	만달사람	false	false
曾祖	증조	false	false
替劃	체획	false	false
替劃하다	체획하다	false	false
最低나이	최저나이	false	false
最前哨	최전초	false	false
最前緣	최전연	false	false
最勝級	최승급	false	false
最勝臺	최승대	false	false
最古나이	최고나이	false	false
最大公尺度	최대공척도	false	false
最大急行	최대급행	false	false
最大最小값方法	최대최소값방법	false	false
最大潮量	최대조량	false	false
最大磁化抹消	최대자화말소	false	false
最大許容間隔	최대허용간격	false	false
最大離隔	최대리격	false	false
最大물氣간직率	최대물기간직률	false	false
最小乾舷船舶	최소건현선박	false	false
最小共通倍數	최소공통배수	false	false
最小接近距離	최소접근거리	false	false
最小束縛原理	최소속박원리	false	false
最小照尺	최소조척	false	false
最小느낌電流	최소느낌전류	false	false
最小두제곱法	최소두제곱법	false	false
最小들림소리	최소들림소리	false	false
最小무게設計	최소무게설계	false	false
最廉	최렴	false	false
最廉價	최렴가	false	false
最急行	최급행	false	false
最惠制度	최혜제도	false	false
最終所得	최종소득	false	false
最終疾走	최종질주	false	false
最繁時負荷	최번시부하	false	false
最良化	최량화	false	false
最良化하다	최량화하다	false	false
最良操縱	최량조종	false	false
最良符號化	최량부호화	false	false
最良計劃化	최량계획화	false	false
最良設計	최량설계	false	false
最良調節機	최량조절기	false	false
最薄層炭	최박층탄	false	false
最速下降線	최속하강선	false	false
最適線形回路網	최적선형회로망	false	false
最適잎面積	최적잎면적	false	false
最重하다	최중하다	false	false
最高主權機關	최고주권기관	false	false
最高人民會議	최고인민회의	false	false
最高人民會議常設會議	최고인민회의상설회의	false	false
最高壓送電	최고압송전	false	false
最高檢察所	최고검찰소	false	false
最高次마디	최고차마디	false	false
最高神父	최고신부	false	false
最高立法機關	최고립법기관	false	false
會同	회동	false	false
會同하다	회동하다	false	false
會團	회단	false	false
會葬	회장	false	false
會葬군	회장군	false	false
會計	회계	false	false
會計하다	회계하다	false	false
會話型體系	회화형체계	false	false
會話語文法	회화어문법	false	false
月姆	월모	false	false
月態	월태	false	false
月收邊	월수변	false	false
月收돈	월수돈	false	false
月沈	월침	false	false
月託兒所	월탁아소	false	false
月託兒班	월탁아반	false	false
月賦店	월부점	false	false
月餠	월병	false	false
月齡	월령	false	false
有別나다	류별나다	false	false
有情스럽다	유정스럽다	false	false
有懇하다	유간하다	false	false
有放	유방	false	false
有放機	유방기	false	false
有效分蘖	유효분얼	false	false
有效높이	유효높이	false	false
有效비量	유효비량	false	false
有效아지	유효아지	false	false
有效아지치기	유효아지치기	false	false
有效짐	유효짐	false	false
有杆錨	유간묘	false	false
有極性	유극성	false	false
有機建材	유기건재	false	false
有機殺草劑	유기살초제	false	false
有機燐劑農藥中毒	유기린제농약중독	false	false
有機燐殺蟲藥	유기린살충약	false	false
有機質抑制劑	유기질억제제	false	false
有機鑛物質肥料	유기광물질비료	false	false
有毛곤쟁이	유모곤쟁이	false	false
有理化單位系	유리화단위계	false	false
有理型	유리형	false	false
有生力量	유생력량	false	false
有用勞動	유용로동	false	false
有男有女하다	유남유녀하다	false	false
有紋綠紗	유문록사	false	false
有給일군	유급일군	false	false
有絲分裂	유사분렬	false	false
有線手	유선수	false	false
有線放送機	유선방송기	false	false
有線通信手	유선통신수	false	false
有罰	유벌	false	false
有色冶金工業	유색야금공업	false	false
有色壓延	유색압연	false	false
有色金屬	유색금속	false	false
有蓋坊桶	유개방통	false	false
有表스럽다	유표스럽다	false	false
有角白帽	유각백모	false	false
有賞	유상	false	false
有限合列	유한합렬	false	false
有限自動體	유한자동체	false	false
有限모임	유한모임	false	false
有響音	유향음	false	false
服務	복무	false	false
服務心	복무심	false	false
服務하다	복무하다	false	false
服從變更	복종변경	false	false
服從變更하다	복종변경하다	false	false
服짜리	복짜리	false	false
朔望平均滿민물높이	삭망평균만민물높이	false	false
朔望平均썰물높이	삭망평균썰물높이	false	false
朗吟	랑음	false	false
朗吟하다	랑음하다	false	false
朗月	랑월	false	false
朗朗細語	랑랑세어	false	false
朗朗하다	랑랑하다	false	false
朗朗히	랑랑히	false	false
朗然하다	랑연하다	false	false
朗然히	랑연히	false	false
朗詠	랑영	false	false
朗詠調	랑영조	false	false
朗詠하다	랑영하다	false	false
朗誦	랑송	false	false
朗誦하다	랑송하다	false	false
朗讀	랑독	false	false
朗讀臺	랑독대	false	false
朗讀하다	랑독하다	false	false
望步哨	망보초	false	false
望遠地點	망원지점	false	false
望遠戰術	망원전술	false	false
望遠步哨	망원보초	false	false
朝三暮四	조삼모사	false	false
朝右	조우	false	false
朝市	조시	false	false
朝往暮來	조왕모래	false	false
朝紳	조신	false	false
朝起暮消	조기모소	false	false
朝飯술	조반술	false	false
朝飯질	조반질	false	false
朝飯질하다	조반질하다	false	false
朝鮮半島	조선반도	false	false
朝鮮半가는털羊	조선반가는털양	false	false
朝鮮地理	조선지리	false	false
朝鮮封建王朝實錄	조선봉건왕조실록	false	false
朝鮮文	조선문	false	false
朝鮮族	조선족	false	false
朝鮮曲	조선곡	false	false
朝鮮歷史	조선력사	false	false
朝鮮畫	조선화	false	false
朝鮮繡	조선수	false	false
朝鮮膏藥	조선고약	false	false
朝鮮글	조선글	false	false
朝鮮글字	조선글자	false	false
朝鮮글날	조선글날	false	false
朝鮮닥나무	조선닥나무	false	false
朝鮮삽주	조선삽주	false	false
朝鮮애기풍뎅이	조선애기풍뎅이	false	false
朝鮮염소	조선염소	false	false
朝鮮옛類型사람	조선옛류형사람	false	false
朝鮮절	조선절	false	false
朝鮮젖소	조선젖소	false	false
期會	기회	false	false
期會하다	기회하다	false	false
期限傭船	기한용선	false	false
期하다	기하다	false	false
木冊	목책	false	false
木削板	목삭판	false	false
木削機	목삭기	false	false
木削밥	목삭밥	false	false
木匣板船	목갑판선	false	false
木匣銃	목갑총	false	false
木壚床	목로상	false	false
木奴婢	목노비	false	false
木手망태	목수망태	false	false
木材蒸解	목재증해	false	false
木材물分解	목재물분해	false	false
木杖	목장	false	false
木柏子	목박자	false	false
木毬版畫	목구판화	false	false
木片機	목편기	false	false
木琴手	목금수	false	false
木琴채	목금채	false	false
木皮幕	목피막	false	false
木石症	목석증	false	false
木花營養단지	목화영양단지	false	false
木花紫色씨벌레	목화자색씨벌레	false	false
木花螟밤나비	목화명밤나비	false	false
木花꽃코끼리벌레	목화꽃코끼리벌레	false	false
木花나무	목화나무	false	false
木花다래	목화다래	false	false
木花대	목화대	false	false
木花붉은씨밤나비	목화붉은씨밤나비	false	false
木花붉은씨벌레	목화붉은씨벌레	false	false
木花잎말이벌레	목화잎말이벌레	false	false
木蘭꽃	목란꽃	false	false
木質纖維素化學	목질섬유소화학	false	false
木輪	목륜	false	false
木針動力計	목침동력계	false	false
木鏃	목촉	false	false
木鐵棒	목철봉	false	false
木鐵混合船	목철혼합선	false	false
木鐵보	목철보	false	false
木鐵살틀	목철살틀	false	false
木面板畫	목면판화	false	false
木鞍馬	목안마	false	false
木馬	목마	false	false
木馬運動	목마운동	false	false
木鼈子덩굴	목별자덩굴	false	false
木그릇	목그릇	false	false
木자	목자	false	false
木저가락	목저가락	false	false
木전	목전	false	false
木줄칼	목줄칼	false	false
木천	목천	false	false
木초臺	목초대	false	false
未下車	미하차	false	false
未世	미세	false	false
未來持續	미래지속	false	false
未嫁前	미가전	false	false
未定人稱文	미정인칭문	false	false
未定代名詞	미정대명사	false	false
未定冠詞	미정관사	false	false
未定形	미정형	false	false
未定法	미정법	false	false
未定詞	미정사	false	false
未決服	미결복	false	false
未開港	미개항	false	false
末代孫	말대손	false	false
末伏물	말복물	false	false
末端地點	말단지점	false	false
末端裝置	말단장치	false	false
末端여닫개	말단여닫개	false	false
末頃	말경	false	false
本住民	본주민	false	false
本作	본작	false	false
本來흙	본래흙	false	false
本土배기	본토배기	false	false
本堰堤	본언제	false	false
本場	본장	false	false
本學部	본학부	false	false
本家집	본가집	false	false
本家집살이	본가집살이	false	false
本役	본역	false	false
本文處理器	문서처리쏘프트웨어	false	false
本文言語學	본문언어학	false	false
本線塔	본선탑	false	false
本能欲	본능욕	false	false
本質的聯關	본질적련관	false	false
本身事業	본신사업	false	false
本身任務	본신임무	false	false
本陣치기	본진치기	false	false
本音階	본음계	false	false
本音階的	본음계적	false	false
本音階的全音	본음계적전음	false	false
本音階的半音	본음계적반음	false	false
本곳	본곳	false	false
本곳사람	본곳사람	false	false
本길	본길	false	false
本따기	본따기	false	false
本따기裝置	본따기장치	false	false
本딴말	본딴말	false	false
本땅	본땅	false	false
本떡	본떡	false	false
本바닥내기	본바닥내기	false	false
本보기圖案	본보기도안	false	false
本보기工場	본보기공장	false	false
札甲쪽	찰갑쪽	false	false
朱墨	주묵	false	false
朱紅뗑이	주홍뗑이	false	false
杉松나무	삼송나무	false	false
杉나무둥근깍지벌레	삼나무둥근깍지벌레	false	false
杉나무붉은돌드레	삼나무붉은돌드레	false	false
李子餠	리자병	false	false
李朝	리조	false	false
李朝實錄	리조실록	false	false
李朝封建國家	리조봉건국가	false	false
李氏朝鮮	리씨조선	false	false
李氏王朝	리씨왕조	false	false
李王朝	리왕조	false	false
李花	리화	false	false
李송섭내리기	리송섭내리기	false	false
材料鋼	재료강	false	false
材鐵	재철	false	false
村令監	촌령감	false	false
村勢	촌세	false	false
村式	촌식	false	false
村歌	촌가	false	false
村氣	촌기	false	false
村農事	촌농사	false	false
村노래	촌노래	false	false
村때	촌때	false	false
村멋쟁이	촌멋쟁이	false	false
村무당	촌무당	false	false
村바우	촌바우	false	false
村보	촌보	false	false
村아이	촌아이	false	false
村집	촌집	false	false
杖鼓	장고	false	false
杖鼓잡이	장고잡이	false	false
杜弊	두페	false	false
杜弊하다	두페하다	false	false
杞柳工	기류공	false	false
杞柳工藝	기류공예	false	false
束乼	속줄	false	false
杯細胞	배세포	false	false
東倉郡	동창군	false	false
東南亞細亞條約機構	동남아세아조약기구	false	false
東向	동향	false	false
東擊西擊	동격서격	false	false
東新郡	동신군	false	false
東方哨所	동방초소	false	false
東松	동송	false	false
東林郡	동림군	false	false
東正敎	동정교	false	false
東海가무레기	동해가무레기	false	false
東海둥근집바다지렁이	동해둥근집바다지렁이	false	false
東海목털벌레	동해목털벌레	false	false
東海무가시물벼룩	동해무가시물벼룩	false	false
東海즐판해파리	동해즐판해파리	false	false
東滿黨工作委員會	동만당공작위원회	false	false
東聲西擊	동성서격	false	false
東藥	동약	false	false
東藥學	동약학	false	false
東藥局	동약국	false	false
東藥材	동약재	false	false
東藥製劑	동약제제	false	false
東藥내	동약내	false	false
東西바다	동서바다	false	false
東邦堡壘	동방보루	false	false
東醫治療機	동의치료기	false	false
東醫科	동의과	false	false
東醫藥房	동의약방	false	false
東頹西落	동퇴서락	false	false
東쪽點	동쪽점	false	false
杼柚	저축	false	false
松原郡	송원군	false	false
松林式살림집	송림식살림집	false	false
松林뿔돌	송림뿔돌	false	false
松果	송과	false	false
松楸	송추	false	false
松津巖	송진암	false	false
松津有細胞	송진유세포	false	false
松津膏藥	송진고약	false	false
松津침노린재	송진침노린재	false	false
松津홈	송진홈	false	false
松煙	송연	false	false
松煙먹	송연먹	false	false
松煤	송매	false	false
松節茶	송절다	false	false
松肌범벅	송기범벅	false	false
松花술	송화술	false	false
松葉杖	송엽장	false	false
松蟲寄生고치벌	송충기생고치벌	false	false
松蟲검은애기벌	송충검은애기벌	false	false
松蟲긴배애기벌	송충긴배애기벌	false	false
松蟲나비	송충나비	false	false
松蟲먹가슴애기벌	송충먹가슴애기벌	false	false
松蟲새끼벌레寄生벌	송충새끼벌레기생벌	false	false
松蟲알寄生벌	송충알기생벌	false	false
松蟲애기금벌	송충애기금벌	false	false
松都천	송도천	false	false
松針	송침	false	false
松高織	송고직	false	false
板冷凍機	판랭동기	false	false
板子우물	판자우물	false	false
板子집	판자집	false	false
板式家具	판식가구	false	false
板形	판형	false	false
板形空氣豫熱機	판형공기예열기	false	false
板振動다짐機	판진동다짐기	false	false
板材類	판재류	false	false
板枕木	판침목	false	false
板構造	판구조	false	false
板橋郡	판교군	false	false
板水門	판수문	false	false
板紙섶	판지섶	false	false
板軌道	판궤도	false	false
板門郡	판문군	false	false
板門짝	판문짝	false	false
板障	판장	false	false
板障靜脈	판장정맥	false	false
板공	판공	false	false
板공넣기	판공넣기	false	false
板구부리기	판구부리기	false	false
板다리	판다리	false	false
板대기	판대기	false	false
板말뚝埠頭	판말뚝부두	false	false
板말뚝防潮堤	판말뚝방조제	false	false
板말뚝안壁	판말뚝안벽	false	false
板배추	판배추	false	false
板사슬	판사슬	false	false
板사슬板	판사슬판	false	false
板아가미類	판아가미류	false	false
板조개	판조개	false	false
板종이	판종이	false	false
枇峴種	피현종	false	false
枇峴郡	피현군	false	false
枉罪	왕죄	false	false
析出強化	석출강화	false	false
林下夫人	림하부인	false	false
林位	림위	false	false
林地	림지	false	false
林地損傷率	림지손상률	false	false
林型	림형	false	false
林學	림학	false	false
林帶	림대	false	false
林木	림목	false	false
林木地	림목지	false	false
林木度	림목도	false	false
林林叢叢하다	림림총총하다	false	false
林林叢叢히	림림총총히	false	false
林業	림업	false	false
林業勞動者節	림업로동자절	false	false
林業地	림업지	false	false
林業大學	림업대학	false	false
林檎	림금	false	false
林泉	림천	false	false
林海	림해	false	false
林源	림원	false	false
林班	림반	false	false
林産	림산	false	false
林産化學	림산화학	false	false
林産工學	림산공학	false	false
林産工業	림산공업	false	false
林産工業林	림산공업림	false	false
林産物	림산물	false	false
林産科學	림산과학	false	false
林産索道	림산삭도	false	false
林産道路	림산도로	false	false
林産鐵道	림산철도	false	false
林産鐵길	림산철길	false	false
林相	림상	false	false
林相圖	림상도	false	false
林相改造	림상개조	false	false
林立	림립	false	false
林立하다	림립하다	false	false
林道	림도	false	false
林野	림야	false	false
林鐘	림종	false	false
林鐵	림철	false	false
林鐵機關車	림철기관차	false	false
林鐵車	림철차	false	false
林鐵運材	림철운재	false	false
林鐵길	림철길	false	false
林間	림간	false	false
林間苗圃	림간묘포	false	false
林間養苗	림간양묘	false	false
林齡	림령	false	false
枚	매	false	false
果實단물	과실단물	false	false
果實단졸임	과실단졸임	false	false
果實물	과실물	false	false
果斷力	과단력	false	false
果欖花	과람화	false	false
果汁水	과즙수	false	false
果汁술	과즙술	false	false
果臺	과대	false	false
枯乳期	고유기	false	false
枯木등걸	고목등걸	false	false
枯草期	고초기	false	false
枵腹	효복	false	false
架木	가목	false	false
架橋度	가교도	false	false
架空裸線路	가공라선로	false	false
架線手	가선수	false	false
架線橋	가선교	false	false
架鐵	가철	false	false
柑子科擧	감자과거	false	false
染化	염화	false	false
染化되다	염화되다	false	false
染化하다	염화하다	false	false
染色性	염색성	false	false
染色質削減	염색질삭감	false	false
染色體혹	염색체혹	false	false
柔術	유술	false	false
柔術옷	유술옷	false	false
柔軟加工細胞	유연가공세포	false	false
柔軟加工體系	유연가공체계	false	false
柔軟生産區域	유연생산구역	false	false
柔軟自動加工細胞	유연자동가공세포	false	false
柔軟自動加工體系	유연자동가공체계	false	false
柔軟自動生産區域	유연자동생산구역	false	false
柔軟自動生産體系	유연자동생산체계	false	false
柔軟하다	유연하다	false	false
柔順하다	유순하다	false	false
柔順히	유순히	false	false
柔하다	유하다	false	false
柞蠶織	작잠직	false	false
柩幄	구악	false	false
柱上	주상	false	false
柱宗梁	주종량	false	false
柳	류	false	false
柳京	류경	false	false
柳仙花	류선화	false	false
柳商	류상	false	false
柳器	류기	false	false
柳器匠	류기장	false	false
柳幕	류막	false	false
柳星	류성	false	false
柳炭	류탄	false	false
柳眉桃顔	류미도안	false	false
柳絮	류서	false	false
柳絲	류사	false	false
柳綠	류록	false	false
柳綠帳	류록장	false	false
柳綠色	류록색	false	false
柳綠花紅	류록화홍	false	false
柳花	류화	false	false
柳葉甲	류엽갑	false	false
柳葉箭	류엽전	false	false
柳蠶	류잠	false	false
柳蠹蟲	류두충	false	false
柳車	류거	false	false
柳靑羅	류청라	false	false
柹茶食	시다식	false	false
査結	사결	false	false
栗卵	률란	false	false
栗園	률원	false	false
栗團餈	률단자	false	false
栗子	률자	false	false
栗子痔	률자치	false	false
栗子粥	률자죽	false	false
栗房	률방	false	false
栗木	률목	false	false
栗石	률석	false	false
栗糖	률당	false	false
栗色馬	률색마	false	false
校務行政事業	교무행정사업	false	false
校種	교종	false	false
株券市場	주권시장	false	false
核共振磁力計	핵공진자력계	false	false
核分割	핵분할	false	false
核分裂	핵분렬	false	false
核動力工學	핵동력공학	false	false
核合體	핵합체	false	false
核地球物理探査	핵지구물리탐사	false	false
核地質學	핵지질학	false	false
核彈藥	핵탄약	false	false
核模樣體	핵모양체	false	false
核橋頭堡	핵교두보	false	false
核濃縮	핵농축	false	false
核火藥庫	핵화약고	false	false
核狂症	핵광증	false	false
核球	핵구	false	false
核砲	핵포	false	false
核破裂	핵파렬	false	false
核禿수리	핵독수리	false	false
核粒子	핵립자	false	false
核荷電	핵하전	false	false
核荷電數	핵하전수	false	false
核遺傳學	핵유전학	false	false
核防波堤	핵방파제	false	false
核除去	핵제거	false	false
核電荷數	핵전하수	false	false
核바다	핵바다	false	false
核실	핵실	false	false
核의電氣效果	핵빛전기효과	false	false
核힘	핵힘	false	false
根外追肥	근외추비	false	false
根源鑛床	근원광상	false	false
格子便宜電壓	격자편의전압	false	false
格子織	격자직	false	false
格子電流	격자전류	false	false
格差金	격차금	false	false
格式바르다	격식바르다	false	false
格諫	격간	false	false
栽培學的分類	재배학적분류	false	false
栽培學的要因	재배학적요인	false	false
栽培技術工程	재배기술공정	false	false
栽培田	재배전	false	false
栽培먹이	재배먹이	false	false
桂冠人	계관인	false	false
桂冠作品	계관작품	false	false
桂冠賞	계관상	false	false
桂枝	계지	false	false
桂花靑衫	계화청삼	false	false
桂薑엿	계강엿	false	false
桃茢	도렬	false	false
案內	안내	false	false
案內臺	안내대	false	false
案內裝置	안내장치	false	false
案內車	안내차	false	false
案內띠	안내띠	false	false
案內하다	안내하다	false	false
案行	안행	false	false
案行하다	안행하다	false	false
案道	안도	false	false
案道하다	안도하다	false	false
案點	안점	false	false
桑掃法	상소법	false	false
桶車	통차	false	false
桶메장수	통메장수	false	false
桶쟁이	통쟁이	false	false
桶졸임	통졸임	false	false
梁	량	false	false
梁上	량상	false	false
梁上君子	량상군자	false	false
梁上塗灰	량상도회	false	false
梁丘	량구	false	false
梁冠	량관	false	false
梁宮	량궁	false	false
梁矢	량시	false	false
梅花地衣	매화지의	false	false
梅花기와地衣	매화기와지의	false	false
梅花노루발풀	매화노루발풀	false	false
梅花닭	매화닭	false	false
梓工	재공	false	false
梗槪文	경개문	false	false
條件副文	조건부문	false	false
條件撮影	조건촬영	false	false
條件狀況語	조건상황어	false	false
條里木	조리목	false	false
條革	조혁	false	false
梟目	효목	false	false
梧陰	오음	false	false
梨園	리원	false	false
梨子	리자	false	false
梨子酒	리자주	false	false
梨木	리목	false	false
梨棚膏	리붕고	false	false
梨熟	리숙	false	false
梨皮泥	리피니	false	false
梨皮紋	리피문	false	false
梨花	리화	false	false
梨花槍	리화창	false	false
梨花酒	리화주	false	false
梨菁飮	리청음	false	false
梨薑膏	리강고	false	false
梨雪	리설	false	false
梨雲	리운	false	false
梯形石器	제형석기	false	false
梯形동발	제형동발	false	false
梳櫛	소즐	false	false
梳毛紡績機	소모방적기	false	false
梳毛실	소모실	false	false
梳麻機	소마기	false	false
梵家	범가	false	false
棉莖皮	면경피	false	false
棋板	기판	false	false
棍棒石灰鞭毛蟲	곤봉석회편모충	false	false
棍棒運動	곤봉운동	false	false
棍棒긴꼬리애기벌	곤봉긴꼬리애기벌	false	false
棍棒새털진드기	곤봉새털진드기	false	false
棍棒엿벌	곤봉엿벌	false	false
棍棒우릉성이	곤봉우릉성이	false	false
棒눕히기	봉눕히기	false	false
棗栗	조률	false	false
棗栗米飮	조률미음	false	false
棧徑	잔경	false	false
棧牀	잔상	false	false
森林사슴地衣	삼림사슴지의	false	false
棲巢	서소	false	false
棺싸개	관싸개	false	false
椄方法	접방법	false	false
椄施術	접시술	false	false
椄가지나무	접가지나무	false	false
椄끈	접끈	false	false
椄모	접모	false	false
椄모기르기	접모기르기	false	false
椄살이率	접살이률	false	false
植樹月間	식수월간	false	false
植樹節	식수절	false	false
植樹護岸	식수호안	false	false
植毛加工	식모가공	false	false
植毛織物	식모직물	false	false
植民地利潤	식민지리윤	false	false
植民地雇傭軍隊	식민지고용군대	false	false
植物保護學	식물보호학	false	false
植物免疫	식물면역	false	false
植物回轉機	식물회전기	false	false
植物季節圖	식물계절도	false	false
植物展覽區	식물전람구	false	false
植物性사람	식물성사람	false	false
植物成長刺戟劑	식물성장자극제	false	false
植物液汁製劑	식물액즙제제	false	false
植物營養	식물영양	false	false
植物生長刺戟劑	식물생장자극제	false	false
植物神經反射	식물신경반사	false	false
植物神經失調症	식물신경실조증	false	false
植物被覆圖	식물피복도	false	false
植物體溫	식물체온	false	false
植物덮임	식물덮임	false	false
植物덮임圖	식물덮임도	false	false
植物돌리개	식물돌리개	false	false
植被圖	식피도	false	false
椎埋	추매	false	false
椎埋하다	추매하다	false	false
椎骨間關節	추골간관절	false	false
椎던지기	추던지기	false	false
椒實	초실	false	false
椰瓢	야표	false	false
椳대	외대	false	false
椽木감	연목감	false	false
楊口椄	양구접	false	false
楊柳樹	양류수	false	false
楊梅毒	양매독	false	false
楊間	양간	false	false
楔狀骨洞	설상골동	false	false
楕率	타률	false	false
楚漢	초한	false	false
楝葉包	련엽포	false	false
楝葉菜	련엽채	false	false
業績學位	업적학위	false	false
業間勞動	업간로동	false	false
楯桷天井	순각천정	false	false
楯鼻	순비	false	false
極光띠	극광띠	false	false
極凍機	극동기	false	false
極力竭盡	극력갈진	false	false
極印	극인	false	false
極地凍土帶	극지동토대	false	false
極地낮	극지낮	false	false
極地밤	극지밤	false	false
極大抑制分析法	극대억제분석법	false	false
極大波	극대파	false	false
極大電流	극대전류	false	false
極大값	극대값	false	false
極小型處理素子	극소형처리소자	false	false
極小型電子計算機	극소형전자계산기	false	false
極小現象	극소현상	false	false
極小값	극소값	false	false
極左分子	극좌분자	false	false
極律不道	극률부도	false	false
極性法則	극성법칙	false	false
極性表示回路	극성표시회로	false	false
極東해파리	극동해파리	false	false
極超短波電子管	극초단파전자관	false	false
極部通風機	극부통풍기	false	false
極重極愛	극중극애	false	false
極限狀態法	극한상태법	false	false
極高度	극고도	false	false
極값操縱	극값조종	false	false
極높이	극높이	false	false
極바람	극바람	false	false
極올種	극올종	false	false
楸枰	추평	false	false
榛子糖	진자탕	false	false
榛栗	진률	false	false
榛莽	진망	false	false
榜군	방군	false	false
榮光燦爛하다	영광찬란하다	false	false
榮光郡	영광군	false	false
榮光차다	영광차다	false	false
榮譽戰傷者	영예전상자	false	false
榮譽揭示板	영예게시판	false	false
榮譽板	영예판	false	false
榮譽軍人	영예군인	false	false
榮譽軍人戰傷者	영예군인전상자	false	false
榴彈	류탄	false	false
榴散彈	류산탄	false	false
榴月	류월	false	false
榴花	류화	false	false
構內交換連絡線	구내교환련락선	false	false
構內無線通信	구내무선통신	false	false
構內線	구내선	false	false
構內鐵길	구내철길	false	false
構內길	구내길	false	false
構內옆線	구내옆선	false	false
構圖鏡	구도경	false	false
構成水	구성수	false	false
構成論	구성론	false	false
構造准位	구조준위	false	false
構造圖	구조도	false	false
構造圖式	구조도식	false	false
構造巖投影圖	구조암투영도	false	false
構造性土壤	구조성토양	false	false
構造接觸	구조접촉	false	false
構造湖岸	구조호안	false	false
構造湖水	구조호수	false	false
構造異性現象	구조이성현상	false	false
構造礫巖	구조력암	false	false
構造網	구조망	false	false
構造薄片	구조박편	false	false
構造裝飾	구조장식	false	false
構造角礫巖	구조각력암	false	false
構造解決	구조해결	false	false
構造變形	구조변형	false	false
構造鐵筋	구조철근	false	false
構造龜裂	구조균렬	false	false
構造골	구조골	false	false
構造골짜기	구조골짜기	false	false
槍	창	false	false
槍形吸蟲病	창형흡충병	false	false
槪略數詞	개략수사	false	false
槪觀地圖	개관지도	false	false
槽船	조선	false	false
槽車	조차	false	false
樂	락	false	false
樂事	락사	false	false
樂園	락원	false	false
樂土	락토	false	false
樂地	락지	false	false
樂境	락경	false	false
樂天	락천	false	false
樂天主義	락천주의	false	false
樂天家	락천가	false	false
樂天的	락천적	false	false
樂家	악가	false	false
樂從	락종	false	false
樂從하다	락종하다	false	false
樂業	락업	false	false
樂業하다	락업하다	false	false
樂歲	락세	false	false
樂浪檀弓	락랑단궁	false	false
樂浪郡	락랑군	false	false
樂莫樂	락막락	false	false
樂觀	락관	false	false
樂觀主義	락관주의	false	false
樂觀論	락관론	false	false
樂觀하다	락관하다	false	false
樂譜臺	악보대	false	false
樂譜表	악보표	false	false
樓上	루상	false	false
樓上庫	루상고	false	false
樓下	루하	false	false
樓主	루주	false	false
樓亭	루정	false	false
樓堂	루당	false	false
樓臺	루대	false	false
樓船	루선	false	false
樓閣	루각	false	false
樓頭	루두	false	false
樓館	루관	false	false
樓다락	루다락	false	false
樓마루	루마루	false	false
樓집	루집	false	false
標印정	표인정	false	false
標本蟲	표본충	false	false
標準定量	표준정량	false	false
標準工場	표준공장	false	false
標準抵抗線輪	표준저항선륜	false	false
標準操作法	표준조작법	false	false
標準法	표준법	false	false
標準系列法	표준계렬법	false	false
標準試寫室	표준시사실	false	false
標準誘導度	표준유도도	false	false
標準誘導線輪	표준유도선륜	false	false
標準鐵길	표준철길	false	false
標準飼養	표준사양	false	false
標準바다물	표준바다물	false	false
標準젖	표준젖	false	false
標準채	표준채	false	false
標的物質	표적물질	false	false
標識	표식	false	false
標識化合物	표식화합물	false	false
標識原子	표식원자	false	false
標識原子法	표식원자법	false	false
標識放流	표식방류	false	false
標識旗	표식기	false	false
標識板	표식판	false	false
標識柱	표식주	false	false
標識碑	표식비	false	false
標識色	표식색	false	false
標識表	표식표	false	false
標識遺傳子	표식유전자	false	false
標識點	표식점	false	false
標識고리	표식고리	false	false
標識되다	표식되다	false	false
標識정	표식정	false	false
標識하다	표식하다	false	false
標迹器	표적기	false	false
標頂點	표정점	false	false
標말뚝	표말뚝	false	false
標장	표장	false	false
樞管	추관	false	false
模倣旋律	모방선률	false	false
模倣聲部	모방성부	false	false
模倣裝置	모방장치	false	false
模型化理論	모형화리론	false	false
模型化體系	모형화체계	false	false
模型航空競技	모형항공경기	false	false
模型艦船競技	모형함선경기	false	false
模寫式	모사식	false	false
模寫旋盤	모사선반	false	false
模寫機械	모사기계	false	false
模寫自動盤	모사자동반	false	false
模寫裝置	모사장치	false	false
模擬	모의	false	false
模擬化	모의화	false	false
模擬彈알	모의탄알	false	false
模擬爆彈	모의폭탄	false	false
模擬發聲法	모의발성법	false	false
模擬線路	모의선로	false	false
模擬裝置	모의장치	false	false
模擬音聲	모의음성	false	false
模樣加工旋盤	모양가공선반	false	false
模樣글字	모양글자	false	false
模樣깎기盤	모양깎기반	false	false
模樣다른꽃	모양다른꽃	false	false
模樣다른잎	모양다른잎	false	false
模樣닮기	모양닮기	false	false
模樣본딴말	모양본딴말	false	false
模樣세로自動旋盤	모양세로자동선반	false	false
模樣쇠칼	모양쇠칼	false	false
模樣쟁이	모양쟁이	false	false
模欽	모흠	false	false
模範分團運動	모범분단운동	false	false
模範敎育郡	모범교육군	false	false
模範機臺創造運動	모범기대창조운동	false	false
模範畜産郡	모범축산군	false	false
模範競技	모범경기	false	false
模範衛生郡	모범위생군	false	false
模範體育郡	모범체육군	false	false
樣態	양태	false	false
樣態副文	양태부문	false	false
樣態語	양태어	false	false
樣相副文	양상부문	false	false
樣相語	양상어	false	false
樵夫타령	초부타령	false	false
樵童군	초동군	false	false
樹冠接觸度	수관접촉도	false	false
樹幹	수간	false	false
樹枝狀河系	수지상하계	false	false
樹脂印刷版	수지인쇄판	false	false
樹脂彫刻	수지조각	false	false
樹脂版畫	수지판화	false	false
樹脂鉛筆	수지연필	false	false
樹脂띄우개	수지띄우개	false	false
樹脂창	수지창	false	false
樺成義塾	화성의숙	false	false
橄欖色梅花地衣	감람색매화지의	false	false
橄欖나무깍지벌레	감람나무깍지벌레	false	false
橄欖나무좀벌레	감람나무좀벌레	false	false
橋梁式起重機	교량식기중기	false	false
橘化爲枳	귤화위기	false	false
橘沙糖	귤사탕	false	false
橘香풀	귤향풀	false	false
橘나무가루깍지벌레	귤나무가루깍지벌레	false	false
橘단지말	귤단지말	false	false
橘동방랍질깍지벌레	귤동방랍질깍지벌레	false	false
橘랍질깍지벌레	귤랍질깍지벌레	false	false
橘빛굴통밤나비	귤빛굴통밤나비	false	false
橘빛숫돌나비	귤빛숫돌나비	false	false
橘솜털깍지벌레	귤솜털깍지벌레	false	false
橘애기멸구	귤애기멸구	false	false
橘진디물	귤진디물	false	false
橘혹病	귤혹병	false	false
橙栗色	등률색	false	false
機內通話器	기내통화기	false	false
機動圖板	기동도판	false	false
機動宣傳隊	기동선전대	false	false
機動度	기동도	false	false
機動機材	기동기재	false	false
機動煽動隊	기동선동대	false	false
機動術	기동술	false	false
機動防疫隊	기동방역대	false	false
機動飛行場	기동비행장	false	false
機密	기밀	false	false
機密文件	기밀문건	false	false
機會均等	기회균등	false	false
機械伐木톱	기계벌목톱	false	false
機械勞動	기계로동	false	false
機械化作業班	기계화작업반	false	false
機械化圃田	기계화포전	false	false
機械化班	기계화반	false	false
機械圖案	기계도안	false	false
機械塗裝	기계도장	false	false
機械大學	기계대학	false	false
機械工兵	기계공병	false	false
機械式分給機	기계식분급기	false	false
機械式制動機	기계식제동기	false	false
機械式帶域擴散	기계식대역확산	false	false
機械式指壓計	기계식지압계	false	false
機械式捲揚機	기계식권양기	false	false
機械式濾波機	기계식려파기	false	false
機械式選別機	기계식선별기	false	false
機械式選擇器	기계식선택기	false	false
機械式錄音器	기계식록음기	false	false
機械式망치	기계식망치	false	false
機械方向語	기계방향어	false	false
機械時間	기계시간	false	false
機械檢査	기계검사	false	false
機械的效率	기계적효률	false	false
機械的選別機	기계적선별기	false	false
機械空氣式報償變換器	기계공기식보상변환기	false	false
機械端艇	기계단정	false	false
機械節	기계절	false	false
機械粉	기계분	false	false
機械組立系統圖	기계조립계통도	false	false
機械群團	기계군단	false	false
機械職場	기계직장	false	false
機械製作學	기계제작학	false	false
機械製作工業	기계제작공업	false	false
機械週期線圖	기계주기선도	false	false
機械기름藥	기계기름약	false	false
機械김	기계김	false	false
機械다리	기계다리	false	false
機械대패	기계대패	false	false
機械물網	기계물망	false	false
機械물빼기	기계물빼기	false	false
機械바느질	기계바느질	false	false
機械삽	기계삽	false	false
機械새끼치기運動	기계새끼치기운동	false	false
機械손骨格系統	기계손골격계통	false	false
機械송곳	기계송곳	false	false
機械접이	기계접이	false	false
機械좀	기계좀	false	false
機械짐배	기계짐배	false	false
機械채	기계채	false	false
機種飛行隊	기종비행대	false	false
機織學	기직학	false	false
機能圖式	기능도식	false	false
機能文體	기능문체	false	false
機能文體論	기능문체론	false	false
機能的運動單位	기능적운동단위	false	false
機能轉移	기능전이	false	false
機能遂行構造	기능수행구조	false	false
機能누르개	기능누르개	false	false
機臺	기대	false	false
機臺工	기대공	false	false
機臺짐곁數	기대짐곁수	false	false
機要	기요	false	false
機要員	기요원	false	false
機貨船	기화선	false	false
機資材供給	기자재공급	false	false
機資材妖術	기자재요술	false	false
機通	기통	false	false
機通手	기통수	false	false
機關冷却	기관랭각	false	false
機關區	기관구	false	false
機關反轉	기관반전	false	false
機關員	기관원	false	false
機關均衡잡이	기관균형잡이	false	false
機關室	기관실	false	false
機關室天窓	기관실천창	false	false
機關式鑿巖機	기관식착암기	false	false
機關房	기관방	false	false
機關有效出力	기관유효출력	false	false
機關本位	기관본위	false	false
機關熱平衡	기관열평형	false	false
機關牧師	기관목사	false	false
機關短銃手	기관단총수	false	false
機關網	기관망	false	false
機關販賣	기관판매	false	false
機關車乘務制	기관차승무제	false	false
機關車回歸	기관차회귀	false	false
機關車隊	기관차대	false	false
機關車끌힘	기관차끌힘	false	false
機關部	기관부	false	false
機關鑿巖機	기관착암기	false	false
機關물집	기관물집	false	false
機雷垂直幕	기뢰수직막	false	false
機雷무리	기뢰무리	false	false
橫中聲	횡중성	false	false
橫冊	횡책	false	false
橫動對位法	횡동대위법	false	false
橫木	횡목	false	false
橫流	횡류	false	false
橫流하다	횡류하다	false	false
橫溝式石槨	횡구식석곽	false	false
橫溢	횡일	false	false
橫溢流堰	횡일류언	false	false
橫溢하다	횡일하다	false	false
橫畫	횡획	false	false
橫的從屬機關	횡적종속기관	false	false
橫看	횡간	false	false
橫看하다	횡간하다	false	false
橫線裂開	횡선렬개	false	false
橫罹	횡리	false	false
橫罹하다	횡리하다	false	false
橫進臺	횡진대	false	false
橫領군	횡령군	false	false
橵子壁	산자벽	false	false
橵子감	산자감	false	false
檜倉郡	회창군	false	false
檢刷	검쇄	false	false
檢刷하다	검쇄하다	false	false
檢定區	검정구	false	false
檢定섞붙임	검정섞붙임	false	false
檢察	검찰	false	false
檢察所	검찰소	false	false
檢察監視	검찰감시	false	false
檢察되다	검찰되다	false	false
檢察하다	검찰하다	false	false
檢尺工	검척공	false	false
檢札	검찰	false	false
檢札稅	검찰세	false	false
檢札하다	검찰하다	false	false
檢査印	검사인	false	false
檢査圖章	검사도장	false	false
檢査工	검사공	false	false
檢査燈	검사등	false	false
檢査環	검사환	false	false
檢査篩別	검사사별	false	false
檢査自動盤	검사자동반	false	false
檢査記號	검사기호	false	false
檢査鏡	검사경	false	false
檢査體系	검사체계	false	false
檢査가르기	검사가르기	false	false
檢査마치	검사마치	false	false
檢査받기	검사받기	false	false
檢査배	검사배	false	false
檢査벌筒	검사벌통	false	false
檢査채질	검사채질	false	false
檢査채질하다	검사채질하다	false	false
檢校	검교	false	false
檢校하다	검교하다	false	false
檢測塔	검측탑	false	false
檢漏計	검루계	false	false
檢炭員	검탄원	false	false
檢疫우리	검역우리	false	false
檢聽	검청	false	false
檢聽器	검청기	false	false
檢診車	검진차	false	false
檢證性原理	검증성원리	false	false
檢車工	검차공	false	false
檢車마치	검차마치	false	false
檢閱分析	검열분석	false	false
檢閱射擊	검열사격	false	false
檢閱氣壓計	검열기압계	false	false
檢閱組	검열조	false	false
檢閱解答書	검열해답서	false	false
檢閱隊	검열대	false	false
檢閱飛行	검열비행	false	false
檢髮	검발	false	false
檢髮하다	검발하다	false	false
櫃짝살림	궤짝살림	false	false
櫓걸개	노걸개	false	false
櫓대	노대	false	false
櫓배기	노배기	false	false
櫓배기櫓	노배기노	false	false
櫓젖	노젖	false	false
櫛板해파리	즐판해파리	false	false
櫟木	력목	false	false
櫟樹皮	력수피	false	false
櫨木櫃	로목궤	false	false
櫪中	력중	false	false
欄內	란내	false	false
欄外	란외	false	false
欄外註	란외주	false	false
欄干	란간	false	false
欄干親柱	란간친주	false	false
欄干마루	란간마루	false	false
欄干이마	란간이마	false	false
欄檻	란함	false	false
欌籠	장농	false	false
欞子窓	령자창	false	false
次例射擊	차례사격	false	false
次例數詞	차례수사	false	false
次例走査	차례주사	false	false
次例곱	차례곱	false	false
次例돌림	차례돌림	false	false
次例무이	차례무이	false	false
次元數	차원수	false	false
次帥	차수	false	false
次生地震	차생지진	false	false
次第	차제	false	false
次要方向	차요방향	false	false
次要視	차요시	false	false
次要視되다	차요시되다	false	false
次要視하다	차요시하다	false	false
次要하다	차요하다	false	false
次食餠	차식병	false	false
欺瞞宣傳	기만선전	false	false
欺瞞戰術	기만전술	false	false
欽慕線	흠모선	false	false
歌優	가우	false	false
歌劇文學	가극문학	false	false
歌劇物	가극물	false	false
歌劇舞踊	가극무용	false	false
歌劇革命	가극혁명	false	false
歌唱示威	가창시위	false	false
歌唱行進	가창행진	false	false
歌唱隊	가창대	false	false
歌手聲音	가수성음	false	false
歌舞竝唱	가무병창	false	false
歌舞隊	가무대	false	false
歌舞놀이	가무놀이	false	false
歌舞이야기	가무이야기	false	false
歌舞토막劇	가무토막극	false	false
歌話	가화	false	false
歌謠組曲	가요조곡	false	false
歌豪	가호	false	false
歌道	가도	false	false
歐羅巴共同體	구라파공동체	false	false
歐羅巴帶人種	구라파대인종	false	false
歐羅巴文書體	구라파문서체	false	false
歐羅巴文活字	구라파문활자	false	false
歐羅巴經濟共同體	구라파경제공동체	false	false
歐羅巴가문비나무	구라파가문비나무	false	false
歐羅巴좀모기	구라파좀모기	false	false
歐羅巴털보좀진드기	구라파털보좀진드기	false	false
止水形	지수형	false	false
止水機	지수기	false	false
止流	지류	false	false
止流하다	지류하다	false	false
正住距圓筒投影法	정주거원통투영법	false	false
正住距方位投影法	정주거방위투영법	false	false
正住距球面投影法	정주거구면투영법	false	false
正入	정입	false	false
正則變化	정칙변화	false	false
正午線	정오선	false	false
正原子價	정원자가	false	false
正反比例	정반비례	false	false
正反結合	정반결합	false	false
正味蛋白質利用率	정미단백질리용률	false	false
正壓大氣	정압대기	false	false
正始	정시	false	false
正始하다	정시하다	false	false
正常	정상	false	false
正常色素性貧血	정상색소성빈혈	false	false
正常重力마당	정상중력마당	false	false
正常스럽다	정상스럽다	false	false
正式軍隊	정식군대	false	false
正形壓延	정형압연	false	false
正律	정률	false	false
正房	정방	false	false
正方	정방	false	false
正方型鋼	정방형강	false	false
正方形播種法	정방형파종법	false	false
正方形點播種法	정방형점파종법	false	false
正方菜	정방채	false	false
正木널	정목널	false	false
正格出口電壓	정격출구전압	false	false
正條機	정조기	false	false
正梯形	정제형	false	false
正步隊列	정보대렬	false	false
正浮選	정부선	false	false
正直味	정직미	false	false
正磁性體	정자성체	false	false
正節	정절	false	false
正羽	정우	false	false
正視	정시	false	false
正視하다	정시하다	false	false
正角球狀投影法	정각구상투영법	false	false
正角球面投影法	정각구면투영법	false	false
正負對照表	정부대조표	false	false
正速驅動機構	정속구동기구	false	false
正面때리기	정면때리기	false	false
正面쳐넣기	정면쳐넣기	false	false
正鵠	정곡	false	false
正鵠하다	정곡하다	false	false
正말	정말	false	false
正밤	정밤	false	false
正밤中	정밤중	false	false
正새바람	정새바람	false	false
此달彼달	차달피달	false	false
步兵壕	보병호	false	false
步哨所	보초소	false	false
步哨長	보초장	false	false
步哨隊	보초대	false	false
步戰	보전	false	false
步砲	보포	false	false
步砲協同	보포협동	false	false
步行客主집	보행객주집	false	false
步行橋	보행교	false	false
步行窟	보행굴	false	false
步銃射擊競技	보총사격경기	false	false
步銃彈	보총탄	false	false
步銃手	보총수	false	false
步銃托	보총탁	false	false
武列	무렬	false	false
武力建設	무력건설	false	false
武器分解結合競技	무기분해결합경기	false	false
武器口徑	무기구경	false	false
武器構造學	무기구조학	false	false
武器萬能論	무기만능론	false	false
武官退物	무관퇴물	false	false
武寧王陵	무녕왕릉	false	false
武斷惡法	무단악법	false	false
武治	무치	false	false
武烈	무렬	false	false
武裝宣傳隊	무장선전대	false	false
武裝춤	무장춤	false	false
歪調	외조	false	false
歲久年深	세구년심	false	false
歲新	세신	false	false
歷世	력세	false	false
歷事	력사	false	false
歷代	력대	false	false
歷代的	력대적	false	false
歷任	력임	false	false
歷任하다	력임하다	false	false
歷來	력래	false	false
歷史	력사	false	false
歷史主義	력사주의	false	false
歷史主題	력사주제	false	false
歷史冊	력사책	false	false
歷史劇	력사극	false	false
歷史博物館	력사박물관	false	false
歷史國	력사국	false	false
歷史地圖	력사지도	false	false
歷史地理學	력사지리학	false	false
歷史學	력사학	false	false
歷史家	력사가	false	false
歷史小說	력사소설	false	false
歷史循環論	력사순환론	false	false
歷史性	력사성	false	false
歷史文法	력사문법	false	false
歷史物	력사물	false	false
歷史畫	력사화	false	false
歷史的	력사적	false	false
歷史的唯物論	력사적유물론	false	false
歷史的인것	력사적인것	false	false
歷史神學	력사신학	false	false
歷史科學	력사과학	false	false
歷史舞臺	력사무대	false	false
歷史觀	력사관	false	false
歷史言語學	력사언어학	false	false
歷史語	력사어	false	false
歷史語彙論	력사어휘론	false	false
歷史說話	력사설화	false	false
歷巡	력순	false	false
歷年	력년	false	false
歷敭	력양	false	false
歷敭하다	력양하다	false	false
歷數	력수	false	false
歷數하다	력수하다	false	false
歷朝	력조	false	false
歷歷하다	력력하다	false	false
歷歷히	력력히	false	false
歷然하다	력연하다	false	false
歷然히	력연히	false	false
歷程	력정	false	false
歷節風	력절풍	false	false
歷臨	력림	false	false
歷臨하다	력림하다	false	false
歷蠹	력두	false	false
歷訪	력방	false	false
歷訪하다	력방하다	false	false
歷路	력로	false	false
歷辭	력사	false	false
歷辭하다	력사하다	false	false
歷遊	력유	false	false
歸一關係	귀일관계	false	false
歸年	귀년	false	false
歸港階段	귀항계단	false	false
歸留	귀류	false	false
歸線消去信號	귀선소거신호	false	false
歸茸元	귀용원	false	false
歸謬法	귀유법	false	false
歸還結合곁數	귀환결합곁수	false	false
歸還點	귀환점	false	false
死亡者認證	사망자인증	false	false
死亡診斷	사망진단	false	false
死因討論會	사인토론회	false	false
死地판	사지판	false	false
死市	사시	false	false
死文徒禮	사문도례	false	false
死水	사수	false	false
殊異傳體文學	수이전체문학	false	false
殊賞	수상	false	false
殘夢	잔몽	false	false
殘尺	잔척	false	false
殘廢	잔폐	false	false
殘廢되다	잔폐되다	false	false
殘廢하다	잔폐하다	false	false
殘根	잔근	false	false
殘留山	잔류산	false	false
殘破	잔파	false	false
殘破하다	잔파하다	false	false
殘脈	잔맥	false	false
殘菜	잔채	false	false
殘霞	잔하	false	false
殘餘分子	잔여분자	false	false
殘餘物	잔여물	false	false
殮	렴	false	false
殮具	렴구	false	false
殮匠	렴장	false	false
殮布	렴포	false	false
殮布국	렴포국	false	false
殮殯	렴빈	false	false
殮葬	렴장	false	false
殮葬하다	렴장하다	false	false
殮襲	렴습	false	false
殮襲하다	렴습하다	false	false
殮쟁이	렴쟁이	false	false
殮하다	렴하다	false	false
殲滅戰	섬멸전	false	false
殳	수	false	false
段式	단식	false	false
段水面	단수면	false	false
段落線	단락선	false	false
殺人從犯	살인종범	false	false
殺戮慾	살륙욕	false	false
殺戮的	살륙적	false	false
殺母蛇눈	살모사눈	false	false
殺氣스럽다	살기스럽다	false	false
殺氣판	살기판	false	false
殺牛宰馬	살우재마	false	false
殺草劑中毒	살초제중독	false	false
殿內군	전내군	false	false
殿牌變作	전패변작	false	false
殿臺	전대	false	false
毅烈하다	의렬하다	false	false
母子線	모자선	false	false
母子車	모자차	false	false
母子칸	모자칸	false	false
母家長的氏族	모가장적씨족	false	false
母性勞動者	모성로동자	false	false
母權社會	모권사회	false	false
母血	모혈	false	false
母血注射	모혈주사	false	false
母車	모차	false	false
母音빠지기	모음빠지기	false	false
母音줄이기	모음줄이기	false	false
母體基地	모체기지	false	false
母體食堂	모체식당	false	false
毒動物	독동물	false	false
毒富者	독부자	false	false
毒感氣	독감기	false	false
毒植物	독식물	false	false
毒煙筒	독연통	false	false
毒煞지다	독살지다	false	false
毒驗	독험	false	false
毒골뱅이	독골뱅이	false	false
毒구렝이	독구렝이	false	false
毒나무좀	독나무좀	false	false
毒나비寄生애기벌	독나비기생애기벌	false	false
毒나비뜀벌	독나비뜀벌	false	false
毒느타리버섯	독느타리버섯	false	false
毒막이	독막이	false	false
毒막이眼鏡	독막이안경	false	false
毒막이덧옷	독막이덧옷	false	false
毒막이옷	독막이옷	false	false
毒미끼	독미끼	false	false
毒뿌리풀	독뿌리풀	false	false
毒스럽다	독스럽다	false	false
毒스레	독스레	false	false
毒이	독이	false	false
毒이발	독이발	false	false
毒풀中毒	독풀중독	false	false
毒풀이藥	독풀이약	false	false
比例代議制	비례대의제	false	false
比例나누기	비례나누기	false	false
比例셈管	비례셈관	false	false
比前	비전	false	false
比前하다	비전하다	false	false
比動現象	비동현상	false	false
比喩格	비유격	false	false
比壓力	비압력	false	false
比朧分析	비롱분석	false	false
比比하다	비비하다	false	false
比牽引力	비견인력	false	false
比率	비률	false	false
比率操縱體系	비률조종체계	false	false
比磁化率	비자화률	false	false
比磁氣感受率	비자기감수률	false	false
比縮尺地圖	비축척지도	false	false
比縮尺符號	비축척부호	false	false
比處理能力	비처리능력	false	false
比較	비교	false	false
比較對照文法	비교대조문법	false	false
比較文藝學	비교문예학	false	false
比較方式相似數字變換機	비교방식상사수자변환기	false	false
比較歷史文法	비교력사문법	false	false
比較歷史言語學	비교력사언어학	false	false
比較部門	비교부문	false	false
比較길이재개	비교길이재개	false	false
比較씨름	비교씨름	false	false
比較의等級	비교의등급	false	false
比녹음熱	비녹음열	false	false
毘陀寺院	비타사원	false	false
毛叢	모총	false	false
毛地網	모지망	false	false
毛褥	모욕	false	false
毛髓層	모수층	false	false
毛달리	모달리	false	false
毛달리천	모달리천	false	false
毛실	모실	false	false
毯요때기	담요때기	false	false
氁子	모자	false	false
氏族語	씨족어	false	false
民主主義中央集權制	민주주의중앙집권제	false	false
民主主義敎育制度	민주주의교육제도	false	false
民主主義革命	민주주의혁명	false	false
民主基地	민주기지	false	false
民主宣傳室	민주선전실	false	false
民主祖國	민주조국	false	false
民主首都	민주수도	false	false
民事去來行爲	민사거래행위	false	false
民俗說話	민속설화	false	false
民俗춤動作	민속춤동작	false	false
民俗춤가락	민속춤가락	false	false
民族俱樂部	민족구락부	false	false
民族分割政策	민족분할정책	false	false
民族分裂政策	민족분렬정책	false	false
民族名人	민족명인	false	false
民族器樂竝唱	민족기악병창	false	false
民族器樂重奏	민족기악중주	false	false
民族大統一戰線	민족대통일전선	false	false
民族巧藝	민족교예	false	false
民族平等權	민족평등권	false	false
民族文學藝術	민족문학예술	false	false
民族木管樂器	민족목관악기	false	false
民族的不平等	민족적불평등	false	false
民族競技	민족경기	false	false
民族管絃樂	민족관현악	false	false
民族絃樂合奏	민족현악합주	false	false
民族絃樂器	민족현악기	false	false
民族統一戰線	민족통일전선	false	false
民族萬代	민족만대	false	false
民族解放民主主義革命	민족해방민주주의혁명	false	false
民族離間政策	민족리간정책	false	false
民用薄明	민용박명	false	false
民管	민관	false	false
民藝小品	민예소품	false	false
民衆國	민중국	false	false
民衆舞踊	민중무용	false	false
民謠對唱	민요대창	false	false
民謠組曲	민요조곡	false	false
民間劇	민간극	false	false
民間娛樂	민간오락	false	false
民間巧藝	민간교예	false	false
民間文學	민간문학	false	false
民間武力	민간무력	false	false
民間治療法	민간치료법	false	false
民間畫	민간화	false	false
民間私資本	민간사자본	false	false
民間美術	민간미술	false	false
民間舞踊	민간무용	false	false
民間薄明	민간박명	false	false
民間藝術	민간예술	false	false
民魚굴	민어굴	false	false
氣候保障期間	기후보장기간	false	false
氣候學的前線	기후학적전선	false	false
氣候改良	기후개량	false	false
氣候改造	기후개조	false	false
氣候治療	기후치료	false	false
氣候療養地	기후료양지	false	false
氣候療養所	기후료양소	false	false
氣候積算溫度	기후적산온도	false	false
氣候豫測	기후예측	false	false
氣候견딜性	기후견딜성	false	false
氣勝차다	기승차다	false	false
氣勝치다	기승치다	false	false
氣勢차다	기세차다	false	false
氣化光學	기화광학	false	false
氣團雷雨	기단뢰우	false	false
氣團안개	기단안개	false	false
氣壓治療	기압치료	false	false
氣壓登	기압등	false	false
氣壓系統	기압계통	false	false
氣壓마당	기압마당	false	false
氣孔	기공	false	false
氣層傾度	기층경도	false	false
氣怯스럽다	기겁스럽다	false	false
氣怯스레	기겁스레	false	false
氣怯초風	기겁초풍	false	false
氣怯초風하다	기겁초풍하다	false	false
氣根狀	기근상	false	false
氣泡分析	기포분석	false	false
氣流素子	기류소자	false	false
氣浮壽弱	기부수약	false	false
氣狂스럽다	기광스럽다	false	false
氣狂스레	기광스레	false	false
氣球遮斷物	기구차단물	false	false
氣着	기착	false	false
氣筒作業부피	기통작업부피	false	false
氣筒머리	기통머리	false	false
氣筒부피	기통부피	false	false
氣筒토시	기통토시	false	false
氣象感應試驗	기상감응시험	false	false
氣象月報	기상월보	false	false
氣象觀測函	기상관측함	false	false
氣速計	기속계	false	false
氣骨차다	기골차다	false	false
氣體動力學	기체동력학	false	false
氣體增幅器	기체증폭기	false	false
氣體放射砲彈	기체방사포탄	false	false
氣體放電二極管	기체방전이극관	false	false
氣體模襲反應	기체모습반응	false	false
氣體濾過器	기체려과기	false	false
氣體還元劑	기체환원제	false	false
氣體鑛物	기체광물	false	false
氣體電氣막이감	기체전기막이감	false	false
氣구멍	기구멍	false	false
水中信號索	수중신호삭	false	false
水中取水	수중취수	false	false
水中巧藝	수중교예	false	false
水中放水口	수중방수구	false	false
水中村	수중촌	false	false
水中跳躍	수중조약	false	false
水中날개배	수중날개배	false	false
水位低下	수위저하	false	false
水位地下깔때기	수위지하깔때기	false	false
水位基準面	수위기준면	false	false
水冷式油壓變壓器	수랭식유압변압기	false	false
水利化	수리화	false	false
水利化體系	수리화체계	false	false
水利化되다	수리화되다	false	false
水利化하다	수리화하다	false	false
水力破裂	수력파렬	false	false
水力穿孔	수력천공	false	false
水力節點	수력절점	false	false
水力흙堰堤	수력흙언제	false	false
水卵자	수란자	false	false
水團	수단	false	false
水域	수역	false	false
水域土地	수역토지	false	false
水堤	수제	false	false
水堤界	수제계	false	false
水壓造形	수압조형	false	false
水平地切	수평지절	false	false
水平垂直魚群探知機	수평수직어군탐지기	false	false
水平塔式起重機	수평탑식기중기	false	false
水平式	수평식	false	false
水平式養殖	수평식양식	false	false
水平式가지묻기	수평식가지묻기	false	false
水平式띠녹임法	수평식띠녹임법	false	false
水平整地機	수평정지기	false	false
水平松津홈	수평송진홈	false	false
水平突擊	수평돌격	false	false
水平線보임距離	수평선보임거리	false	false
水平臺車	수평대차	false	false
水平速度飛行	수평속도비행	false	false
水平鍛造機	수평단조기	false	false
水平隔膜式跳汰機	수평격막식조태기	false	false
水平魚群探知機	수평어군탐지기	false	false
水平고루기	수평고루기	false	false
水平벌림	수평벌림	false	false
水平보임距離	수평보임거리	false	false
水平턱걸이잇손	수평턱걸이잇손	false	false
水平톱	수평톱	false	false
水平틀톱機	수평틀톱기	false	false
水平흔들이	수평흔들이	false	false
水底網	수저망	false	false
水引	수인	false	false
水揷育	수삽육	false	false
水文區	수문구	false	false
水文地球化學圖	수문지구화학도	false	false
水文地質區域化	수문지질구역화	false	false
水文地質探査	수문지질탐사	false	false
水文觀測學	수문관측학	false	false
水晶濾波器	수정려파기	false	false
水晶꽃	수정꽃	false	false
水晶샘물	수정샘물	false	false
水杉나무	수삼나무	false	false
水桶運材	수통운재	false	false
水泳巧藝	수영교예	false	false
水泳渡河	수영도하	false	false
水泳館	수영관	false	false
水源構造物	수원구조물	false	false
水溝	수구	false	false
水熱	수열	false	false
水熱病	수열병	false	false
水生物學	수생물학	false	false
水生草	수생초	false	false
水産協同組合	수산협동조합	false	false
水産合作社	수산합작사	false	false
水碾	수전	false	false
水素化物法	수소화물법	false	false
水素武器	수소무기	false	false
水素炭酸鹽泉	수소탄산염천	false	false
水素處理	수소처리	false	false
水素값	수소값	false	false
水素덧붙이기	수소덧붙이기	false	false
水素떼기	수소떼기	false	false
水素떼기反應	수소떼기반응	false	false
水線面積模樣곁數	수선면적모양곁수	false	false
水資	수자	false	false
水質計	수질계	false	false
水路公報	수로공보	false	false
水路塔	수로탑	false	false
水路幹線	수로간선	false	false
水路運材	수로운재	false	false
水路다리	수로다리	false	false
水車推進機	수차추진기	false	false
水送山迎	수송산영	false	false
水運用水路	수운용수로	false	false
水道기둥	수도기둥	false	false
水銀방울電極	수은방울전극	false	false
水鍼療法	수침료법	false	false
水鏡人	수경인	false	false
水門홈	수문홈	false	false
水閉	수페	false	false
水陸兩用戰車	수륙량용전차	false	false
水陸兩用自動車	수륙량용자동차	false	false
水陸兩用裝甲車	수륙량용장갑차	false	false
水陸合攻	수륙합공	false	false
水陸裝甲車	수륙장갑차	false	false
水陸車	수륙차	false	false
水陸飛行機	수륙비행기	false	false
水雷調整兵	수뢰조정병	false	false
水鷄湯	수계탕	false	false
水모	수모	false	false
氷上巧藝	빙상교예	false	false
氷上舞踊	빙상무용	false	false
氷上雪地	빙상설지	false	false
氷上館	빙상관	false	false
氷上돛배	빙상돛배	false	false
氷下漁撈	빙하어로	false	false
氷塊巖	빙괴암	false	false
氷帶	빙대	false	false
氷幕	빙막	false	false
氷晶石比	빙정석비	false	false
氷河堤防	빙하제방	false	false
氷河性下流	빙하성하류	false	false
氷河性下流堆積物	빙하성하류퇴적물	false	false
氷河性海岸線	빙하성해안선	false	false
氷河舌	빙하설	false	false
氷河덮임	빙하덮임	false	false
氷河뚝	빙하뚝	false	false
氷河혀	빙하혀	false	false
氷河흙	빙하흙	false	false
氷車	빙차	false	false
氷隙	빙극	false	false
氷雪行軍	빙설행군	false	false
永久住宅	영구주택	false	false
永久坑道	영구갱도	false	false
永久壓搾加工	영구압착가공	false	false
永久帶電體	영구대전체	false	false
永久火點	영구화점	false	false
永久築城物	영구축성물	false	false
永久깔개깃	영구깔개깃	false	false
永久동발	영구동발	false	false
永年偏差	영년편차	false	false
永感	영감	false	false
永日	영일	false	false
永歌	영가	false	false
永離別	영리별	false	false
永離別하다	영리별하다	false	false
汁먹이	즙먹이	false	false
汁물	즙물	false	false
求心狀河系	구심상하계	false	false
汎文學	범문학	false	false
汗中單	한중단	false	false
汗出露背	한출로배	false	false
汗竅	한규	false	false
汗馬	한마	false	false
汗馬하다	한마하다	false	false
汚塗	오도	false	false
汚塗되다	오도되다	false	false
汚塗하다	오도하다	false	false
汚墨	오묵	false	false
汚染막이加工	오염막이가공	false	false
汚水灌漑	오수관개	false	false
汚水網	오수망	false	false
汚物車	오물차	false	false
汚物단지	오물단지	false	false
汚物재	오물재	false	false
汚眞	오진	false	false
汚眞되다	오진되다	false	false
汚眞하다	오진하다	false	false
汚穢輪	오예륜	false	false
汚邪	오사	false	false
江下	강하	false	false
江南郡	강남군	false	false
江山勝景	강산승경	false	false
江岸다리	강안다리	false	false
江川獵	강천렵	false	false
江明太	강명태	false	false
江水面	강수면	false	false
江河川整理	강하천정리	false	false
江河川漁業	강하천어업	false	false
江河川閘門	강하천갑문	false	false
江港口	강항구	false	false
江竹	강죽	false	false
江西세무덤	강서세무덤	false	false
江邊軍	강변군	false	false
江邊거리	강변거리	false	false
江가鰐魚	강가악어	false	false
江가길唐나귀	강가길당나귀	false	false
江건느기競技	강건느기경기	false	false
江건늠標	강건늠표	false	false
江것	강것	false	false
江겨레	강겨레	false	false
江골地形	강골지형	false	false
江골짜기	강골짜기	false	false
江굽이벼랑	강굽이벼랑	false	false
江굽인돌이	강굽인돌이	false	false
江기슭保護林	강기슭보호림	false	false
江꼬니	강꼬니	false	false
江내림性	강내림성	false	false
江내림性물고기	강내림성물고기	false	false
江내림물고기	강내림물고기	false	false
江뚝	강뚝	false	false
江뚝길	강뚝길	false	false
江물벼룩	강물벼룩	false	false
江물쌓인層	강물쌓인층	false	false
江물쌓인흙	강물쌓인흙	false	false
江바닥保護構造物	강바닥보호구조물	false	false
江바닥물매	강바닥물매	false	false
江바닥흐름	강바닥흐름	false	false
江버덩	강버덩	false	false
江어구	강어구	false	false
江어구海洋學	강어구해양학	false	false
江어구灣	강어구만	false	false
江오름性	강오름성	false	false
江오름물고기	강오름물고기	false	false
江자리堤防	강자리제방	false	false
江자리湖水	강자리호수	false	false
江진펄	강진펄	false	false
決去	결거	false	false
決定畫	결정화	false	false
決定音	결정음	false	false
決明草	결명초	false	false
決死組	결사조	false	false
決死黨	결사당	false	false
決濟돈자리	결제돈자리	false	false
決算分配	결산분배	false	false
決算分配하다	결산분배하다	false	false
決算年度	결산년도	false	false
決算選擧	결산선거	false	false
決算選擧하다	결산선거하다	false	false
決色	결색	false	false
汽水養魚	기수양어	false	false
汽車板	기차판	false	false
汽車輸送船	기차수송선	false	false
沃度水	옥도수	false	false
沃素電燈알	옥소전등알	false	false
沃素電球	옥소전구	false	false
沃膏하다	옥고하다	false	false
沈下差	침하차	false	false
沈村型고인돌	침촌형고인돌	false	false
沈槽繰絲	침조조사	false	false
沈槽繰絲하다	침조조사하다	false	false
沈滅部	침멸부	false	false
沈澱못	침전못	false	false
沈玉	침옥	false	false
沈船防波堤	침선방파제	false	false
沈降井	침강정	false	false
沈降井基礎	침강정기초	false	false
沈降區域	침강구역	false	false
沈默區域	침묵구역	false	false
沐治	목치	false	false
沐治하다	목치하다	false	false
沐浴칸	목욕칸	false	false
沒人道	몰인도	false	false
沒喫	몰긱	false	false
沒喫하다	몰긱하다	false	false
沒射擊	몰사격	false	false
沒射擊하다	몰사격하다	false	false
沒干涉	몰간섭	false	false
沒干涉하다	몰간섭하다	false	false
沒廉恥	몰렴치	false	false
沒廉恥하다	몰렴치하다	false	false
沒情스럽다	몰정스럽다	false	false
沒情스레	몰정스레	false	false
沒收地主	몰수지주	false	false
沒景致하다	몰경치하다	false	false
沒死죽음	몰사죽음	false	false
沒理解	몰리해	false	false
沒體面하다	몰체면하다	false	false
沖弱하다	충약하다	false	false
沖積地土壤	충적지토양	false	false
沖積島	충적도	false	false
沖積벌	충적벌	false	false
沖積섬	충적섬	false	false
沙列	사렬	false	false
沙器板	사기판	false	false
沙器濾波器	사기려파기	false	false
沙器絕緣材料	사기절연재료	false	false
沙器蓄電器	사기축전기	false	false
沙器金屬	사기금속	false	false
沙器겁	사기겁	false	false
沙器그림	사기그림	false	false
沙器꽃종이	사기꽃종이	false	false
沙器붙임	사기붙임	false	false
沙器쇠칼	사기쇠칼	false	false
沙器이발	사기이발	false	false
沙工놀이	사공놀이	false	false
沙板室	사판실	false	false
沙果毒나비	사과독나비	false	false
沙果굴筒밤나비	사과굴통밤나비	false	false
沙果굴筒벌레	사과굴통벌레	false	false
沙果긴구슬벌레	사과긴구슬벌레	false	false
沙果꽃잎벌	사과꽃잎벌	false	false
沙果나무木蠹蟲	사과나무목두충	false	false
沙果나무灰色잎말이벌레	사과나무회색잎말이벌레	false	false
沙果나무꽃자밤나비	사과나무꽃자밤나비	false	false
沙果나무돌드레	사과나무돌드레	false	false
沙果나무마른잎나비	사과나무마른잎나비	false	false
沙果나무순말이벌레	사과나무순말이벌레	false	false
沙果나무잎말이벌레	사과나무잎말이벌레	false	false
沙果나무좀나비	사과나무좀나비	false	false
沙果나무집벌레	사과나무집벌레	false	false
沙果나무털벌레	사과나무털벌레	false	false
沙果나무혹진디물	사과나무혹진디물	false	false
沙果나무흰잎말이	사과나무흰잎말이	false	false
沙果노랑뒤날개밤나비	사과노랑뒤날개밤나비	false	false
沙果누에밤나비	사과누에밤나비	false	false
沙果누에벌레	사과누에벌레	false	false
沙果눈섭밤나비	사과눈섭밤나비	false	false
沙果단묵	사과단묵	false	false
沙果단졸임	사과단졸임	false	false
沙果돼지벌레	사과돼지벌레	false	false
沙果먹알락밤나비	사과먹알락밤나비	false	false
沙果무늬잎말이나비	사과무늬잎말이나비	false	false
沙果밤色炭疽菌	사과밤색탄저균	false	false
沙果밤色잎말이벌레	사과밤색잎말이벌레	false	false
沙果배	사과배	false	false
沙果붉은능에	사과붉은능에	false	false
沙果붉은진드기	사과붉은진드기	false	false
沙果뿔자밤나비	사과뿔자밤나비	false	false
沙果소경노린재	사과소경노린재	false	false
沙果속좀나비	사과속좀나비	false	false
沙果순잎말이나비	사과순잎말이나비	false	false
沙果알락잎말이나비	사과알락잎말이나비	false	false
沙果애기속좀벌레	사과애기속좀벌레	false	false
沙果애기잎말이나비	사과애기잎말이나비	false	false
沙果애기집밤나비	사과애기집밤나비	false	false
沙果움	사과움	false	false
沙果잎말이나비	사과잎말이나비	false	false
沙果잎파리	사과잎파리	false	false
沙果진디물	사과진디물	false	false
沙果집밤나비	사과집밤나비	false	false
沙果칼무늬밤나비	사과칼무늬밤나비	false	false
沙果혹진디물	사과혹진디물	false	false
沙果흰속벌레	사과흰속벌레	false	false
沙果흰애기잎말이나비	사과흰애기잎말이나비	false	false
沙果흰잎말이벌레나비	사과흰잎말이벌레나비	false	false
沙汰막이숲	사태막이숲	false	false
沙汰치다	사태치다	false	false
沙糖가루진드기	사탕가루진드기	false	false
沙糖떡	사탕떡	false	false
沙糖무우늦나비	사탕무우늦나비	false	false
沙糖무우밤나비	사탕무우밤나비	false	false
沙糖무우작은나비	사탕무우작은나비	false	false
沙糖버캐	사탕버캐	false	false
沙糖알藥	사탕알약	false	false
沙糖옷	사탕옷	false	false
沙糖입힘	사탕입힘	false	false
沙糖졸임	사탕졸임	false	false
沙落	사락	false	false
沙落工	사락공	false	false
沙落機	사락기	false	false
沙金店	사금점	false	false
沙鉢눈	사발눈	false	false
沙鉢들이	사발들이	false	false
沙鉢들이하다	사발들이하다	false	false
沙鉢턱	사발턱	false	false
沙防堰堤	사방언제	false	false
沙防野溪工事	사방야계공사	false	false
沛然하다	패연하다	false	false
沮止障礙	저지장애	false	false
沮礙終止	저애종지	false	false
河口물벼룩	하구물벼룩	false	false
河岸保護林	하안보호림	false	false
河川湖	하천호	false	false
河川遊步道	하천유보도	false	false
河成地形	하성지형	false	false
沴氣	려기	false	false
沴氣所種	려기소종	false	false
沸流	비류	false	false
沸流하다	비류하다	false	false
沸涌	비용	false	false
沸涌하다	비용하다	false	false
沸湯	비탕	false	false
沸湯하다	비탕하다	false	false
沸騰	비등	false	false
沸騰器	비등기	false	false
沸騰式焙燒爐	비등식배소로	false	false
沸騰時熱傳達	비등시열전달	false	false
沸騰期	비등기	false	false
沸騰溫	비등온	false	false
沸騰鋼	비등강	false	false
沸騰되다	비등되다	false	false
沸騰하다	비등하다	false	false
沸鬱하다	비울하다	false	false
油入蓄電器	유입축전기	false	false
油劑먹임	유제먹임	false	false
油卵	유란	false	false
油壓制動機	유압제동기	false	false
油壓式上車機	유압식상차기	false	false
油壓式디디개	유압식디디개	false	false
油壓式쇠동발	유압식쇠동발	false	false
油壓氣筒	유압기통	false	false
油壓동발	유압동발	false	false
油壓변	유압변	false	false
油壓키機械	유압키기계	false	false
油沈	유침	false	false
油沈하다	유침하다	false	false
油煠爐	유첩로	false	false
油田물	유전물	false	false
油畫臺	유화대	false	false
油畫色감	유화색감	false	false
油紙雨傘	유지우산	false	false
治療制	치료제	false	false
治療營養	치료영양	false	false
治療的피줄照影	치료적피줄조영	false	false
治療組	치료조	false	false
治療隊	치료대	false	false
治粧군	치장군	false	false
治粧기와	치장기와	false	false
治葬負費	치장부비	false	false
沽貝젓	고패젓	false	false
沿岸波	연안파	false	false
沿河口區域	연하구구역	false	false
沿法	연법	false	false
沿線	연선	false	false
沿線地帶	연선지대	false	false
沿線塔	연선탑	false	false
泄下劑	설하제	false	false
泄瀉내기藥	설사내기약	false	false
泄瀉멎이藥	설사멎이약	false	false
泄瀉차藥	설사차약	false	false
泊戰	박전	false	false
法之宗家	법지종가	false	false
法務生活	법무생활	false	false
法化	법화	false	false
法化되다	법화되다	false	false
法化하다	법화하다	false	false
法洞郡	법동군	false	false
法犯者	법범자	false	false
法稱	법칭	false	false
法範疇	법범주	false	false
法羅讀經	법라독경	false	false
法醫鑑定書	법의감정서	false	false
法鼓잡이	법고잡이	false	false
法토	법토	false	false
泠泠하다	령령하다	false	false
泠泠히	령령히	false	false
泡水紙	포수지	false	false
泡集劑	포집제	false	false
波動齒車傳動	파동치차전동	false	false
波動구배	파동구배	false	false
波浪狀臺地	파랑상대지	false	false
波濤고리形끼우개	파도고리형끼우개	false	false
波濤무늬박나비	파도무늬박나비	false	false
波狀層理	파상층리	false	false
波直線	파직선	false	false
波面寫眞板	파면사진판	false	false
波面寫眞法	파면사진법	false	false
泥丘	니구	false	false
泥中之蓮	니중지련	false	false
泥土	니토	false	false
泥巖	니암	false	false
泥板巖	니판암	false	false
泥水	니수	false	false
泥溝	니구	false	false
泥火山	니화산	false	false
泥灰	니회	false	false
泥炭	니탄	false	false
泥炭化作用	니탄화작용	false	false
泥炭土壤	니탄토양	false	false
泥炭堆肥	니탄퇴비	false	false
泥炭巖	니탄암	false	false
泥炭營養단지	니탄영양단지	false	false
泥炭밭	니탄밭	false	false
泥田鬪狗	니전투구	false	false
泥裝	니장	false	false
泥醉	니취	false	false
泥醉하다	니취하다	false	false
泥金	니금	false	false
泥鏝	니만	false	false
泥鞋	니혜	false	false
泥鰍疽	니추저	false	false
注入口體系	주입구체계	false	false
注入埠頭	주입부두	false	false
注入成形	주입성형	false	false
注入驛	주입역	false	false
泳路줄	영로줄	false	false
洋乳香	양유향	false	false
洋乳香나무	양유향나무	false	false
洋傘대	양산대	false	false
洋傘춤	양산춤	false	false
洋傘치마	양산치마	false	false
洋國語	양국어	false	false
洋國놈	양국놈	false	false
洋國말	양국말	false	false
洋屋風	양옥풍	false	false
洋料理	양료리	false	false
洋料理집	양료리집	false	false
洋服적삼	양복적삼	false	false
洋服치마	양복치마	false	false
洋村	양촌	false	false
洋砲拳銃	양포권총	false	false
洋管	양관	false	false
洋管樂器	양관악기	false	false
洋聲	양성	false	false
洋襪띠	양말띠	false	false
洋襪목다리	양말목다리	false	false
洋襪바지	양말바지	false	false
洋鐵房	양철방	false	false
洋鐵牌	양철패	false	false
洋무당	양무당	false	false
洋바람	양바람	false	false
洋벗	양벗	false	false
洋벗나무	양벗나무	false	false
洋벗지렁이	양벗지렁이	false	false
洋보습	양보습	false	false
洋술	양술	false	false
洑논	보논	false	false
洑도랑	보도랑	false	false
洑돌	보돌	false	false
洑돌물	보돌물	false	false
洑뚝	보뚝	false	false
洑막이뚝	보막이뚝	false	false
洑물받이	보물받이	false	false
洑쌈	보쌈	false	false
洗出	세출	false	false
洗手그릇	세수그릇	false	false
洗手주머니	세수주머니	false	false
洗手칸	세수칸	false	false
洗油	세유	false	false
洗滌溶液	세척용액	false	false
洗滌灌漑	세척관개	false	false
洗濯工손	세탁공손	false	false
洗甲	세갑	false	false
洗甲하다	세갑하다	false	false
洗練	세련	false	false
洗練되다	세련되다	false	false
洗蝕作用	세식작용	false	false
洗鍊	세련	false	false
洗鍊되다	세련되다	false	false
洗髮粉	세발분	false	false
洛子	락자	false	false
洛東江	락동강	false	false
洞事務長	동사무장	false	false
洞口길	동구길	false	false
洞弊	동페	false	false
洞徹하다	통철하다	false	false
洞房	동방	false	false
洞有	동유	false	false
洞窟畫	동굴화	false	false
洞里婚姻	동리혼인	false	false
洞黨	동당	false	false
洞黨委員會	동당위원회	false	false
津津味	진진미	false	false
津煙氣	진연기	false	false
津藍色	진람색	false	false
津逮	진체	false	false
津다色	진다색	false	false
津단물	진단물	false	false
津풀	진풀	false	false
洪業	홍업	false	false
活人	활인	false	false
活動中心잎	활동중심잎	false	false
活動度결數	활동도곁수	false	false
活動體名詞	활동체명사	false	false
活字겁	활자겁	false	false
活字받이	활자받이	false	false
活字집	활자집	false	false
活字추기	활자추기	false	false
活性化分析	활성화분석	false	false
活性卵	활성란	false	false
活性藥	활성약	false	false
活性물감	활성물감	false	false
活性알	활성알	false	false
活版輪轉機	활판륜전기	false	false
活畫境	활화경	false	false
活畫景	활화경	false	false
活辯	활변	false	false
派勢	파세	false	false
派爭分子	파쟁분자	false	false
派爭군	파쟁군	false	false
派生語幹	파생어간	false	false
派生階段	파생계단	false	false
派閥군	파벌군	false	false
流下式	류하식	false	false
流下式鹽田	류하식염전	false	false
流下量	류하량	false	false
流丐	류개	false	false
流丸	류환	false	false
流乞	류걸	false	false
流來之風	류래지풍	false	false
流來災結	류래재결	false	false
流俗	류속	false	false
流傳	류전	false	false
流傳되다	류전되다	false	false
流傳하다	류전하다	false	false
流光	류광	false	false
流入	류입	false	false
流入工	류입공	false	false
流入式發電所	류입식발전소	false	false
流入換氣	류입환기	false	false
流入量	류입량	false	false
流入開閉器	유입개페기	false	false
流入되다	류입되다	false	false
流入하다	류입하다	false	false
流出	류출	false	false
流出回離	류출회리	false	false
流出孔	류출공	false	false
流出短管	류출단관	false	false
流出調節	류출조절	false	false
流出豫報	류출예보	false	false
流出量	류출량	false	false
流出되다	류출되다	false	false
流出하다	류출하다	false	false
流刑	류형	false	false
流刑囚	류형수	false	false
流刑地	류형지	false	false
流刑客	류형객	false	false
流刑살이	류형살이	false	false
流刑살이하다	류형살이하다	false	false
流刺網	류자망	false	false
流動	류동	false	false
流動作戰	류동작전	false	false
流動化	류동화	false	false
流動哨	류동초	false	false
流動基金	류동기금	false	false
流動小數點數	류동소수점수	false	false
流動小數點演算	류동소수점연산	false	false
流動層	류동층	false	false
流動度	류동도	false	false
流動性	류동성	false	false
流動換率	류동환률	false	false
流動步哨	류동보초	false	false
流動物	류동물	false	false
流動石鑛	류동석광	false	false
流動觸媒	류동촉매	false	false
流動財産	류동재산	false	false
流動資本	류동자본	false	false
流動資金	류동자금	false	false
流動量	류동량	false	false
流動限界	류동한계	false	false
流動音	류동음	false	false
流動食	류동식	false	false
流動體	류동체	false	false
流動體分裂鑛床	류동체분렬광상	false	false
流動高	류동고	false	false
流動點	류동점	false	false
流動소含量	류동소함량	false	false
流動쳐넣기	유동쳐넣기	false	false
流動하다	류동하다	false	false
流及	류급	false	false
流及하다	류급하다	false	false
流口	류구	false	false
流品	류품	false	false
流域	류역	false	false
流域變更式發電所	류역변경식발전소	false	false
流壓差	류압차	false	false
流失	류실	false	false
流失되다	류실되다	false	false
流失하다	류실하다	false	false
流寇	류구	false	false
流寓	류우	false	false
流布	류포	false	false
流布되다	류포되다	false	false
流布하다	류포하다	false	false
流年	류년	false	false
流年四柱	류년사주	false	false
流弊	류페	false	false
流彈	류탄	false	false
流性學	류성학	false	false
流斷面	류단면	false	false
流斷面積	류단면적	false	false
流星	류성	false	false
流星雨	류성우	false	false
流星類	류성류	false	false
流星體	류성체	false	false
流暢하다	류창하다	false	false
流暢히	류창히	false	false
流月	류월	false	false
流民	류민	false	false
流氓	류맹	false	false
流水	류수	false	false
流水光陰	류수광음	false	false
流水式	류수식	false	false
流水式養魚	류수식양어	false	false
流氷	류빙	false	false
流汗	류한	false	false
流沙	류사	false	false
流泄	류설	false	false
流注	류주	false	false
流注痰	류주담	false	false
流注癧	류주력	false	false
流注膿瘍	류주농양	false	false
流注骨疽	류주골저	false	false
流派	류파	false	false
流浪	류랑	false	false
流浪乞食	류랑걸식	false	false
流浪乞食하다	류랑걸식하다	false	false
流浪兒	류랑아	false	false
流浪客	류랑객	false	false
流浪民	류랑민	false	false
流浪牧畜	류랑목축	false	false
流浪者	류랑자	false	false
流浪하다	류랑하다	false	false
流涕	류체	false	false
流涕하다	류체하다	false	false
流淚症	류루증	false	false
流潮航法	류조항법	false	false
流火	류화	false	false
流産	류산	false	false
流産內閣	류산내각	false	false
流産되다	류산되다	false	false
流産하다	류산하다	false	false
流用	류용	false	false
流用되다	류용되다	false	false
流用하다	류용하다	false	false
流矢	류시	false	false
流砂	류사	false	false
流竄	류찬	false	false
流竄되다	류찬되다	false	false
流竄하다	류찬하다	false	false
流筏	류벌	false	false
流筏夫	류벌부	false	false
流筏工	류벌공	false	false
流筏路	류벌로	false	false
流管	류관	false	false
流箭	류전	false	false
流紋巖	류문암	false	false
流終身	류종신	false	false
流終身하다	류종신하다	false	false
流線	류선	false	false
流線型	류선형	false	false
流罪	류죄	false	false
流脈	류맥	false	false
流芳	류방	false	false
流芳百世	류방백세	false	false
流落	류락	false	false
流落하다	류락하다	false	false
流蘇	류소	false	false
流蜜	류밀	false	false
流蜜期	류밀기	false	false
流血	류혈	false	false
流血劇	류혈극	false	false
流血慘劇	류혈참극	false	false
流血的	류혈적	false	false
流行	류행	false	false
流行品	류행품	false	false
流行性出血熱	류행성출혈열	false	false
流行性感氣	류행성감기	false	false
流行性肝炎	류행성간염	false	false
流行性腦脊髓膜炎	류행성뇌척수막염	false	false
流行性귀밑腺炎	류행성귀밑선염	false	false
流行根源地	류행근원지	false	false
流行歌	류행가	false	false
流行歌曲	류행가곡	false	false
流行歌調	류행가조	false	false
流行病	류행병	false	false
流行語	류행어	false	false
流行風	류행풍	false	false
流行되다	류행되다	false	false
流行하다	류행하다	false	false
流觴曲水	류상곡수	false	false
流言	류언	false	false
流言蜚語	류언비어	false	false
流說	류설	false	false
流謫	류적	false	false
流謫되다	류적되다	false	false
流謫하다	류적하다	false	false
流賊	류적	false	false
流質	류질	false	false
流質하다	류질하다	false	false
流路	류로	false	false
流轉	류전	false	false
流轉하다	류전하다	false	false
流逋	류포	false	false
流逋하다	류포하다	false	false
流通	류통	false	false
流通手段	류통수단	false	false
流通期間	류통기간	false	false
流通稅	류통세	false	false
流通網	류통망	false	false
流通角	류통각	false	false
流通財産	류통재산	false	false
流通費	류통비	false	false
流通資本	류통자본	false	false
流通資金	류통자금	false	false
流通量	류통량	false	false
流通面現金	류통면현금	false	false
流通領域	류통령역	false	false
流通額	류통액	false	false
流通高	류통고	false	false
流通되다	류통되다	false	false
流通하다	류통하다	false	false
流速	류속	false	false
流速計	류속계	false	false
流連荒亡	류련황망	false	false
流配	류배	false	false
流配刑	류배형	false	false
流配地	류배지	false	false
流配되다	류배되다	false	false
流配살이	류배살이	false	false
流配살이하다	류배살이하다	false	false
流配하다	류배하다	false	false
流量	류량	false	false
流量計	류량계	false	false
流量調節機	류량조절기	false	false
流鑄機	류주기	false	false
流長	류장	false	false
流離	류리	false	false
流離乞食	류리걸식	false	false
流離乞食하다	류리걸식하다	false	false
流離彷徨	류리방황	false	false
流離彷徨하다	류리방황하다	false	false
流離하다	류리하다	false	false
流露	류로	false	false
流音	류음	false	false
流頭	류두	false	false
流頭宴	류두연	false	false
流頭날	류두날	false	false
流頭누룩	류두누룩	false	false
流頭달	류두달	false	false
流頭물	류두물	false	false
流頭잔치	류두잔치	false	false
流風	류풍	false	false
流體	류체	false	false
流體力學	류체력학	false	false
流體動力學	류체동력학	false	false
流體機械	류체기계	false	false
流體熱力學	류체열력학	false	false
流體素子	류체소자	false	false
流體靜力學	류체정력학	false	false
流麗하다	류려하다	false	false
流麗히	류려히	false	false
浚渫機	준첩기	false	false
浚渫船	준첩선	false	false
浪人	랑인	false	false
浪人輩	랑인배	false	false
浪客	랑객	false	false
浪擲	랑척	false	false
浪擲하다	랑척하다	false	false
浪漫	랑만	false	false
浪漫主義	랑만주의	false	false
浪漫派	랑만파	false	false
浪漫派音樂	랑만파음악	false	false
浪漫的	랑만적	false	false
浪花	랑화	false	false
浪語	랑어	false	false
浪說	랑설	false	false
浪費	랑비	false	false
浪費되다	랑비되다	false	false
浪費하다	랑비하다	false	false
浪跡	랑적	false	false
浪遊	랑유	false	false
浪遊하다	랑유하다	false	false
浮動阻礙射擊	부동조애사격	false	false
浮微하다	부미하다	false	false
浮心曲線	부심곡선	false	false
浮性	부성	false	false
浮杆	부간	false	false
浮枰	부평	false	false
浮槽繰絲	부조조사	false	false
浮流基地	부류기지	false	false
浮浪蕩하다	부랑탕하다	false	false
浮船다리	부선다리	false	false
浮華	부화	false	false
浮華하다	부화하다	false	false
浮虛妄動	부허망동	false	false
浮虛妄動하다	부허망동하다	false	false
浮角	부각	false	false
浮遊乾燥	부유건조	false	false
浮遊分析	부유분석	false	false
浮遊式焙燒爐	부유식배소로	false	false
浮遊性	부유성	false	false
浮遊流沙	부유류사	false	false
浮遊選鑛場	부유선광장	false	false
浮遊選鑛機械	부유선광기계	false	false
浮遊選鑛試藥	부유선광시약	false	false
浮遊重力選鑛	부유중력선광	false	false
浮選거품	부선거품	false	false
浮選칸	부선칸	false	false
浮雲	부운	false	false
浴中管水浴	욕중관수욕	false	false
海上包圍戰	해상포위전	false	false
海上埋伏戰	해상매복전	false	false
海上射表	해상사표	false	false
海上戰	해상전	false	false
海上戰鬪警戒	해상전투경계	false	false
海上掃海機	해상소해기	false	false
海上氣象學	해상기상학	false	false
海上禮	해상례	false	false
海上近距離戰	해상근거리전	false	false
海上閱兵式	해상열병식	false	false
海上陸戰隊	해상륙전대	false	false
海口	해구	false	false
海圖投影	해도투영	false	false
海外領地	해외령지	false	false
海岳	해악	false	false
海岸指揮所	해안지휘소	false	false
海岸水中探知哨所	해안수중탐지초소	false	false
海岸氷	해안빙	false	false
海岸沼澤土壤	해안소택토양	false	false
海岸礁	해안초	false	false
海岸肉眼監視哨所	해안육안감시초소	false	false
海岸쓸림	해안쓸림	false	false
海嶽	해악	false	false
海州뽕	해주뽕	false	false
海底宮殿	해저궁전	false	false
海底誘導機雷	해저유도기뢰	false	false
海成平原	해성평원	false	false
海成段丘	해성단구	false	false
海拔塔	해발탑	false	false
海毛蟲	해모충	false	false
海洋力學	해양력학	false	false
海洋性中緯度氣團	해양성중위도기단	false	false
海洋性濕草原帶	해양성습초원대	false	false
海洋測深	해양측심	false	false
海洋豫報學	해양예보학	false	false
海洋通報	해양통보	false	false
海洋重力探査	해양중력탐사	false	false
海洋電氣探査	해양전기탐사	false	false
海洋썰매	해양썰매	false	false
海洋튐性波探査	해양튐성파탐사	false	false
海流不連續面	해류불련속면	false	false
海流收斂線	해류수렴선	false	false
海流마당豫報	해류마당예보	false	false
海浸놓임새	해침놓임새	false	false
海狗질	해구질	false	false
海狗질하다	해구질하다	false	false
海狸鼠	해리서	false	false
海竹	해죽	false	false
海綿硅質蟲	해면규질충	false	false
海綿고무	해면고무	false	false
海綿딱개비	해면딱개비	false	false
海綿버섯	해면버섯	false	false
海綿새우	해면새우	false	false
海草도미	해초도미	false	false
海蔘冷菜	해삼랭채	false	false
海蔘꼬치구이	해삼꼬치구이	false	false
海藻世代交替	해조세대교체	false	false
海藻棲息帶	해조서식대	false	false
海藻生活型	해조생활형	false	false
海藻粘質物	해조점질물	false	false
海蜌	해페	false	false
海軍節	해군절	false	false
海軍陸戰隊	해군륙전대	false	false
海軍飛行隊	해군비행대	false	false
海軍닻	해군닻	false	false
海軍배	해군배	false	false
海退놓임새	해퇴놓임새	false	false
海運俱樂部	해운구락부	false	false
海陸珍饌	해륙진찬	false	false
海面補正	해면보정	false	false
海鹽土	해염토	false	false
海감湯	해감탕	false	false
海벌	해벌	false	false
浸劑	침제	false	false
浸煎劑	침전제	false	false
浸蝕輪廻	침식륜회	false	false
浸透性放射	침투성방사	false	false
涅槃	녈반	false	false
涅槃堂	녈반당	false	false
涅槃宗	녈반종	false	false
涅槃鐘	녈반종	false	false
涅槃쇠	녈반쇠	false	false
消化中毒殺蟲劑	소화중독살충제	false	false
消化器病學	소화기병학	false	false
消夜거리	소야거리	false	false
消息거리	소식거리	false	false
消日감	소일감	false	false
消極分子	소극분자	false	false
消極犯	소극범	false	false
消極的語彙	소극적어휘	false	false
消極的障礙	소극적장애	false	false
消極的電波探知	소극적전파탐지	false	false
消毒臺	소독대	false	false
消毒藥物	소독약물	false	false
消毒陷穽	소독함정	false	false
消毒솜	소독솜	false	false
消毒옷	소독옷	false	false
消滅掃海	소멸소해	false	false
消滯散	소체산	false	false
消磁船	소자선	false	false
消線	소선	false	false
消費協同組合	소비협동조합	false	false
消費基準	소비기준	false	false
消費生物	소비생물	false	false
消費組合商店	소비조합상점	false	false
消閑거리	소한거리	false	false
消風	소풍	false	false
涌吐	용토	false	false
涓流	연류	false	false
液流動性	액류동성	false	false
液率	액률	false	false
液體力學	액체력학	false	false
液體動力學	액체동력학	false	false
液體機械式變速機	액체기계식변속기	false	false
液體毒害物	액체독해물	false	false
液體硏磨	액체연마	false	false
液體結晶	액체결정	false	false
液體論	액체론	false	false
液體變換機	액체변환기	false	false
液體運動學	액체운동학	false	false
液體鑛物	액체광물	false	false
液體靜力學	액체정력학	false	false
液體驅動裝置	액체구동장치	false	false
液體쓸림	액체쓸림	false	false
液體짐函	액체짐함	false	false
液꺼림性	액꺼림성	false	false
液흐름性	액흐름성	false	false
涼劑	량제	false	false
涼味	량미	false	false
涼夜	량야	false	false
涼天	량천	false	false
涼太匠	량태장	false	false
涼太廛	량태전	false	false
涼室	량실	false	false
涼性	량성	false	false
涼材	량재	false	false
涼氣	량기	false	false
涼爐	량로	false	false
涼秋	량추	false	false
涼簷	량첨	false	false
涼臺	량대	false	false
涼花	량화	false	false
涼雨	량우	false	false
涼風	량풍	false	false
涼하다	량하다	false	false
淋巴	림파	false	false
淋巴幹	림파간	false	false
淋巴循環	림파순환	false	false
淋巴心臟	림파심장	false	false
淋巴毛細管	림파모세관	false	false
淋巴液	림파액	false	false
淋巴濾胞	림파려포	false	false
淋巴照影	림파조영	false	false
淋巴球	림파구	false	false
淋巴管	림파관	false	false
淋巴管腫	림파관종	false	false
淋巴節	림파절	false	false
淋巴系統	림파계통	false	false
淋巴細胞	림파세포	false	false
淋巴結節	림파결절	false	false
淋巴腫	림파종	false	false
淋巴돌기	림파돌기	false	false
淋巴매듭	림파매듭	false	false
淋巴매듭炎	림파매듭염	false	false
淋巴매듭結核	림파매듭결핵	false	false
淋巴매듭혹	림파매듭혹	false	false
淋漓하다	림리하다	false	false
淋疾	림질	false	false
淋疾菌	림질균	false	false
淋症	림증	false	false
淋癧	림력	false	false
淋祕	림비	false	false
淋菌	림균	false	false
淘汰育種	도태육종	false	false
淚器	루기	false	false
淚囊	루낭	false	false
淚水	루수	false	false
淚河	루하	false	false
淚涕	루체	false	false
淚涕하다	루체하다	false	false
淚液	루액	false	false
淚痕	루한	false	false
淚眼	루안	false	false
淚管	루관	false	false
淚腺	루선	false	false
淚道	루도	false	false
淚骨	루골	false	false
淡	담	false	false
淡服	담복	false	false
淡水吃水	담수흘수	false	false
淡綠色	담록색	false	false
淡色테범밤나비	담색테범밤나비	false	false
淡藍色	담람색	false	false
淡藍빛	담람빛	false	false
淡褐빛	담갈빛	false	false
淡靑天皮蠶	담청천피잠	false	false
淨化늪	정화늪	false	false
淨地	정지	false	false
淨潔度	정결도	false	false
淪沒	륜몰	false	false
淪落	륜락	false	false
淪落街	륜락가	false	false
淪落하다	륜락하다	false	false
淫婦賤女	음부천녀	false	false
淫羊膏	음양고	false	false
淫胎	음태	false	false
淫胎하다	음태하다	false	false
深志	심지	false	false
深成巖漿水	심성암장수	false	false
深洋區	심양구	false	false
深海魟魚	심해홍어	false	false
深海물벼룩	심해물벼룩	false	false
深深山坂	심심산판	false	false
深深두메	심심두메	false	false
深耕細作	심경세작	false	false
深貴里遺跡	심귀리유적	false	false
深部壓力計	심부압력계	false	false
淵氷	연빙	false	false
淵泉	연천	false	false
淵藪地	연수지	false	false
淵雅하다	연아하다	false	false
混入物	혼입물	false	false
混入物半導體	혼입물반도체	false	false
混入物準位	혼입물준위	false	false
混合型方程式	혼합형방정식	false	false
混合場	혼합장	false	false
混合式公園	혼합식공원	false	false
混合式加熱器	혼합식가열기	false	false
混合爆發藥	혼합폭발약	false	false
混合硬膏	혼합경고	false	false
混合紡絲纖維	혼합방사섬유	false	false
混合線	혼합선	false	false
混合被害	혼합피해	false	false
混合連結	혼합련결	false	false
混合鐵길	혼합철길	false	false
混合防禦	혼합방어	false	false
混合防禦하다	혼합방어하다	false	false
混合驛	혼합역	false	false
混合동발	혼합동발	false	false
混合미세기	혼합미세기	false	false
混合이김	혼합이김	false	false
混合이어달리기	혼합이어달리기	false	false
混合이어헤기	혼합이어헤기	false	false
混性複式	혼성복식	false	false
混成合成보	혼성합성보	false	false
混成地雷園	혼성지뢰원	false	false
混成型틀	혼성형틀	false	false
混成堰堤	혼성언제	false	false
混成壁體	혼성벽체	false	false
混成旅團	혼성여단	false	false
混成構造	혼성구조	false	false
混成歸還	혼성귀환	false	false
混成湖	혼성호	false	false
混成行軍	혼성행군	false	false
混成防禦	혼성방어	false	false
混成防禦戰術	혼성방어전술	false	false
混成防禦되다	혼성방어되다	false	false
混成防禦하다	혼성방어하다	false	false
混成電子計算機	혼성전자계산기	false	false
混成기둥	혼성기둥	false	false
混成물결	혼성물결	false	false
混成보	혼성보	false	false
混打	혼타	false	false
混打機	혼타기	false	false
混打되다	혼타되다	false	false
混打하다	혼타하다	false	false
混攪機	혼교기	false	false
混昇法	혼승법	false	false
混沙網	혼사망	false	false
混泳繼泳	혼영계영	false	false
混湯	혼탕	false	false
混湯치다	혼탕치다	false	false
混溫性	혼온성	false	false
混石	혼석	false	false
混種	혼종	false	false
混紡績	혼방적	false	false
混紡실	혼방실	false	false
混聲傍唱	혼성방창	false	false
混雜판	혼잡판	false	false
混鹽藏法	혼염장법	false	false
淸修	청수	false	false
淸光	청광	false	false
淸嚴하다	청엄하다	false	false
淸徹하다	청철하다	false	false
淸掃浮選	청소부선	false	false
淸料理	청료리	false	false
淸新色	청신색	false	false
淸族	청족	false	false
淸標하다	청표하다	false	false
淸歷	청력	false	false
淸歷하다	청력하다	false	false
淸殿	청전	false	false
淸殿하다	청전하다	false	false
淸水供給系統	청수공급계통	false	false
淸水機	청수기	false	false
淸水製造機	청수제조기	false	false
淸溫하다	청온하다	false	false
淸潔	청결	false	false
淸潔車	청결차	false	false
淸潔하다	청결하다	false	false
淸艷하다	청염하다	false	false
淸誨	청회	false	false
淸貧樂道	청빈락도	false	false
淸貧樂道하다	청빈락도하다	false	false
淸車군	청차군	false	false
淸道감	청도감	false	false
淸館	청관	false	false
淸黨	청당	false	false
淸黨하다	청당하다	false	false
淸치다	청치다	false	false
淹遲하다	엄지하다	false	false
淺巖조개	천암조개	false	false
淺才薄識	천재박식	false	false
淺耕機	천경기	false	false
添加制	첨가제	false	false
添加副文	첨가부문	false	false
添緖機	첨서기	false	false
添香禮佛	첨향례불	false	false
添香禮佛하다	첨향례불하다	false	false
減價償却金	감가상각금	false	false
減價制	감가제	false	false
減價率	감가률	false	false
減免特典	감면특전	false	false
減壓二極素子	감압이극소자	false	false
減壓治療	감압치료	false	false
減壓瓣	감압변	false	false
減壓療法	감압료법	false	false
減數分裂	감수분렬	false	false
減租鬪爭	감조투쟁	false	false
減耗率	감모률	false	false
減速距離	감속거리	false	false
減風	감풍	false	false
渡江	도강	false	false
渡江競技	도강경기	false	false
渡江나루	도강나루	false	false
渡河偵察	도하정찰	false	false
渡河工兵	도하공병	false	false
渡河機械	도하기계	false	false
渡河艙	도하창	false	false
渥眄	악면	false	false
渦流	와류	false	false
測地基礎	측지기초	false	false
測地寫像	측지사상	false	false
測夫	측부	false	false
測定操縱裝置	측정조종장치	false	false
測流法	측류법	false	false
測深具	측심구	false	false
測深索	측심삭	false	false
測溫半導體	측온반도체	false	false
測者	측자	false	false
測遠手	측원수	false	false
測量臺	측량대	false	false
測量鏡	측량경	false	false
測雲鏡	측운경	false	false
港作業	항작업	false	false
港使用料	항사용료	false	false
港務料	항무료	false	false
港口燈	항구등	false	false
港司令	항사령	false	false
港境界線	항경계선	false	false
港水域	항수역	false	false
港灣中繼地帶	항만중계지대	false	false
港灣水理模型實驗	항만수리모형실험	false	false
港灣輪環道路	항만륜환도로	false	false
港空驛	항공역	false	false
港設備	항설비	false	false
渴馬	갈마	false	false
湊重	주중	false	false
湊重하다	주중하다	false	false
湖上運材	호상운재	false	false
湖水比	호수비	false	false
湖水구슬말	호수구슬말	false	false
湖水나무나르기	호수나무나르기	false	false
湖水단지말	호수단지말	false	false
湖水청실말	호수청실말	false	false
湖水푸른벌레말	호수푸른벌레말	false	false
湛水式고랑灌水	담수식고랑관수	false	false
湛水式물대기	담수식물대기	false	false
湛水法	담수법	false	false
湛水耕耘法	담수경운법	false	false
湛水갈이法	담수갈이법	false	false
湯	탕	false	false
湯水	탕수	false	false
湯그릇	탕그릇	false	false
溏泄瘕	당설가	false	false
源泉極	원천극	false	false
源泉面	원천면	false	false
準三和音	준삼화음	false	false
準二重母音	준이중모음	false	false
準位調整裝置	준위조정장치	false	false
準位量子化	준위량자화	false	false
準候補委員	준후보위원	false	false
準候補委員制	준후보위원제	false	false
準備伐	준비벌	false	false
準備射擊	준비사격	false	false
準備掘進	준비굴진	false	false
準備爆擊	준비폭격	false	false
準備音	준비음	false	false
準博士	준박사	false	false
準夙林	준숙림	false	false
準民族語	준민족어	false	false
準論	준론	false	false
準醫	준의	false	false
準醫師	준의사	false	false
準겹母音	준겹모음	false	false
準벌	준벌	false	false
準하다	준하다	false	false
溜出物	류출물	false	false
溜分	류분	false	false
溜飮	류음	false	false
溢水路	일수로	false	false
溪河邊	계하변	false	false
溪湖	계호	false	false
溫冷	온냉	false	false
溫帶과일나무	온대과일나무	false	false
溫帶철바람氣候	온대철바람기후	false	false
溫床地	온상지	false	false
溫床하다	온상하다	false	false
溫度上昇浴	온도상승욕	false	false
溫度效果指數	온도효과지수	false	false
溫度筒	온도통	false	false
溫度週期效果	온도주기효과	false	false
溫度내려가기	온도내려가기	false	false
溫度느낌性	온도느낌성	false	false
溫度따름性	온도따름성	false	false
溫度이음줄	온도이음줄	false	false
溫暖期	온난기	false	false
溫水性養魚	온수성양어	false	false
溫水路	온수로	false	false
溫泉郡	온천군	false	false
溫熱물管	온열물관	false	false
溫突待接	온돌대접	false	false
溫突곬	온돌곬	false	false
溫突바닥	온돌바닥	false	false
溫突장	온돌장	false	false
溫綢	온주	false	false
溫반죽	온반죽	false	false
溶劑半自動鎔接	용제반자동용접	false	false
溶劑自動鎔接	용제자동용접	false	false
溶晶體	용정체	false	false
溶溶長水	용용장수	false	false
溶蝕漏斗	용식루두	false	false
溶蝕龜裂	용식균렬	false	false
溷甁	혼병	false	false
溺愛	닉애	false	false
溺愛하다	닉애하다	false	false
溺死	닉사	false	false
溺死者	닉사자	false	false
溺死하다	닉사하다	false	false
溺沒	닉몰	false	false
溺沒하다	닉몰하다	false	false
溺職	닉직	false	false
溺職하다	닉직하다	false	false
溺音	닉음	false	false
滄州	창주	false	false
滄溟	창명	false	false
滅敵救國	멸적구국	false	false
滅毒素	멸독소	false	false
滅誅	멸주	false	false
滋甚하다	자심하다	false	false
滋甚히	자심히	false	false
滋養分	자양분	false	false
滑度	활도	false	false
滑度調節器	활도조절기	false	false
滑空機競技	활공기경기	false	false
滑走臺	활주대	false	false
滯物	체물	false	false
滲入鑛床	삼입광상	false	false
滲然하다	삼연하다	false	false
滴水丸	적수환	false	false
滷水	로수	false	false
滷蝦	로하	false	false
滷蝦油	로하유	false	false
滿	만	false	false
滿勤生	만근생	false	false
滿塵中	만진중	false	false
滿大豐	만대풍	false	false
滿彈倉	만탄창	false	false
滿月日	만월일	false	false
滿洲글	만주글	false	false
滿潮間隔	만조간격	false	false
滿熟	만숙	false	false
滿瘡	만창	false	false
滿稼動	만가동	false	false
滿稼動되다	만가동되다	false	false
滿稼動하다	만가동하다	false	false
滿積載	만적재	false	false
滿積載하다	만적재하다	false	false
滿豐	만풍	false	false
滿豐年	만풍년	false	false
滿豐年춤	만풍년춤	false	false
滿載잠긴線	만재잠긴선	false	false
滿速	만속	false	false
滿速力	만속력	false	false
滿짐	만짐	false	false
漁具標識	어구표식	false	false
漁具編網	어구편망	false	false
漁具꾸미기	어구꾸미기	false	false
漁基가재미	어기가재미	false	false
漁場大學	어장대학	false	false
漁夫節	어부절	false	false
漁撈員	어로원	false	false
漁撈工	어로공	false	false
漁撈戰	어로전	false	false
漁撈水域	어로수역	false	false
漁撈班	어로반	false	false
漁期豫報	어기예보	false	false
漁獲勞力	어획로력	false	false
漁獲理論	어획리론	false	false
漁獲量豫報	어획량예보	false	false
漁獵期	어렵기	false	false
漁船操縱	어선조종	false	false
漁船隊	어선대	false	false
漁郞郡	어랑군	false	false
漁사리군	어사리군	false	false
漂流型三極素子	표류형삼극소자	false	false
漂白性土壤	표백성토양	false	false
漂白性갈매土壤	표백성갈매토양	false	false
漂白性진펄土壤	표백성진펄토양	false	false
漂絹	표견	false	false
漂絹機	표견기	false	false
漆器千金	칠기천금	false	false
漆夜半更	칠야반경	false	false
漆床	칠상	false	false
漆板닦개	칠판닦개	false	false
漆漆暗黑	칠칠암흑	false	false
漆漆黑夜	칠칠흑야	false	false
漆瞳	칠동	false	false
漆그림	칠그림	false	false
漆대우	칠대우	false	false
漆쟁이	칠쟁이	false	false
漉過	록과	false	false
漏	루	false	false
漏丁	루정	false	false
漏丁者	루정자	false	false
漏丁하다	루정하다	false	false
漏刻	루각	false	false
漏刻博士	루각박사	false	false
漏告	루고	false	false
漏告하다	루고하다	false	false
漏器	루기	false	false
漏壺	루호	false	false
漏失	루실	false	false
漏失되다	루실되다	false	false
漏失하다	루실하다	false	false
漏局	루국	false	false
漏屋	루옥	false	false
漏戶	루호	false	false
漏斗	루두	false	false
漏斗狀	루두상	false	false
漏斗狀花冠	루두상화관	false	false
漏斗網	루두망	false	false
漏杓	루표	false	false
漏歷	루력	false	false
漏氣測定學	누기측정학	false	false
漏氣被害	누기피해	false	false
漏氣견딜性	누기견딜성	false	false
漏氣빨性	누기빨성	false	false
漏氣즐김性	누기즐김성	false	false
漏氣참率	누기참률	false	false
漏氣풀림	누기풀림	false	false
漏氣풀림性	누기풀림성	false	false
漏水	루수	false	false
漏水器	루수기	false	false
漏泄	루설	false	false
漏泄度	루설도	false	false
漏泄者	루설자	false	false
漏泄誘導起電力	루설유도기전력	false	false
漏泄變壓器	루설변압기	false	false
漏泄電流	루설전류	false	false
漏泄하다	루설하다	false	false
漏洩	루설	false	false
漏洩磁束	루설자속	false	false
漏洩하다	루설하다	false	false
漏液	루액	false	false
漏濕하다	루습하다	false	false
漏瘡	루창	false	false
漏睛	루정	false	false
漏睛瘡	루정창	false	false
漏空	루공	false	false
漏空하다	루공하다	false	false
漏籍	루적	false	false
漏籍者	루적자	false	false
漏籍되다	루적되다	false	false
漏籍하다	루적하다	false	false
漏精	루정	false	false
漏結	루결	false	false
漏結하다	루결하다	false	false
漏網	루망	false	false
漏網하다	루망하다	false	false
漏聞	루문	false	false
漏聞하다	루문하다	false	false
漏胎	루태	false	false
漏落	루락	false	false
漏落者	루락자	false	false
漏落되다	루락되다	false	false
漏落하다	루락하다	false	false
漏蘆	루로	false	false
漏血	루혈	false	false
漏話	루화	false	false
漏電	루전	false	false
漏電되다	루전되다	false	false
漏電하다	루전하다	false	false
漏風	루풍	false	false
漏風症	루풍증	false	false
漏點	루점	false	false
漏鼓	루고	false	false
演出力點	연출력점	false	false
演出第一主義	연출제일주의	false	false
演出體系	연출체계	false	false
演劇組	연극조	false	false
演奏家席	연주가석	false	false
演奏隊	연주대	false	false
演奏靴	연주화	false	false
演技案	연기안	false	false
演技習作	연기습작	false	false
演技行動	연기행동	false	false
演技風	연기풍	false	false
演目	연목	false	false
演算體系	연산체계	false	false
演藝隊	연예대	false	false
演試臺	연시대	false	false
漕艇노	조정노	false	false
漢字校正音	한자교정음	false	false
漢江商人	한강상인	false	false
漢나山	한나산	false	false
漣漪	련의	false	false
漣音	련음	false	false
漫漫이걸음	만만이걸음	false	false
漫漫이걸음하다	만만이걸음하다	false	false
漫畫化	만화화	false	false
漬墨	지묵	false	false
漬墨하다	지묵하다	false	false
漬浸	지침	false	false
漸墜	점추	false	false
漸墜하다	점추하다	false	false
漸次的採伐	점차적채벌	false	false
漸次近似法	점차근사법	false	false
漸趨	점추	false	false
漸趨하다	점추하다	false	false
漿水	장수	false	false
潔癖하다	결벽하다	false	false
潛伏戰	잠복전	false	false
潛伏線	잠복선	false	false
潛商군	잠상군	false	false
潛在的語彙	잠재적어휘	false	false
潛心	잠심	false	false
潛心하다	잠심하다	false	false
潛水桶	잠수통	false	false
潛水船	잠수선	false	false
潛水다리	잠수다리	false	false
潛潛	잠잠	false	false
潛網이	잠망이	false	false
潛閉	잠페	false	false
潛閉하다	잠페하다	false	false
潢	황	false	false
潤和스럽다	윤화스럽다	false	false
潤和하다	윤화하다	false	false
潤月	륜월	false	false
潤滑	윤활	false	false
潤滑冷却液	윤활랭각액	false	false
潤滑되다	윤활되다	false	false
潤滑하다	윤활하다	false	false
潤濕期	윤습기	false	false
潤色	윤색	false	false
潦水	료수	false	false
潦炎	료염	false	false
潦熱	료열	false	false
潭沼	담소	false	false
潮水力發電所	조수력발전소	false	false
潮水力發電機	조수력발전기	false	false
潮水力資源	조수력자원	false	false
潮汐不同	조석부동	false	false
潮汐흐름	조석흐름	false	false
潮波試驗	조파시험	false	false
潮流境界層	조류경계층	false	false
潮流日潮不等	조류일조부등	false	false
潮금帶	조금대	false	false
潮금물높이	조금물높이	false	false
潮금미세기	조금미세기	false	false
潰裂	궤렬	false	false
潰裂하다	궤렬하다	false	false
潺流	잔류	false	false
澱淤	전어	false	false
激勢	격세	false	false
激度	격도	false	false
激衝	격충	false	false
激衝되다	격충되다	false	false
激衝하다	격충하다	false	false
激차다	격차다	false	false
激하다	격하다	false	false
濁하다	탁하다	false	false
濃化鎔鍊	농화용련	false	false
濃厚水銀軟膏	농후수은연고	false	false
濃度濾波器	농도려파기	false	false
濃度計	농도계	false	false
濃硫酸	농류산	false	false
濃紅銀鑛	농홍은광	false	false
濃縮	농축	false	false
濃縮機	농축기	false	false
濃縮鎔鍊	농축용련	false	false
濃縮가마	농축가마	false	false
濃縮되다	농축되다	false	false
濃縮하다	농축하다	false	false
濃色效果	농색효과	false	false
濃薄	농박	false	false
濃藍	농남	false	false
濃酸	농산	false	false
濕入式	습입식	false	false
濕入式錠劑	습입식정제	false	false
濕地이끼	습지이끼	false	false
濕地판	습지판	false	false
濕式燐酸	습식린산	false	false
濕式穿孔法	습식천공법	false	false
濕式自粉碎機	습식자분쇄기	false	false
濕式먼지잡이	습식먼지잡이	false	false
濕氣마당	습기마당	false	false
濕潤灌漑	습윤관개	false	false
濕穀	습곡	false	false
濟州島독나무좀	제주도독나무좀	false	false
濟州褐色풍뎅이	제주갈색풍뎅이	false	false
濟州벗나무	제주벗나무	false	false
濟濟林立	제제림립	false	false
濫下	람하	false	false
濫下하다	람하하다	false	false
濫事	람사	false	false
濫伐	람벌	false	false
濫伐되다	람벌되다	false	false
濫伐하다	람벌하다	false	false
濫作	람작	false	false
濫作하다	람작하다	false	false
濫分하다	람분하다	false	false
濫刑	람형	false	false
濫刑하다	람형하다	false	false
濫徵	람징	false	false
濫徵하다	람징하다	false	false
濫杖	람장	false	false
濫杖하다	람장하다	false	false
濫殺	람살	false	false
濫法	람법	false	false
濫法하다	람법하다	false	false
濫獲	람획	false	false
濫獲하다	람획하다	false	false
濫用	람용	false	false
濫用되다	람용되다	false	false
濫用하다	람용하다	false	false
濫發	람발	false	false
濫發되다	람발되다	false	false
濫發하다	람발하다	false	false
濫盜伐	람도벌	false	false
濫盜伐하다	람도벌하다	false	false
濫職	람직	false	false
濫製	람제	false	false
濫製品	람제품	false	false
濫製하다	람제하다	false	false
濫觴	람상	false	false
濫費	람비	false	false
濫費하다	람비하다	false	false
濫賞	람상	false	false
濫賞하다	람상하다	false	false
濫造	람조	false	false
濫造品	람조품	false	false
濫造하다	람조하다	false	false
濫食	람식	false	false
濫食하다	람식하다	false	false
濫하다	람하다	false	false
濾光器	려광기	false	false
濾出性出血	려출성출혈	false	false
濾出液	려출액	false	false
濾布	려포	false	false
濾材	려재	false	false
濾水羅	려수라	false	false
濾波器	려파기	false	false
濾波곁數	려파곁수	false	false
濾液	려액	false	false
濾紙	려지	false	false
濾胞	려포	false	false
濾胞性扁桃炎	려포성편도염	false	false
濾過	려과	false	false
濾過器	려과기	false	false
濾過室	려과실	false	false
濾過工	려과공	false	false
濾過布	려과포	false	false
濾過性	려과성	false	false
濾過桶	려과통	false	false
濾過棒	려과봉	false	false
濾過水	려과수	false	false
濾過池	려과지	false	false
濾過粕	려과박	false	false
濾過紙	려과지	false	false
濾過綿	려과면	false	false
濾過脫水機	려과탈수기	false	false
濾過담배	려과담배	false	false
濾過종이	려과종이	false	false
瀉肺	사페	false	false
瀕死逆境	빈사역경	false	false
瀛州덩굴	영주덩굴	false	false
瀝靑	력청	false	false
瀝靑化作用	력청화작용	false	false
瀝靑炭	력청탄	false	false
瀝靑石	력청석	false	false
灌水管	관수관	false	false
灌漑業	관개업	false	false
灌漑물길	관개물길	false	false
灌漑줄기물길	관개줄기물길	false	false
灌燭寺돌부처	관촉사돌부처	false	false
火乾場	화건장	false	false
火傷油	화상유	false	false
火力	화력	false	false
火力中隊	화력중대	false	false
火力區域	화력구역	false	false
火力協同	화력협동	false	false
火力圖	화력도	false	false
火力地帶	화력지대	false	false
火力小隊	화력소대	false	false
火力打擊	화력타격	false	false
火力指揮	화력지휘	false	false
火力服務	화력복무	false	false
火力機動	화력기동	false	false
火力空間	화력공간	false	false
火力築城物	화력축성물	false	false
火口	화구	false	false
火口筒	화구통	false	false
火器	화기	false	false
火山감탕	화산감탕	false	false
火山먼지	화산먼지	false	false
火山줄기	화산줄기	false	false
火床整理	화상정리	false	false
火木林	화목림	false	false
火殺	화살	false	false
火殺하다	화살하다	false	false
火氣性傷處	화기성상처	false	false
火氣性骨折	화기성골절	false	false
火氣病	화기병	false	false
火氣내	화기내	false	false
火焰式射孔	화염식사공	false	false
火焰放射裝甲車	화염방사장갑차	false	false
火田그루	화전그루	false	false
火筒군	화통군	false	false
火線入黨	화선입당	false	false
火線入黨되다	화선입당되다	false	false
火線入黨하다	화선입당하다	false	false
火線冶匠間	화선야장간	false	false
火線區域	화선구역	false	false
火線放送	화선방송	false	false
火線放送하다	화선방송하다	false	false
火線樂器	화선악기	false	false
火線길	화선길	false	false
火繩拳銃	화승권총	false	false
火花	화화	false	false
火藥내	화약내	false	false
火鏡	화경	false	false
火鏡눈	화경눈	false	false
火鐵籠	화철롱	false	false
火鑌燧	화빈수	false	false
火食兵	화식병	false	false
火食夫	화식부	false	false
火食長	화식장	false	false
火김	화김	false	false
火담배	화담배	false	false
火담배질	화담배질	false	false
火담배질하다	화담배질하다	false	false
火독	화독	false	false
火받이	화받이	false	false
灰壁畫	회벽화	false	false
灰壁그림	회벽그림	false	false
灰白色繭	회백색견	false	false
灰白色작은밤나비	회백색작은밤나비	false	false
灰粥壁	회죽벽	false	false
灰粥天井	회죽천정	false	false
灰色卵	회색란	false	false
灰色螟밤나비	회색명밤나비	false	false
灰色눈잎말이벌레	회색눈잎말이벌레	false	false
灰色돌드레번티기	회색돌드레번티기	false	false
灰色서리밤나비	회색서리밤나비	false	false
灰芒硝	회망초	false	false
灰蛾	회아	false	false
灰가루	회가루	false	false
灰독	회독	false	false
灰땜	회땜	false	false
灰땜하다	회땜하다	false	false
灰떡	회떡	false	false
灰바위	회바위	false	false
灰바위물	회바위물	false	false
灰박	회박	false	false
灰밤色螟밤나비	회밤색명밤나비	false	false
灼彈手	작탄수	false	false
灼熱	작열	false	false
灼熱되다	작열되다	false	false
灼熱하다	작열하다	false	false
灼燦하다	작찬하다	false	false
災害防止綠地	재해방지록지	false	false
炊事隊	취사대	false	false
炎毒	염독	false	false
炎症藥	염증약	false	false
炙	적	false	false
炭場	탄장	false	false
炭夫節	탄부절	false	false
炭屑	탄설	false	false
炭木	탄목	false	false
炭水夫	탄수부	false	false
炭瀝靑	탄력청	false	false
炭爐	탄로	false	false
炭疽病菌	탄저병균	false	false
炭素分子채	탄소분자채	false	false
炭素審査年代測定法	탄소심사년대측정법	false	false
炭素質솔	탄소질솔	false	false
炭素그을음	탄소그을음	false	false
炭素넣기	탄소넣기	false	false
炭素떼기	탄소떼기	false	false
炭素빼기	탄소빼기	false	false
炭質比	탄질비	false	false
炭酸亞鉛鑛	탄산아연광	false	false
炭酸肥料	탄산비료	false	false
炭酸苦土鑛	탄산고토광	false	false
炭酸鉛鑛	탄산연광	false	false
炭酸鹽度	탄산염도	false	false
炭酸鹽鎔融	탄산염용융	false	false
炭酸가루藥	탄산가루약	false	false
炭酸종이	탄산종이	false	false
炭鑛救護隊	탄광구호대	false	false
炭高	탄고	false	false
炭군	탄군	false	false
炭기둥	탄기둥	false	false
炭마당	탄마당	false	false
炭밭	탄밭	false	false
炭주머니	탄주머니	false	false
炭캐기	탄캐기	false	false
炳煥	병환	false	false
炸爆藥	작폭약	false	false
烈光	렬광	false	false
烈士	렬사	false	false
烈士塔	렬사탑	false	false
烈士碑	렬사비	false	false
烈士證	렬사증	false	false
烈士院	렬사원	false	false
烈士陵	렬사릉	false	false
烈女	렬녀	false	false
烈女傳	렬녀전	false	false
烈女旌碑	렬녀정비	false	false
烈女旌門	렬녀정문	false	false
烈女旌閭碑	렬녀정려비	false	false
烈女碑	렬녀비	false	false
烈女門	렬녀문	false	false
烈婦	렬부	false	false
烈寒	렬한	false	false
烈文舞	렬문무	false	false
烈日	렬일	false	false
烈火	렬화	false	false
烈烈하다	렬렬하다	false	false
烈祖	렬조	false	false
烈節	렬절	false	false
烈行	렬행	false	false
烈震	렬진	false	false
烈風	렬풍	false	false
烏合雜놈	오합잡놈	false	false
烏扇	오선	false	false
烏水眼鏡	오수안경	false	false
烙刑	락형	false	false
烙刑하다	락형하다	false	false
烙印	락인	false	false
烙印하다	락인하다	false	false
烙契	락계	false	false
烙殺	락살	false	false
烙殺되다	락살되다	false	false
烙殺하다	락살하다	false	false
烙竹	락죽	false	false
烙치다	락치다	false	false
烙하다	락하다	false	false
烽火塔	봉화탑	false	false
烽火體操	봉화체조	false	false
烽火뚝	봉화뚝	false	false
烽燧불	봉수불	false	false
焙燒球團鑛	배소구단광	false	false
無中	무중	false	false
無主墓	무주묘	false	false
無人稱動詞	무인칭동사	false	false
無人稱文	무인칭문	false	false
無任所相	무임소상	false	false
無依無托生	무의무탁생	false	false
無償分與	무상분여	false	false
無光澤加工	무광택가공	false	false
無利子	무리자	false	false
無利息	무리식	false	false
無力性症候群	무력성증후군	false	false
無卒將軍	무졸장군	false	false
無反衝砲	무반충포	false	false
無口囊蟲病	무구낭충병	false	false
無名士	무명사	false	false
無回轉공	무회전공	false	false
無壓흐름	무압흐름	false	false
無守人燈臺	무수인등대	false	false
無定形體	무정형체	false	false
無害勞動	무해로동	false	false
無害航海權	무해항해권	false	false
無害물매	무해물매	false	false
無廉恥하다	무렴치하다	false	false
無心硏磨	무심연마	false	false
無心硏磨盤	무심연마반	false	false
無惜하다	무석하다	false	false
無意無欲症	무의무욕증	false	false
無意症	무의증	false	false
無意識群衆	무의식군중	false	false
無意하다	무의하다	false	false
無感度帶域	무감도대역	false	false
無所得	무소득	false	false
無所得하다	무소득하다	false	false
無才幹둥이	무재간둥이	false	false
無技能工	무기능공	false	false
無接辭形態	무접사형태	false	false
無政見하다	무정견하다	false	false
無效分蘖	무효분얼	false	false
無效性三極素子	무효성삼극소자	false	false
無效抵抗	무효저항	false	false
無效率	무효률	false	false
無效아지	무효아지	false	false
無文律	무문률	false	false
無文錢	무문전	false	false
無料義務敎育	무료의무교육	false	false
無料義務敎育制	무료의무교육제	false	false
無服	무복	false	false
無根說話	무근설화	false	false
無條件極값問題	무조건극값문제	false	false
無機指示藥	무기지시약	false	false
無機殺草劑	무기살초제	false	false
無機質抑制劑	무기질억제제	false	false
無機質硫黃	무기질류황	false	false
無機酸中毒	무기산중독	false	false
無深度基礎	무심도기초	false	false
無照明目標	무조명목표	false	false
無狀하다	무상하다	false	false
無現金決濟	무현금결제	false	false
無理指數	무리지수	false	false
無理어깨數	무리어깨수	false	false
無産政府	무산정부	false	false
無産民衆	무산민중	false	false
無疑	무의	false	false
無痛解産法	무통해산법	false	false
無益有害하다	무익유해하다	false	false
無知莫識하다	무지막식하다	false	false
無私無偏하다	무사무편하다	false	false
無窮花鐘덩굴	무궁화종덩굴	false	false
無窮花잎밤나비	무궁화잎밤나비	false	false
無立木地	무립목지	false	false
無級	무급	false	false
無紡錘精紡機	무방추정방기	false	false
無組織천	무조직천	false	false
無線反作用	무선반작용	false	false
無線對話機	무선대화기	false	false
無線手	무선수	false	false
無線指令機	무선지령기	false	false
無線方向	무선방향	false	false
無線機方向角	무선기방향각	false	false
無線熱偵察	무선열정찰	false	false
無線熱探知	무선열탐지	false	false
無線熱探知機	무선열탐지기	false	false
無線燈臺	무선등대	false	false
無線監視	무선감시	false	false
無線磁差	무선자차	false	false
無線組	무선조	false	false
無線結束所	무선결속소	false	false
無線航路燈臺	무선항로등대	false	false
無線航路線	무선항로선	false	false
無線諸元	무선제원	false	false
無線通信競技	무선통신경기	false	false
無線電子偵察船	무선전자정찰선	false	false
無線電子防衛	무선전자방위	false	false
無線電子鬪爭	무선전자투쟁	false	false
無線電波僞裝	무선전파위장	false	false
無縫管	무봉관	false	false
無縫鋼管	무봉강관	false	false
無織布	무직포	false	false
無缺	무결	false	false
無羊膜動物	무양막동물	false	false
無翼鳥	무익조	false	false
無聯關性	무련관성	false	false
無能漢	무능한	false	false
無脈하다	무맥하다	false	false
無腔線武器	무강선무기	false	false
無腫瘍法	무종양법	false	false
無色素菌그루	무색소균그루	false	false
無花果金날개밤나비	무화과금날개밤나비	false	false
無花果속벌레	무화과속벌레	false	false
無菌등뼈動物	무균등뼈동물	false	false
無蓋방통	무개방통	false	false
無被覆窟	무피복굴	false	false
無親無依하다	무친무의하다	false	false
無解車修理	무해차수리	false	false
無記憶症	무기억증	false	false
無識夜昧하다	무식야매하다	false	false
無警覺性	무경각성	false	false
無警覺하다	무경각하다	false	false
無輻射再結合	무복사재결합	false	false
無道殘忍하다	무도잔인하다	false	false
無酸化鎔解	무산화용해	false	false
無限合列	무한합렬	false	false
無限軌道式掘鑿機	무한궤도식굴착기	false	false
無限軌道式掘鑿積載機	무한궤도식굴착적재기	false	false
無限軌道式走行設備	무한궤도식주행설비	false	false
無限따르기	무한따르기	false	false
無限모임	무한모임	false	false
無限사슬바가지浚渫船	무한사슬바가지준첩선	false	false
無階段傳動	무계단전동	false	false
無階段變速	무계단변속	false	false
無階段變速機	무계단변속기	false	false
無電文	무전문	false	false
無題詩	무제시	false	false
無顎動物	무악동물	false	false
無類無比하다	무류무비하다	false	false
無點정어리	무점정어리	false	false
無黨性	무당성	false	false
無齒硬口蟲	무치경구충	false	false
無값	무값	false	false
無빔紡績	무빔방적	false	false
無재미하다	무재미하다	false	false
無짜	무짜	false	false
焦戰	초전	false	false
焦點法	초점법	false	false
焦點퍼짐	초점퍼짐	false	false
焮腫	흔종	false	false
焰筒	염통	false	false
焰筒式	염통식	false	false
焰群	염군	false	false
煅淬	단쇄	false	false
煆鍊	하련	false	false
煉丹	련단	false	false
煉丹하다	련단하다	false	false
煉乳	련유	false	false
煉乳암	련유암	false	false
煉合	련합	false	false
煉合하다	련합하다	false	false
煉土機	련토기	false	false
煉炭	련탄	false	false
煉獄	련옥	false	false
煉瓦	련와	false	false
煉白粉	련백분	false	false
煉臍	련제	false	false
煉藥	련약	false	false
煉藥하다	련약하다	false	false
煉蜜	련밀	false	false
煎長斫	전장작	false	false
煖圈	난권	false	false
煙室門	연실문	false	false
煙房	연방	false	false
煙氣뭉치	연기뭉치	false	false
煙氣발	연기발	false	false
煙氣안개	연기안개	false	false
煙火師	연화사	false	false
煙火術	연화술	false	false
煙禁	연금	false	false
煙筒稅	연통세	false	false
煙鐵	련철	false	false
煞내림	살내림	false	false
照尺裝置	조척장치	false	false
照律	조률	false	false
照心鏡	조심경	false	false
照明燈	조명등	false	false
照明燈臺	조명등대	false	false
照明飛行機	조명비행기	false	false
照望군	조망군	false	false
照殺法	조살법	false	false
照準曲線	조준곡선	false	false
照準漁撈	조준어로	false	false
照準電波探知機	조준전파탐지기	false	false
照角	조각	false	false
照賊燈	조적등	false	false
照門尺	조문척	false	false
煩心	번심	false	false
煩惱로이	번뇌로이	false	false
煩惱롭다	번뇌롭다	false	false
煩難하다	번난하다	false	false
煽動網	선동망	false	false
熒熒하다	형형하다	false	false
熒熒히	형형히	false	false
熒聞	형문	false	false
熟成	숙성	false	false
熟成機	숙성기	false	false
熟材樹種	숙재수종	false	false
熟綾子	숙릉자	false	false
熟質	숙질	false	false
熟麻노	숙마노	false	false
熨法	위법	false	false
熱作業體	열작업체	false	false
熱傳導곁數	열전도곁수	false	false
熱傳達곁數	열전달곁수	false	false
熱光	열광	false	false
熱分解分析法	열분해분석법	false	false
熱力學	열력학	false	false
熱力學的狀態量	열력학적상태량	false	false
熱力學的系	열력학적계	false	false
熱力學的線圖	열력학적선도	false	false
熱力學的비김	열력학적비김	false	false
熱可塑性풀	열가소성풀	false	false
熱呼吸促迫	열호흡촉박	false	false
熱天平	열천평	false	false
熱帶東風帶	열대동풍대	false	false
熱帶숲	열대숲	false	false
熱慣性	열관성	false	false
熱效率	열효률	false	false
熱暍	열할	false	false
熱服	열복	false	false
熱服하다	열복하다	false	false
熱死病	열사병	false	false
熱氣暖房	열기난방	false	false
熱求	열구	false	false
熱灌流곁數	열관류곁수	false	false
熱監視機具	열감시기구	false	false
熱磁氣天平	열자기천평	false	false
熱穿孔	열천공	false	false
熱穿孔機	열천공기	false	false
熱管	열관	false	false
熱紅	열홍	false	false
熱網	열망	false	false
熱網支線	열망지선	false	false
熱網管	열망관	false	false
熱處理媒質	열처리매질	false	false
熱螢光年代測定法	열형광년대측정법	false	false
熱螢光量	열형광량	false	false
熱誠者	열성자	false	false
熱負荷	열부하	false	false
熱輻射偵察器材	열복사정찰기재	false	false
熱鍊	열련	false	false
熱鍊하다	열련하다	false	false
熱間型鍛造	열간형단조	false	false
熱間터짐	열간터짐	false	false
熱雙金屬	열쌍금속	false	false
熱電偶	열전우	false	false
熱電冷凍素子	열전랭동소자	false	false
熱電動力	열전동력	false	false
熱電對列	열전대렬	false	false
熱電氣溫度計	열전기온도계	false	false
熱電氣줄	열전기줄	false	false
熱風暖房	열풍난방	false	false
熱갈림	열갈림	false	false
熱갱質	열갱질	false	false
熱견딜合金	열견딜합금	false	false
熱견딜性	열견딜성	false	false
熱견딜琉璃	열견딜유리	false	false
熱견딜鋼	열견딜강	false	false
熱견딜세기	열견딜세기	false	false
熱끊음	열끊음	false	false
熱나기	열나기	false	false
熱들이	열들이	false	false
熱막이감	열막이감	false	false
熱묵魚	열묵어	false	false
熱바람	열바람	false	false
熱빨기反應	열빨기반응	false	false
熱식힘	열식힘	false	false
熱식힘藥	열식힘약	false	false
熱차다	열차다	false	false
熱찬빛	열찬빛	false	false
熱풀	열풀	false	false
熱흐름	열흐름	false	false
熾烈	치렬	false	false
熾烈悽絕하다	치렬처절하다	false	false
熾烈하다	치렬하다	false	false
熾烈히	치렬히	false	false
燃料制量구멍	연료제량구멍	false	false
燃料動力基地	연료동력기지	false	false
燃料噴射앞섬角	연료분사앞섬각	false	false
燃料武器	연료무기	false	false
燃油倉	연유창	false	false
燃하다	연하다	false	false
燈器	등기	false	false
燈柱	등주	false	false
燈榜	등방	false	false
燈皮갓	등피갓	false	false
燈皮알	등피알	false	false
燈盤	등반	false	false
燈臺배	등대배	false	false
燈臺불	등대불	false	false
燈色	등색	false	false
燈質	등질	false	false
燈高	등고	false	false
燈대줄	등대줄	false	false
燈불臺	등불대	false	false
燈불끄기	등불끄기	false	false
燈불나비	등불나비	false	false
燈불떼	등불떼	false	false
燈알	등알	false	false
燈지기	등지기	false	false
燈찌	등찌	false	false
燎原之火	료원지화	false	false
燎火	료화	false	false
燐	린	false	false
燐中毒	린중독	false	false
燐光	린광	false	false
燐光分析	린광분석	false	false
燐光寫眞	린광사진	false	false
燐光漆감	린광칠감	false	false
燐光體	린광체	false	false
燐分	린분	false	false
燐化亞鉛	린화아연	false	false
燐化合物	린화합물	false	false
燐化物	린화물	false	false
燐有機化合物	린유기화합물	false	false
燐火	린화	false	false
燐灰巖	린회암	false	false
燐灰石	린회석	false	false
燐石膏	린석고	false	false
燐系毒害物	린계독해물	false	false
燐肥料	린비료	false	false
燐酸	린산	false	false
燐酸化농마	린산화농마	false	false
燐酸無水物	린산무수물	false	false
燐酸銀	린산은	false	false
燐酸鐵	린산철	false	false
燐酸鹽	린산염	false	false
燐酸鹽琉璃	린산염유리	false	false
燐鑛	린광	false	false
燐鑛滓	린광재	false	false
燐기름質	린기름질	false	false
燐놋	린놋	false	false
燐떼기	린떼기	false	false
燐빛漆감	린빛칠감	false	false
燐빼기	린빼기	false	false
燒合	소합	false	false
燒夷銃彈	소이총탄	false	false
燒成硼素肥料	소성붕소비료	false	false
燒戾	소려	false	false
燒戾하다	소려하다	false	false
燒毛실	소모실	false	false
燒湯	소탕	false	false
燒準	소준	false	false
燒準區域	소준구역	false	false
燒硬	소경	false	false
燒硬하다	소경하다	false	false
燒結爐	소결로	false	false
燒結爐裝入車	소결로장입차	false	false
燒結陰極	소결음극	false	false
燒結모래	소결모래	false	false
燒結자갈	소결자갈	false	false
燒鈍雙晶	소둔쌍정	false	false
燒鑛	소광	false	false
燕灘	연탄	false	false
燕灘郡	연탄군	false	false
燕鶻	연골	false	false
營梱幕冊	영곤막책	false	false
營私	영사	false	false
營繭場	영견장	false	false
營譽稱號	영예칭호	false	false
營農行事表	영농행사표	false	false
營閫	영곤	false	false
營養湖	영양호	false	false
營養生理	영양생리	false	false
營養管	영양관	false	false
營養系추림育種法	영양계추림육종법	false	false
營養胞子	영양포자	false	false
營養面積	영양면적	false	false
營養가지	영양가지	false	false
營養단지	영양단지	false	false
營養단지假植法	영양단지가식법	false	false
營養뿌리	영양뿌리	false	false
營養섞붙임	영양섞붙임	false	false
燭花	촉화	false	false
爆宏理論	폭굉리론	false	false
爆彈걸개틀	폭탄걸개틀	false	false
爆擊密度	폭격밀도	false	false
爆擊照準略圖	폭격조준략도	false	false
爆擊視準線	폭격시준선	false	false
爆擊飛行隊	폭격비행대	false	false
爆發型鍛造	폭발형단조	false	false
爆發穿孔	폭발천공	false	false
爆發造形	폭발조형	false	false
爆發集中效果	폭발집중효과	false	false
爆發다짐	폭발다짐	false	false
爆藥比消費量	폭약비소비량	false	false
爆雷投射機	폭뢰투사기	false	false
爆雷投雷機	폭뢰투뢰기	false	false
爆鳴氣體	폭명기체	false	false
爐	로	false	false
爐中火	로중화	false	false
爐先生	로선생	false	false
爐入	로입	false	false
爐口	로구	false	false
爐地	로지	false	false
爐壽命	로수명	false	false
爐天井	로천정	false	false
爐工	로공	false	false
爐工學	로공학	false	false
爐底	로저	false	false
爐殿	로전	false	false
爐殿僧	로전승	false	false
爐殿스님	로전스님	false	false
爐況	로황	false	false
爐火	로화	false	false
爐炭	로탄	false	false
爐熱工學	로열공학	false	false
爐熱效率	로열효률	false	false
爐甘石	로감석	false	false
爐眼鏡	로안경	false	false
爐邊	로변	false	false
爐長	로장	false	false
爐門	로문	false	false
爐雰圍氣	로분위기	false	false
爐頂	로정	false	false
爐體	로체	false	false
爐體工	로체공	false	false
爐體送風	로체송풍	false	false
爐가슴	로가슴	false	false
爐굴뚝	로굴뚝	false	false
爐머리	로머리	false	false
爐멈추기	로멈추기	false	false
爐밑통	로밑통	false	false
爐쌓기	로쌓기	false	false
爐안붙임	로안붙임	false	false
爐허리	로허리	false	false
爛依瘡	란의창	false	false
爛報	란보	false	false
爛弦風	란현풍	false	false
爛柯	란가	false	false
爛漫相議	란만상의	false	false
爛漫相議하다	란만상의하다	false	false
爛漫하다	란만하다	false	false
爛漫히	란만히	false	false
爛熟	란숙	false	false
爛熟期	란숙기	false	false
爛熟하다	란숙하다	false	false
爛燐	란린	false	false
爛燐하다	란린하다	false	false
爛發	란발	false	false
爛脚風	란각풍	false	false
爛腸	란장	false	false
爛議	란의	false	false
爛醉	란취	false	false
爛醉하다	란취하다	false	false
爛開	란개	false	false
爛開하다	란개하다	false	false
爭渡	쟁도	false	false
爭渡하다	쟁도하다	false	false
爭鋒	쟁봉	false	false
爭鋒하다	쟁봉하다	false	false
爲替	위체	false	false
父家長	부가장	false	false
父家長制	부가장제	false	false
父家長制度	부가장제도	false	false
父家長的氏族共同體	부가장적씨족공동체	false	false
父家長的經濟	부가장적경제	false	false
父母姊兄	부모자형	false	false
父母蒙喪	부모몽상	false	false
爻周	효주	false	false
爽味	상미	false	false
爽和하다	상화하다	false	false
爾來	이래	false	false
牆隙	장극	false	false
片蒸편	편증편	false	false
片言隻辭	편언척사	false	false
版校正機	판교정기	false	false
版組立	판조립	false	false
版걸이	판걸이	false	false
版걸이臺	판걸이대	false	false
版걸이되다	판걸이되다	false	false
版걸이하다	판걸이하다	false	false
版그릇	판그릇	false	false
版만들기	판만들기	false	false
版씻기	판씻기	false	false
版짜기函	판짜기함	false	false
版짜기臺	판짜기대	false	false
版헐기	판헐기	false	false
牌눈	패눈	false	false
牌말	패말	false	false
牌말뚝	패말뚝	false	false
牙善하다	아선하다	false	false
牙病	아병	false	false
牙痛	아통	false	false
牙行	아항	false	false
牛乳商	우유상	false	false
牛乳빛	우유빛	false	false
牛乳살	우유살	false	false
牛羊角	우양각	false	false
牛肺疫	우페역	false	false
牛舍幕	우사막	false	false
牛角肋	우각륵	false	false
牛車工	우차공	false	false
牛車군	우차군	false	false
牛馬賃耕所	우마임경소	false	false
牛발夫	우발부	false	false
牡丹菓子	모란과자	false	false
牡丹뿌리껍질	모란뿌리껍질	false	false
牡丹풀	모란풀	false	false
牢子	뢰자	false	false
牢定	뢰정	false	false
牢定하다	뢰정하다	false	false
牢籠	뢰롱	false	false
牢籠하다	뢰롱하다	false	false
牢約	뢰약	false	false
牢約하다	뢰약하다	false	false
物件所在地法	물건소재지법	false	false
物故	물고	false	false
物標	물표	false	false
物理化學的精製法	물리화학적정제법	false	false
物理天平	물리천평	false	false
物理的刺戟漁撈	물리적자극어로	false	false
物理的風化作用	물리적풍화작용	false	false
物理脫色	물리탈색	false	false
物理運動論	물리운동론	false	false
物理흔들이	물리흔들이	false	false
物産商社	물산상사	false	false
物産奬勵	물산장려	false	false
物産客主	물산객주	false	false
物質平衡試驗法	물질평형시험법	false	false
物質技術的土臺	물질기술적토대	false	false
物質文化生活	물질문화생활	false	false
物質生産速度	물질생산속도	false	false
物質的刺戟	물질적자극	false	false
物質的要塞	물질적요새	false	false
物質的關心性의原則	물질적관심성의원칙	false	false
牴牾	저오	false	false
牴牾하다	저오하다	false	false
牸牛	자우	false	false
特別列車	특별렬차	false	false
特別車	특별차	false	false
特別돈자리	특별돈자리	false	false
特務上士	특무상사	false	false
特大形旋盤	특대형선반	false	false
特庫	특고	false	false
特徵	특징	false	false
特徵種	특징종	false	false
特性評價圃	특성평가포	false	false
特技	특기	false	false
特權黨	특권당	false	false
特殊技巧撮影機	특수기교촬영기	false	false
特殊掘進法	특수굴진법	false	false
特殊料金	특수료금	false	false
特殊的인것	특수적인것	false	false
特殊經濟法則	특수경제법칙	false	false
特殊農業氣候區	특수농업기후구	false	false
特殊물뚝	특수물뚝	false	false
特殊짐函	특수짐함	false	false
特殊칠감	특수칠감	false	false
特派記者	특파기자	false	false
特異療法	특이료법	false	false
特白米	특백미	false	false
特選試藥	특선시약	false	false
特閣	특각	false	false
牽伸工程	견신공정	false	false
牽切	견절	false	false
牽切纖維	견절섬유	false	false
牽制戰鬪	견제전투	false	false
牽引定量	견인정량	false	false
牽引棒	견인봉	false	false
牽引機	견인기	false	false
牽引船	견인선	false	false
牽引變電所	견인변전소	false	false
牽引運搬車	견인운반차	false	false
牽引팔	견인팔	false	false
牽馬군	견마군	false	false
犀牛角	서우각	false	false
犁鶘	리호	false	false
犁鼠	리서	false	false
犄角	의각	false	false
犄角하다	의각하다	false	false
犬效	견효	false	false
犯家	범가	false	false
犯舞	범무	false	false
犯舞하다	범무하다	false	false
狀態移行方程式	상태이행방정식	false	false
狀態移行表	상태이행표	false	false
狀態符號化	상태부호화	false	false
狀態簡單化	상태간단화	false	false
狀態모임分割	상태모임분할	false	false
狀況形	상황형	false	false
狀況語	상황어	false	false
狀況語部	상황어부	false	false
狀況토	상황토	false	false
狂意	광의	false	false
狂憂	광우	false	false
狂詩	광시	false	false
狎客	압객	false	false
狐惑	호혹	false	false
狙害	저해	false	false
狙縛	저박	false	false
狙縛하다	저박하다	false	false
狡女	교녀	false	false
狡猾者	교활자	false	false
狸子皮	리자피	false	false
狹條播	협조파	false	false
狼子野心	랑자야심	false	false
狼毒	랑독	false	false
狼火	랑화	false	false
狼煙	랑연	false	false
狼牙	랑아	false	false
狼牙草	랑아초	false	false
狼牙菜	랑아채	false	false
狼狽	랑패	false	false
狼狽感	랑패감	false	false
狼狽되다	랑패되다	false	false
狼狽스럽다	랑패스럽다	false	false
狼狽스레	랑패스레	false	false
狼狽하다	랑패하다	false	false
狼瘡	랑창	false	false
狼瘻	랑루	false	false
狼筅	랑선	false	false
狼筅槍	랑선창	false	false
狼藉하다	랑자하다	false	false
狼藉히	랑자히	false	false
狼齒	랑치	false	false
猛彈	맹탄	false	false
猛禽새	맹금새	false	false
猝亡之秋	졸망지추	false	false
猝病	졸병	false	false
猥文	외문	false	false
猥濫無雙하다	외람무쌍하다	false	false
猥濫지다	외람지다	false	false
猥畫	외화	false	false
猶太復古主義	유태복고주의	false	false
猶少하다	유소하다	false	false
獄房살이	옥방살이	false	false
獄鬼	옥귀	false	false
獤	돈	false	false
獨世上	독세상	false	false
獨作用	독작용	false	false
獨傍唱	독방창	false	false
獨創味	독창미	false	false
獨占前資本主義	독점전자본주의	false	false
獨占巨頭	독점거두	false	false
獨占的高率利潤	독점적고률리윤	false	false
獨占輩	독점배	false	false
獨幷唱	독병창	false	false
獨演劇	독연극	false	false
獨演者	독연자	false	false
獨監房	독감방	false	false
獨立大通運	독립대통운	false	false
獨立建物	독립건물	false	false
獨立式壓出器具	독립식압출기구	false	false
獨立式支持裝置	독립식지지장치	false	false
獨立放電	독립방전	false	false
獨立旗	독립기	false	false
獨立潮汐	독립조석	false	false
獨立燈臺	독립등대	false	false
獨立碑	독립비	false	false
獨立節	독립절	false	false
獨立防空壕	독립방공호	false	false
獨立高地	독립고지	false	false
獨立龍馬	독립룡마	false	false
獨立물결막이뚝	독립물결막이뚝	false	false
獨線	독선	false	false
獨草	독초	false	false
獨裁狂	독재광	false	false
獨角蓮	독각련	false	false
獨詩	독시	false	false
獨詩하다	독시하다	false	false
獨걱정	독걱정	false	false
獨생각	독생각	false	false
獨춤	독춤	false	false
獨칸	독칸	false	false
獰惡스럽다	녕악스럽다	false	false
獰惡하다	녕악하다	false	false
獰惡히	녕악히	false	false
獰慝하다	녕특하다	false	false
獰毒하다	녕독하다	false	false
獰毒히	녕독히	false	false
獰猛스럽다	녕맹스럽다	false	false
獰猛하다	녕맹하다	false	false
獰猛히	녕맹히	false	false
獰肺湯	녕페탕	false	false
獰風	녕풍	false	false
獵人	렵인	false	false
獵具	렵구	false	false
獵友	렵우	false	false
獵場	렵장	false	false
獵夫	렵부	false	false
獵奇	렵기	false	false
獵奇家	렵기가	false	false
獵奇心	렵기심	false	false
獵奇的	렵기적	false	false
獵奇的作品	렵기적작품	false	false
獵奇하다	렵기하다	false	false
獵官	렵관	false	false
獵官하다	렵관하다	false	false
獵師	렵사	false	false
獵幕	렵막	false	false
獵弓	렵궁	false	false
獵戶	렵호	false	false
獵拘	렵구	false	false
獵服	렵복	false	false
獵期	렵기	false	false
獵犬	렵견	false	false
獵獵하다	녑녑하다	false	false
獵獵히	녑녑히	false	false
獵術	렵술	false	false
獵酒	렵주	false	false
獵酒하다	렵주하다	false	false
獵銃	렵총	false	false
獵鳥	렵조	false	false
獸帶星座	수대성좌	false	false
獸帶자리	수대자리	false	false
獸爐	수로	false	false
獸醫所	수의소	false	false
玄米率	현미률	false	false
玄精米機	현정미기	false	false
率	률	false	false
率然之勢	솔연지세	false	false
玉唐木	옥당목	false	false
玉嚠琴	옥류금	false	false
玉子	옥자	false	false
玉白米밥	옥백미밥	false	false
玉眉	옥미	false	false
玉童딸	옥동딸	false	false
玉糖	옥당	false	false
玉鏳子	옥증자	false	false
玉頂	옥정	false	false
玉돌집털벌레	옥돌집털벌레	false	false
玉쌀	옥쌀	false	false
玉쌀成形機	옥쌀성형기	false	false
玉쌀機械	옥쌀기계	false	false
玉쌀變成	옥쌀변성	false	false
玉쌀革命	옥쌀혁명	false	false
玉이	옥이	false	false
玉잎사귀	옥잎사귀	false	false
玉저	옥저	false	false
玉탄자	옥탄자	false	false
王墓	왕묘	false	false
王炭	왕탄	false	false
王玄胡索	왕현호색	false	false
王芭蕉	왕파초	false	false
王蓮	왕련	false	false
王가위벌레	왕가위벌레	false	false
王갈	왕갈	false	false
王갓	왕갓	false	false
王개구리	왕개구리	false	false
王길짱구	왕길짱구	false	false
王꼬니	왕꼬니	false	false
王꿰미풀	왕꿰미풀	false	false
王나리	왕나리	false	false
王낚시	왕낚시	false	false
王눈도요	왕눈도요	false	false
王눈박이	왕눈박이	false	false
王눈싸그쟁이	왕눈싸그쟁이	false	false
王눈이노래미	왕눈이노래미	false	false
王담배풀	왕담배풀	false	false
王돌버섯	왕돌버섯	false	false
王드살	왕드살	false	false
王땅	왕땅	false	false
王띠	왕띠	false	false
王메	왕메	false	false
王멸치	왕멸치	false	false
王모기	왕모기	false	false
王바스레기	왕바스레기	false	false
王벌젖	왕벌젖	false	false
王별	왕별	false	false
王뽕나무	왕뽕나무	false	false
王삼바리	왕삼바리	false	false
王송어	왕송어	false	false
王장마	왕장마	false	false
王화살나무	왕화살나무	false	false
玩愒	완게	false	false
玩藏	완장	false	false
玩藏하다	완장하다	false	false
玲瓏撥魚	령롱발어	false	false
玲瓏餺飥	령롱박탁	false	false
玲瓏하다	령롱하다	false	false
玲瓏히	령롱히	false	false
珊瑚地衣	산호지의	false	false
珊瑚燈	산호등	false	false
珊瑚게골뱅이	산호게골뱅이	false	false
珊瑚무지	산호무지	false	false
珊瑚앙금	산호앙금	false	false
珊瑚이끼	산호이끼	false	false
珊瑚제깍지벌레	산호제깍지벌레	false	false
珍嘉	진가	false	false
珍烹	진팽	false	false
珍酒	진주	false	false
珠殿	주전	false	false
珠簾발	주렴발	false	false
班列	반렬	false	false
現代五種競技	현대오종경기	false	false
現代帝國主義	현대제국주의	false	false
現代植民主義	현대식민주의	false	false
現像劑	현상제	false	false
現出作業	현출작업	false	false
現圖冊	현도책	false	false
現圖網	현도망	false	false
現在持續	현재지속	false	false
現地上學	현지상학	false	false
現地上學하다	현지상학하다	false	false
現地作家	현지작가	false	false
現地公開裁判	현지공개재판	false	false
現地裁判	현지재판	false	false
現地講義	현지강의	false	false
現地踏査	현지답사	false	false
現地踏査하다	현지답사하다	false	false
現夢	현몽	false	false
現實人	현실인	false	false
現實判斷	현실판단	false	false
現役作家	현역작가	false	false
現物優待制	현물우대제	false	false
現物契約	현물계약	false	false
現物小作制	현물소작제	false	false
現物稅	현물세	false	false
現物經理	현물경리	false	false
現物評價制	현물평가제	false	false
現相良佐	현상량좌	false	false
現行	현행	false	false
現行掘進	현행굴진	false	false
現行掘進하다	현행굴진하다	false	false
現行衛生檢閱	현행위생검열	false	false
現行計劃	현행계획	false	false
球團鑛	구단광	false	false
球場郡	구장군	false	false
球形卵	구형란	false	false
球形돌가재	구형돌가재	false	false
球狀投影法	구상투영법	false	false
球管冷却器	구관랭각기	false	false
球胞子蟲類	구포자충류	false	false
球進水	구진수	false	false
球進水되다	구진수되다	false	false
球進水하다	구진수하다	false	false
球面土卵	구면토란	false	false
球面透視圖	구면투시도	false	false
球面갓	구면갓	false	false
琅玕	랑간	false	false
琅琅하다	랑랑하다	false	false
琅琅히	랑랑히	false	false
理	리	false	false
理一元論	리일원론	false	false
理一分殊說	리일분수설	false	false
理中丸	리중환	false	false
理中湯	리중탕	false	false
理事	리사	false	false
理事國	리사국	false	false
理事會	리사회	false	false
理事長	리사장	false	false
理判	리판	false	false
理勢	리세	false	false
理化	리화	false	false
理化學	리화학	false	false
理國	리국	false	false
理國하다	리국하다	false	false
理外	리외	false	false
理學	리학	false	false
理學者	리학자	false	false
理容	리용	false	false
理念	리념	false	false
理性	리성	false	false
理性主義	리성주의	false	false
理性主義者	리성주의자	false	false
理性的認識	리성적인식	false	false
理性論	리성론	false	false
理想	리상	false	false
理想主義	리상주의	false	false
理想出力	리상출력	false	false
理想國	리상국	false	false
理想型	리상형	false	false
理想大氣	리상대기	false	false
理想峯	리상봉	false	false
理想村	리상촌	false	false
理想氣體	리상기체	false	false
理想派	리상파	false	false
理想流體	리상류체	false	false
理想液體	리상액체	false	false
理想溶液	리상용액	false	false
理想演算增幅器	리상연산증폭기	false	false
理想的	리상적	false	false
理想論	리상론	false	false
理想鄕	리상향	false	false
理想고무	리상고무	false	false
理所固然하다	리소고연하다	false	false
理所當然하다	리소당연하다	false	false
理方府	리방부	false	false
理智	리지	false	false
理智力	리지력	false	false
理智的	리지적	false	false
理曲하다	리곡하다	false	false
理會	리회	false	false
理會力	리회력	false	false
理氣	리기	false	false
理氣二元論	리기이원론	false	false
理氣說	리기설	false	false
理法	리법	false	false
理由	리유	false	false
理直하다	리직하다	false	false
理神論	리신론	false	false
理科	리과	false	false
理科大學	리과대학	false	false
理窮하다	리궁하다	false	false
理義	리의	false	false
理致	리치	false	false
理解	리해	false	false
理解力	리해력	false	false
理解心	리해심	false	false
理解點	리해점	false	false
理解되다	리해되다	false	false
理解하다	리해하다	false	false
理論	리론	false	false
理論力學	리론력학	false	false
理論化	리론화	false	false
理論天文學	리론천문학	false	false
理論家	리론가	false	false
理論收穫高	리론수확고	false	false
理論敎育	리론교육	false	false
理論文法	리론문법	false	false
理論氣象學	리론기상학	false	false
理論物理學	리론물리학	false	false
理論生物學	리론생물학	false	false
理論的	리론적	false	false
理論的揚程	리론적양정	false	false
理論的生産性	리론적생산성	false	false
理財	리재	false	false
理財하다	리재하다	false	false
理路	리로	false	false
理部	리부	false	false
理非	리비	false	false
理順하다	리순하다	false	false
理髮	리발	false	false
理髮器	리발기	false	false
理髮室	리발실	false	false
理髮師	리발사	false	false
理髮所	리발소	false	false
理髮料	리발료	false	false
理髮業	리발업	false	false
理髮館	리발관	false	false
理髮쟁이	리발쟁이	false	false
琉璃爐	유리로	false	false
琉璃筋	유리근	false	false
琉璃黑板	유리흑판	false	false
琵琶形槍끝	비파형창끝	false	false
琺瑯쪽무이壁畫	법랑쪽무이벽화	false	false
瑠璃金剛鸚鵡	유리금강앵무	false	false
瑠璃가는알락밤나비	유리가는알락밤나비	false	false
瑠璃구멍벌	유리구멍벌	false	false
瑠璃새	유리새	false	false
瑣散	쇄산	false	false
瑣散하다	쇄산하다	false	false
瑣細부레하다	쇄세부레하다	false	false
瑤池鏡단지	요지경단지	false	false
環境保護法	환경보호법	false	false
環境展開	환경전개	false	false
環境展開되다	환경전개되다	false	false
環境展開하다	환경전개하다	false	false
環境效果	환경효과	false	false
環境訓鍊	환경훈련	false	false
環孔樹種	환공수종	false	false
環狀腐敗病	환상부패병	false	false
環走筋	환주근	false	false
璽符	새부	false	false
瓊林玉樹	경림옥수	false	false
瓜時	과시	false	false
瓢주박마른잎나비	표주박마른잎나비	false	false
瓣狀花柱	판상화주	false	false
瓦匙楪	와시접	false	false
瓦壎	와훈	false	false
瓦方嚮	와방향	false	false
瓦爵	와작	false	false
瓦特鐘	와특종	false	false
瓦甁	와병	false	false
瓦甑	와증	false	false
瓦甒	와무	false	false
瓦甕	와옹	false	false
瓦盞	와잔	false	false
瓦簋	와궤	false	false
瓦簠	와보	false	false
瓦草	와초	false	false
瓦鐘	와종	false	false
瓦飯鉢	와반발	false	false
瓦饌楪	와찬접	false	false
瓦鼎	와정	false	false
甁藥水	병약수	false	false
甁사리	병사리	false	false
甁졸임	병졸임	false	false
甄用	견용	false	false
甑山郡	증산군	false	false
甓돌槨무덤	벽돌곽무덤	false	false
甓돌널무덤	벽돌널무덤	false	false
甓돌돌무덤	벽돌돌무덤	false	false
甕器쟁이	옹기쟁이	false	false
甕器파리	옹기파리	false	false
甕津郡	옹진군	false	false
甕津토막털딱지조개	옹진토막털딱지조개	false	false
甘作	감작	false	false
甘受型	감수형	false	false
甘湯療養地	감탕료양지	false	false
甘粉국수	감분국수	false	false
甘草간醬	감초간장	false	false
甘言利說	감언리설	false	false
生	생	false	false
生冬太	생동태	false	false
生前初聞	생전초문	false	false
生口實	생구실	false	false
生嘔逆질	생구역질	false	false
生嘔逆질하다	생구역질하다	false	false
生地被物	생지피물	false	false
生役事	생역사	false	false
生役事하다	생역사하다	false	false
生心말	생심말	false	false
生心말하다	생심말하다	false	false
生必	생필	false	false
生意欲	생의욕	false	false
生懲役살이	생징역살이	false	false
生懲役살이하다	생징역살이하다	false	false
生數	생수	false	false
生日百돐	생일백돐	false	false
生日百돐床	생일백돐상	false	false
生日예순돐	생일예순돐	false	false
生日예순돐床	생일예순돐상	false	false
生日집	생일집	false	false
生日판	생일판	false	false
生格	생격	false	false
生死岐路	생사기로	false	false
生死輪廻	생사륜회	false	false
生死판가리	생사판가리	false	false
生死판가리하다	생사판가리하다	false	false
生殖優勢現象	생식우세현상	false	false
生殖器받치개	생식기받치개	false	false
生殖腺여뭄새	생식선여뭄새	false	false
生殖腺여뭄새指數	생식선여뭄새지수	false	false
生毛	생모	false	false
生油層	생유층	false	false
生泥炭	생니탄	false	false
生活世態文體	생활세태문체	false	false
生活倫理	생활륜리	false	false
生活單位	생활단위	false	false
生活嗜好	생활기호	false	false
生活文化	생활문화	false	false
生活文體	생활문체	false	false
生活歷	생활력	false	false
生活空間	생활공간	false	false
生活線	생활선	false	false
生活論理	생활론리	false	false
生活費基準額	생활비기준액	false	false
生活費形態	생활비형태	false	false
生活費等級制	생활비등급제	false	false
生活費等級制度	생활비등급제도	false	false
生活費資金	생활비자금	false	false
生活退水	생활퇴수	false	false
生活遺習	생활유습	false	false
生活바탕	생활바탕	false	false
生炊爐	생취로	false	false
生炊行程	생취행정	false	false
生熟水	생숙수	false	false
生物	생물	false	false
生物學的所出	생물학적소출	false	false
生物層位學	생물층위학	false	false
生球團鑛	생구단광	false	false
生理品種	생리품종	false	false
生理學的標徵	생리학적표징	false	false
生理的가물被害	생리적가물피해	false	false
生理的마름病	생리적마름병	false	false
生産一般費	생산일반비	false	false
生産企業所	생산기업소	false	false
生産保壁管	생산보벽관	false	false
生産勞力	생산로력	false	false
生産勞動	생산로동	false	false
生産協同組合	생산협동조합	false	false
生産合作社	생산합작사	false	false
生産圃	생산포	false	false
生産外支出	생산외지출	false	false
生産實習	생산실습	false	false
生産實踐	생산실천	false	false
生産廢水	생산페수	false	false
生産建物	생산건물	false	false
生産建設	생산건설	false	false
生産指令書	생산지령서	false	false
生産指導	생산지도	false	false
生産掘進	생산굴진	false	false
生産探索	생산탐색	false	false
生産換節	생산환절	false	false
生産文化	생산문화	false	false
生産牧場	생산목장	false	false
生産的連繫	생산적련계	false	false
生産競技	생산경기	false	false
生産者大衆	생산자대중	false	false
生産豫備	생산예비	false	false
生産販賣協同組合	생산판매협동조합	false	false
生産面積	생산면적	false	false
生産體操	생산체조	false	false
生産體育	생산체육	false	false
生産體育競技	생산체육경기	false	false
生産섞붙임	생산섞붙임	false	false
生疏薄	생소박	false	false
生紬실	생주실	false	false
生罪	생죄	false	false
生色스럽다	생색스럽다	false	false
生菜	생채	false	false
生薑油	생강유	false	false
生鑛鎔鑛爐녹임法	생광용광로녹임법	false	false
生離別	생리별	false	false
生離別하다	생리별하다	false	false
生體力學	생체력학	false	false
生體律動	생체률동	false	false
生體무게	생체무게	false	false
生鮮明太	생선명태	false	false
生鮮溫飯	생선온반	false	false
生鮮醬과	생선장과	false	false
生鮮단汁	생선단즙	false	false
生鮮단醋볶음	생선단초볶음	false	false
生鮮빵가루튀기	생선빵가루튀기	false	false
生鮮찬묵	생선찬묵	false	false
生鰒젓	생복젓	false	false
生구멍	생구멍	false	false
生군데	생군데	false	false
生나무울타리	생나무울타리	false	false
生남새	생남새	false	false
生내기	생내기	false	false
生눈벌	생눈벌	false	false
生닭알	생닭알	false	false
生둥이	생둥이	false	false
生땅	생땅	false	false
生땅넓이率	생땅넓이률	false	false
生떼질	생떼질	false	false
生떼질하다	생떼질하다	false	false
生매같다	생매같다	false	false
生매같이	생매같이	false	false
生매눈	생매눈	false	false
生머리	생머리	false	false
生무게	생무게	false	false
生무덤	생무덤	false	false
生무지	생무지	false	false
生밀떡국	생밀떡국	false	false
生범벅	생범벅	false	false
生벙어리	생벙어리	false	false
生불	생불	false	false
生쇠	생쇠	false	false
生억지판	생억지판	false	false
生엄살	생엄살	false	false
生외	생외	false	false
生웃음	생웃음	false	false
生이	생이	false	false
生이발	생이발	false	false
生잠	생잠	false	false
生잡다	생잡다	false	false
生잡이	생잡이	false	false
生재기	생재기	false	false
生턱	생턱	false	false
生투정	생투정	false	false
生투정하다	생투정하다	false	false
生판내기	생판내기	false	false
生판쟁이	생판쟁이	false	false
産兒	산아	false	false
産卵率	산란률	false	false
産卵箱	산란상	false	false
産後三急	산후삼급	false	false
産後三病	산후삼병	false	false
産後痙風	산후경풍	false	false
産後탈	산후탈	false	false
産業倉庫	산업창고	false	false
産業指令電話	산업지령전화	false	false
産業毒	산업독	false	false
産業無線探知機	산업무선탐지기	false	false
産業病院	산업병원	false	false
産業的물고기	산업적물고기	false	false
産業診療所	산업진료소	false	false
産業運輸	산업운수	false	false
産業電話	산업전화	false	false
産業鳥類	산업조류	false	false
産生率	산생률	false	false
産科鉗子術	산과겸자술	false	false
産褥炎	산욕염	false	false
産道	산도	false	false
産風眼	산풍안	false	false
産비릊	산비릊	false	false
産비릊하다	산비릊하다	false	false
産애	산애	false	false
用意萬端하다	용의만단하다	false	false
用排水揚水場	용배수양수장	false	false
用材林地	용재림지	false	false
用言形토	용언형토	false	false
用言토	용언토	false	false
用量藥劑	용량약제	false	false
用鐵	용철	false	false
田園生活	전원생활	false	false
田畝	전묘	false	false
田疇	전주	false	false
田粮	전량	false	false
由하다	유하다	false	false
甲	갑	false	false
甲家乙亭	갑가을정	false	false
甲帽地衣	갑모지의	false	false
甲號警戒令	갑호경계령	false	false
甲長	갑장	false	false
甲옷地衣	갑옷지의	false	false
甲옷우레기	갑옷우레기	false	false
男丁손	남정손	false	false
男作女工	남작녀공	false	false
男僕女婢	남복녀비	false	false
男兒豪傑	남아호걸	false	false
男女平等權法令	남녀평등권법령	false	false
男女湯	남녀탕	false	false
男女老少	남녀로소	false	false
男女老幼	남녀로유	false	false
男嫁女婚	남가녀혼	false	false
男子大丈夫	남자대장부	false	false
男子손	남자손	false	false
男子손탁	남자손탁	false	false
男子싸다	남자싸다	false	false
男尊女卑	남존녀비	false	false
男聲中音標	남성중음표	false	false
男聲低音記號	남성저음기호	false	false
男聲傍唱	남성방창	false	false
男聲少傍唱	남성소방창	false	false
男聲歌手聲音	남성가수성음	false	false
男聲高音記號	남성고음기호	false	false
男負女戴	남부녀대	false	false
男동무	남동무	false	false
町當收穫高	정당수확고	false	false
町米	정미	false	false
界線射擊	계선사격	false	false
界調	계조	false	false
畏國	외국	false	false
畓面	답면	false	false
留京	류경	false	false
留京살이	류경살이	false	false
留京살이하다	류경살이하다	false	false
留京하다	류경하다	false	false
留任	류임	false	false
留任되다	류임되다	false	false
留任하다	류임하다	false	false
留保	류보	false	false
留別	류별	false	false
留別하다	류별하다	false	false
留在	류재	false	false
留學	류학	false	false
留學生	류학생	false	false
留學물	류학물	false	false
留學하다	류학하다	false	false
留守	류수	false	false
留守營	류수영	false	false
留守衙門	류수아문	false	false
留客	류객	false	false
留客珠	류객주	false	false
留客環	류객환	false	false
留客하다	류객하다	false	false
留宿	류숙	false	false
留宿집	류숙집	false	false
留宿하다	류숙하다	false	false
留屯	류둔	false	false
留巢性	류소성	false	false
留待軍	류대군	false	false
留後	류후	false	false
留御	류어	false	false
留念	류념	false	false
留念하다	류념하다	false	false
留意	류의	false	false
留意하다	류의하다	false	false
留數	류수	false	false
留民	류민	false	false
留水筆	류수필	false	false
留潮地	류조지	false	false
留營	류영	false	false
留物	류물	false	false
留糧	류량	false	false
留約	류약	false	false
留級	류급	false	false
留級하다	류급하다	false	false
留置	류치	false	false
留置人	류치인	false	false
留置囚	류치수	false	false
留置場	류치장	false	false
留置料	류치료	false	false
留置線	류치선	false	false
留置되다	류치되다	false	false
留置하다	류치하다	false	false
留聲器	류성기	false	false
留財	류재	false	false
留質	류질	false	false
留連	류련	false	false
留都	류도	false	false
留都堂上	류도당상	false	false
留都大將	류도대장	false	false
留都大臣	류도대신	false	false
留都하다	류도하다	false	false
留鄕品官	류향품관	false	false
留鄕所	류향소	false	false
留鄕所任員	류향소임원	false	false
留門	류문	false	false
留門하다	류문하다	false	false
留防	류방	false	false
留防正兵	류방정병	false	false
留防軍	류방군	false	false
留防하다	류방하다	false	false
留陣	류진	false	false
留陣將	류진장	false	false
留食	류식	false	false
留食하다	류식하다	false	false
留馬	류마	false	false
留馬하다	류마하다	false	false
留鳥	류조	false	false
留하다	류하다	false	false
畜力播種機	축력파종기	false	false
畜力農機械	축력농기계	false	false
畜力除草機	축력제초기	false	false
畜産作業班	축산작업반	false	false
畜産基地	축산기지	false	false
畜産班	축산반	false	false
畢兒	필아	false	false
畢子	필자	false	false
畢杯	필배	false	false
畢杯하다	필배하다	false	false
畢業式	필업식	false	false
畢盞	필잔	false	false
畢盞하다	필잔하다	false	false
畢盟	필맹	false	false
畢盟하다	필맹하다	false	false
略	략	false	false
略傳	략전	false	false
略取	략취	false	false
略取되다	략취되다	false	false
略取하다	략취하다	false	false
略史	략사	false	false
略圖	략도	false	false
略字	략자	false	false
略少하다	략소하다	false	false
略式	략식	false	false
略式命令	략식명령	false	false
略文	략문	false	false
略案	략안	false	false
略歷	략력	false	false
略法	략법	false	false
略測	략측	false	false
略略스럽다	략략스럽다	false	false
略略스레	략략스레	false	false
略略하다	략략하다	false	false
略略히	략략히	false	false
略畫	략화	false	false
略稱	략칭	false	false
略稱하다	략칭하다	false	false
略章	략장	false	false
略算	략산	false	false
略綬	략수	false	false
略號	략호	false	false
略表	략표	false	false
略解	략해	false	false
略解하다	략해하다	false	false
略言	략언	false	false
略言하다	략언하다	false	false
略記	략기	false	false
略記하다	략기하다	false	false
略語	략어	false	false
略語法	략어법	false	false
略說	략설	false	false
略說하다	략설하다	false	false
略請	략청	false	false
略請하다	략청하다	false	false
略論	략론	false	false
略論하다	략론하다	false	false
略譜	략보	false	false
略述	략술	false	false
略述되다	략술되다	false	false
略述하다	략술하다	false	false
略錄	략록	false	false
略錄하다	략록하다	false	false
略饌	략찬	false	false
略하다	략하다	false	false
番手재개	번수재개	false	false
番犬	번견	false	false
番號選擇機	번호선택기	false	false
番참	번참	false	false
畫工	화공	false	false
畫布못	화포못	false	false
畫布집게	화포집게	false	false
畫眉	화미	false	false
畫稿	화고	false	false
畫稿料	화고료	false	false
畫窓	화창	false	false
畫花無香	화화무향	false	false
畫面	화면	false	false
畫面周波數	화면주파수	false	false
畫面形象	화면형상	false	false
畫面搖動	화면요동	false	false
畫面檢定員	화면검정원	false	false
畫面規格	화면규격	false	false
畫面透視臺	화면투시대	false	false
畫面音樂	화면음악	false	false
畫面지우기	화면지우기	false	false
畫面크기	화면크기	false	false
畫龍點睛	화룡점정	false	false
異俗	이속	false	false
異國風霜	이국풍상	false	false
異常超凡하다	이상초범하다	false	false
異常電氣삭음	이상전기삭음	false	false
異形	이형	false	false
異形짝씨	이형짝씨	false	false
異數花	이수화	false	false
異方性硅素鋼	이방성규소강	false	false
異時	이시	false	false
異服弟	이복제	false	false
異素	이소	false	false
異義譯	이의역	false	false
當兄	당형	false	false
當兄弟	당형제	false	false
當利	당리	false	false
當歲魚	당세어	false	false
當父母	당부모	false	false
當直守	당직수	false	false
當臨	당림	false	false
當選品	당선품	false	false
當面口號	당면구호	false	false
疆宇	강우	false	false
疇人	주인	false	false
疇夕	주석	false	false
疊承	첩승	false	false
疊承하다	첩승하다	false	false
疋그물	필그물	false	false
疏毛	소모	false	false
疏通能力	소통능력	false	false
疏通臺	소통대	false	false
疑容者	의용자	false	false
疑心덩어리	의심덩어리	false	false
疑心쩍스럽다	의심쩍스럽다	false	false
疑猜	의시	false	false
疑猜하다	의시하다	false	false
疫咳	역해	false	false
疫學證明書	역학증명서	false	false
疫毒痢	역독리	false	false
疫氣	역기	false	false
疫病鬼神	역병귀신	false	false
疱疹狀皮膚炎	포진상피부염	false	false
疲勞射擊	피로사격	false	false
疲勞세기限界	피로세기한계	false	false
疲色	피색	false	false
疳疾上目	감질상목	false	false
疳症	감증	false	false
疵病	자병	false	false
疿	비	false	false
病不離身	병불리신	false	false
病不離身하다	병불리신하다	false	false
病弊	병페	false	false
病心	병심	false	false
病感症	병감증	false	false
病斃	병페	false	false
病斃하다	병페하다	false	false
病文書	병문서	false	false
病棟	병동	false	false
病棟舍	병동사	false	false
病治粧	병치장	false	false
病治粧하다	병치장하다	false	false
病症狀	병증상	false	false
病癈	병페	false	false
病癈하다	병페하다	false	false
病竈	병조	false	false
病老生死	병로생사	false	false
病蟲이	병충이	false	false
病衣	병의	false	false
病院化	병원화	false	false
病院化하다	병원화하다	false	false
病隨從	병수종	false	false
病隨從하다	병수종하다	false	false
病餘弱質	병여약질	false	false
病骸	병해	false	false
病걸린率	병걸린률	false	false
病걸림	병걸림	false	false
病꾀	병꾀	false	false
病다리	병다리	false	false
病다리이삭	병다리이삭	false	false
病피탈	병피탈	false	false
病피탈하다	병피탈하다	false	false
痔瘡	치창	false	false
痛切感	통절감	false	false
痢疾	리질	false	false
痢疾풀	리질풀	false	false
痳巴	림파	false	false
痳疾	림질	false	false
痳症	림증	false	false
痳癧	림력	false	false
痳菌	림균	false	false
瘍醫	양의	false	false
瘖藥	암약	false	false
瘠色	척색	false	false
瘤狀物	류상물	false	false
瘰癧	라력	false	false
瘰癧瘡	라력창	false	false
瘰癧瘻	라력루	false	false
瘻孔	루공	false	false
瘻痔	루치	false	false
瘻管	루관	false	false
療法	료법	false	false
療養	료양	false	false
療養券	료양권	false	false
療養地	료양지	false	false
療養所	료양소	false	false
療養治療學	료양치료학	false	false
療養生	료양생	false	false
療養託兒所	료양탁아소	false	false
療養閣	료양각	false	false
癃祕	륭비	false	false
癃閉	륭페	false	false
癆漸	로점	false	false
癆症	로증	false	false
癆瘵	로채	false	false
癌瘡	암창	false	false
癌筋	암근	false	false
癒接	유접	false	false
癘氣	려기	false	false
癘疫	려역	false	false
癘疽	려저	false	false
癘疽疔	려저정	false	false
癘瘡	려창	false	false
癘癰	려옹	false	false
癡鳥	치조	false	false
癢極難忍	양극난인	false	false
癧瘍風	력양풍	false	false
癧風	력풍	false	false
癩疾	라질	false	false
癩病	뢰병	false	false
癩病者	라병자	false	false
癩葡萄	라포도	false	false
癩頭瘡	라두창	false	false
癩風	뢰풍	false	false
癲癇性性格變化	전간성성격변화	false	false
癲癇性바보	전간성바보	false	false
癲癇重疊症	전간중첩증	false	false
登山구두	등산구두	false	false
登攀줄	등반줄	false	false
登錄帳	등록장	false	false
登錄標識	등록표식	false	false
登錄簿	등록부	false	false
登龍門	등룡문	false	false
發信證	발신증	false	false
發信連絡線	발신련락선	false	false
發光二極素子	발광이극소자	false	false
發光漆감	발광칠감	false	false
發光色紙	발광색지	false	false
發光色종이	발광색종이	false	false
發光고기	발광고기	false	false
發展途上나라	발전도상나라	false	false
發往	발왕	false	false
發往하다	발왕하다	false	false
發散燈	발산등	false	false
發文활	발문활	false	false
發明질	발명질	false	false
發明질하다	발명질하다	false	false
發汗法	발한법	false	false
發火壓力	발화압력	false	false
發火管	발화관	false	false
發煙硫酸	발연류산	false	false
發熱合金鐵	발열합금철	false	false
發熱療法	발열료법	false	false
發狂相	발광상	false	false
發生알자리	발생알자리	false	false
發破作用半徑	발파작용반경	false	false
發破作用指數	발파작용지수	false	false
發破手	발파수	false	false
發破效率	발파효률	false	false
發破破碎圈	발파파쇄권	false	false
發破구멍채우기	발파구멍채우기	false	false
發破깔때기	발파깔때기	false	false
發破돌	발파돌	false	false
發破속빼기	발파속빼기	false	false
發破홈	발파홈	false	false
發聲	발성	false	false
發聲되다	발성되다	false	false
發聲하다	발성하다	false	false
發育階段	발육계단	false	false
發育알자리	발육알자리	false	false
發色理論	발색리론	false	false
發芽먹이	발아먹이	false	false
發行式	발행식	false	false
發見電波探知機	발견전파탐지기	false	false
發雛	발추	false	false
發電自動車	발전자동차	false	false
發音土臺	발음토대	false	false
發音規範	발음규범	false	false
發風機	발풍기	false	false
白丁꼬니	백정꼬니	false	false
白丁질	백정질	false	false
白丁질하다	백정질하다	false	false
白內障蟲	백내장충	false	false
白合菓子	백합과자	false	false
白團	백단	false	false
白土粉裝瓷器	백토분장자기	false	false
白地作錢	백지작전	false	false
白屋	백옥	false	false
白巖郡	백암군	false	false
白川郡	배천군	false	false
白意	백의	false	false
白手	백수	false	false
白摺扇	백섭선	false	false
白月	백월	false	false
白松紙	백송지	false	false
白檀나무	백단나무	false	false
白死卵	백사란	false	false
白氎布	백첩포	false	false
白沙之板	백사지판	false	false
白派	백파	false	false
白滯痢	백체리	false	false
白炭	백탄	false	false
白瓜	백과	false	false
白癩瘡	백뢰창	false	false
白睟內嗽	백수내수	false	false
白磁靑華沙器	백자청화사기	false	false
白礬漆	백반칠	false	false
白筍膾	백순회	false	false
白羽	백우	false	false
白膠	백교	false	false
白膿痢	백농리	false	false
白色닭	백색닭	false	false
白色잔별	백색잔별	false	false
白花麻索덩굴	백화마삭덩굴	false	false
白草香	백초향	false	false
白菊花	백국화	false	false
白藜蘆根	백려로근	false	false
白蛤찔개	백합찔개	false	false
白蝦젓	백하젓	false	false
白蝦젓닭알찜	백하젓닭알찜	false	false
白蝦젓호박醬	백하젓호박장	false	false
白血球헤염	백혈구헤염	false	false
白衣族	백의족	false	false
白鐵板	백철판	false	false
白鐵法	백철법	false	false
白雲升麻	백운승마	false	false
白雲山배나무	백운산배나무	false	false
白雲蘭草	백운란초	false	false
白頭山莎草	백두산사초	false	false
白頭山노루	백두산노루	false	false
白頭山달리기	백두산달리기	false	false
白頭山더위마름풀	백두산더위마름풀	false	false
白頭山버들옻	백두산버들옻	false	false
白頭山새풀	백두산새풀	false	false
白頭山흰족제비	백두산흰족제비	false	false
白首老物	백수로물	false	false
白髮病菌	백발병균	false	false
白鹿角	백록각	false	false
白點	백점	false	false
白둥이	백둥이	false	false
白먹	백먹	false	false
白살구	백살구	false	false
百事不拘하다	백사불구하다	false	false
百事制止	백사제지	false	false
百事制止하다	백사제지하다	false	false
百年佳約酒	백년가약주	false	false
百年大戰	백년대전	false	false
百年洪水	백년홍수	false	false
百年詩	백년시	false	false
百年郞君	백년랑군	false	false
百戰老卒	백전로졸	false	false
百戰老將	백전로장	false	false
百捏屛	백날병	false	false
百曲千流	백곡천류	false	false
百科全書	백과전서	false	false
百花園	백화원	false	false
百花爛漫하다	백화란만하다	false	false
百菩薩	백보살	false	false
百衲衣	백납의	false	false
百鬼晝行	백귀주행	false	false
百꿀	백꿀	false	false
百날床	백날상	false	false
百날王가물	백날왕가물	false	false
百날가물	백날가물	false	false
百날기침菌	백날기침균	false	false
百날기침얼굴	백날기침얼굴	false	false
百말	백말	false	false
皁隷	조예	false	false
皆放	개방	false	false
皇伯祖考	황백조고	false	false
皇叔考	황숙고	false	false
皇天	황천	false	false
皓皓하다	호호하다	false	false
皮剝	피박	false	false
皮剝하다	피박하다	false	false
皮型	피형	false	false
皮型機械	피형기계	false	false
皮帶旋盤	피대선반	false	false
皮帶機	피대기	false	false
皮胞幼生	피포유생	false	false
皮膚가렴症	피부가렴증	false	false
皮膚쉬파리病	피부쉬파리병	false	false
皮膚실菌症	피부실균증	false	false
皮膚줄긋기	피부줄긋기	false	false
皮膜樂器	피막악기	false	false
皮銅천	피동천	false	false
皮革精練劑	피혁정련제	false	false
皴	준	false	false
盂子	우자	false	false
盆地壓力水	분지압력수	false	false
盆地湖水	분지호수	false	false
盆盒	분합	false	false
盈羨	영선	false	false
盈貫하다	영관하다	false	false
益妙하다	익묘하다	false	false
益旺하다	익왕하다	false	false
益頭	익두	false	false
益饒하다	익요하다	false	false
盛土路盤	성토로반	false	false
盛宏하다	성굉하다	false	false
盛待	성대	false	false
盛期	성기	false	false
盜賊工夫	도적공부	false	false
盜賊工夫하다	도적공부하다	false	false
盜賊村	도적촌	false	false
盜賊結婚	도적결혼	false	false
盜賊電話	도적전화	false	false
盜賊電話하다	도적전화하다	false	false
盜賊가지	도적가지	false	false
盜賊괭이	도적괭이	false	false
盜賊괭이놀음	도적괭이놀음	false	false
盜賊글	도적글	false	false
盜賊눈물	도적눈물	false	false
盜賊담배	도적담배	false	false
盜賊배	도적배	false	false
盜賊벌	도적벌	false	false
盜賊사랑	도적사랑	false	false
盜賊술	도적술	false	false
盜賊숨	도적숨	false	false
盜賊일	도적일	false	false
盜賊쥐	도적쥐	false	false
盞굽	잔굽	false	false
盟員證	맹원증	false	false
盟生活	맹생활	false	false
盟的	맹적	false	false
盟證	맹증	false	false
盟費	맹비	false	false
盡入逋藪	진입포수	false	false
盡入逋藪하다	진입포수하다	false	false
盡分	진분	false	false
盡分하다	진분하다	false	false
監囚	감수	false	false
監囚하다	감수하다	false	false
監査廊	감사랑	false	false
監獄걸음	감옥걸음	false	false
監獄때	감옥때	false	false
監獄바라지	감옥바라지	false	false
監獄밥	감옥밥	false	false
監視廊	감시랑	false	false
監視線	감시선	false	false
監視處	감시처	false	false
盤石之安	반석지안	false	false
盤따기	반따기	false	false
盥嗽	관소	false	false
盧舍那佛	로사나불	false	false
目彩	목채	false	false
目擊	목격	false	false
目擊法	목격법	false	false
目擊語	목격어	false	false
目標區域	목표구역	false	false
目標指示子	목표지시자	false	false
目標視準	목표시준	false	false
目標追伴	목표추반	false	false
目標通報	목표통보	false	false
目標가름能力	목표가름능력	false	false
目標자리角判定器	목표자리각판정기	false	false
目的副文	목적부문	false	false
目的副詞	목적부사	false	false
目的狀況語	목적상황어	false	false
目見談	목견담	false	false
盲人印刷	맹인인쇄	false	false
盲動	맹동	false	false
盲動하다	맹동하다	false	false
盲彈	맹탄	false	false
盲從盲動	맹종맹동	false	false
盲從盲動하다	맹종맹동하다	false	false
直六面體	직륙면체	false	false
直列型變換器	직렬형변환기	false	false
直列運轉	직렬운전	false	false
直徑줄임壓延機	직경줄임압연기	false	false
直拔	직발	false	false
直拔生	직발생	false	false
直拔되다	직발되다	false	false
直拔하다	직발하다	false	false
直指	직지	false	false
直指하다	직지하다	false	false
直接傳達法	직접전달법	false	false
直接傳達語	직접전달어	false	false
直接動作計器	직접동작계기	false	false
直接勞力	직접로력	false	false
直接勞動者	직접로동자	false	false
直接印刷版	직접인쇄판	false	false
直接反則	직접반칙	false	false
直接式變換器	직접식변환기	false	false
直接操縱方式	직접조종방식	false	false
直接比喩	직접비유	false	false
直接熱源	직접열원	false	false
直接發射	직접발사	false	false
直接的社會的勞動	직접적사회적로동	false	false
直接的聯關	직접적련관	false	false
直接罰차기	직접벌차기	false	false
直接蒸溜燈油	직접증류등유	false	false
直接補語	직접보어	false	false
直接談話法	직접담화법	false	false
直接警戒	직접경계	false	false
直接選擇浮選	직접선택부선	false	false
直接陽射法	직접양사법	false	false
直接걸어치기	직접걸어치기	false	false
直接땅묻이系統	직접땅묻이계통	false	false
直接차기	직접차기	false	false
直接치기	직접치기	false	false
直播養殖	직파양식	false	false
直效	직효	false	false
直方	직방	false	false
直日兵	직일병	false	false
直日區分隊	직일구분대	false	false
直日官	직일관	false	false
直日無線通信	직일무선통신	false	false
直日艦船	직일함선	false	false
直日軍官	직일군관	false	false
直昇機	직승기	false	false
直昇機母艦	직승기모함	false	false
直昇飛行機	직승비행기	false	false
直時	직시	false	false
直水路	직수로	false	false
直流交流變換器	직류교류변환기	false	false
直流機械	직류기계	false	false
直流治療	직류치료	false	false
直流藥物治療	직류약물치료	false	false
直營建設	직영건설	false	false
直發	직발	false	false
直立褶曲	직립습곡	false	false
直竝列運轉	직병렬운전	false	false
直管冷却機	직관랭각기	false	false
直線期幼生	직선기유생	false	false
直線構圖	직선구도	false	false
直線이발齒車	직선이발치차	false	false
直線이지러짐	직선이지러짐	false	false
直腸膀胱機能障礙	직장방광기능장애	false	false
直觀員	직관원	false	false
直觀圖	직관도	false	false
直觀宣傳	직관선전	false	false
直觀工作	직관공작	false	false
直觀工作하다	직관공작하다	false	false
直觀授業	직관수업	false	false
直觀標語	직관표어	false	false
直觀溫度計	직관온도계	false	false
直觀煽動	직관선동	false	false
直角器	직각기	false	false
直角走査記錄方式	직각주사기록방식	false	false
直角鏡	직각경	false	false
直角다리	직각다리	false	false
直角자름面	직각자름면	false	false
直賣商業	직매상업	false	false
直迫	직박	false	false
直迫하다	직박하다	false	false
直送列車	직송렬차	false	false
直通制動機	직통제동기	false	false
直通生	직통생	false	false
直陣舞	직진무	false	false
直바로	직바로	false	false
直바르다	직바르다	false	false
直차다	직차다	false	false
直판	직판	false	false
相互燈	상호등	false	false
相互誘導度	상호유도도	false	false
相互誘導線輪	상호유도선륜	false	false
相伴行列	상반행렬	false	false
相似三角形	상사삼각형	false	false
相似信號	상사신호	false	false
相似基準數	상사기준수	false	false
相似形測定計器	상사형측정계기	false	false
相似形畫像電送	상사형화상전송	false	false
相似形計算機	상사형계산기	false	false
相似形電子計算機	상사형전자계산기	false	false
相似數	상사수	false	false
相似數字變換機	상사수자변환기	false	false
相似模擬	상사모의	false	false
相似生長	상사생장	false	false
相似量	상사량	false	false
相助	상조	false	false
相勝負	상승부	false	false
相勝負하다	상승부하다	false	false
相反섞붙임	상반섞붙임	false	false
相同體	상동체	false	false
相對漏氣	상대누기	false	false
相對的地質年代	상대적지질년대	false	false
相對的時稱	상대적시간	false	false
相對的貧窮化	상대적빈궁화	false	false
相對비침度	상대비침도	false	false
相強化	상강화	false	false
相思구렝이	상사구렝이	false	false
相思뱀	상사뱀	false	false
相應編輯	상응편집	false	false
相熟하다	상숙하다	false	false
相間맞닿이	상간맞닿이	false	false
相關成分	상관성분	false	false
相關질	상관질	false	false
相關질하다	상관질하다	false	false
相토	상토	false	false
省令	성령	false	false
眉眶痛	미광통	false	false
眉間살	미간살	false	false
看參	간참	false	false
看守人	간수인	false	false
看板놀음	간판놀음	false	false
看板쟁이	간판쟁이	false	false
看病員	간병원	false	false
看護者	간호자	false	false
看護長	간호장	false	false
看護隊	간호대	false	false
眞北子午線	진북자오선	false	false
眞心스럽다	진심스럽다	false	false
眞心스레	진심스레	false	false
眞正코	진정코	false	false
眞珠緋緞새	진주비단새	false	false
眞珠繡	진주수	false	false
眞珠雞	진주계	false	false
眞珠꽃	진주꽃	false	false
眞珠닭	진주닭	false	false
眞珠비둘기	진주비둘기	false	false
眞空保溫法	진공보온법	false	false
眞空堰堤	진공언제	false	false
眞空壓延	진공압연	false	false
眞空壓延機	진공압연기	false	false
眞空成形機	진공성형기	false	false
眞空濾過法	진공려과법	false	false
眞空瓣	진공변	false	false
眞空端子	진공단자	false	false
眞空蒸溜精製法	진공증류정제법	false	false
眞空陽射機	진공양사기	false	false
眞空電弧爐	진공전호로	false	false
眞空남비	진공남비	false	false
眞空다짐法	진공다짐법	false	false
眞空휘틀	진공휘틀	false	false
眞綿	진면	false	false
眞肋	진륵	false	false
眞茸	진이	false	false
眞風向	진풍향	false	false
眞뜻	진뜻	false	false
眞맛	진맛	false	false
眞모습	진모습	false	false
眞속말	진속말	false	false
眞짜갈비	진짜갈비	false	false
眞짜바람方向	진짜바람방향	false	false
眞짜열매	진짜열매	false	false
眩症	현증	false	false
眺白	조백	false	false
眼廢	안페	false	false
眼廢하다	안페하다	false	false
眼波	안파	false	false
眼球運動計	안구운동계	false	false
眼球陷凹	안구함요	false	false
眼目	안목	false	false
眼睫連剳	안첩련답	false	false
眼蟲	안충	false	false
眼裏	안리	false	false
眼鏡匣	안경갑	false	false
眼鏡洪魚	안경홍어	false	false
眼鏡矯正	안경교정	false	false
眼鏡鸚鵡	안경앵무	false	false
眼鏡도요	안경도요	false	false
眼鏡맞추기	안경맞추기	false	false
眼頭	안두	false	false
眼高	안고	false	false
着信證	착신증	false	false
着信連絡船	착신련락선	false	false
着心	착심	false	false
着心되다	착심되다	false	false
着心하다	착심하다	false	false
着陸信號布	착륙신호포	false	false
着陸指揮探知機	착륙지휘탐지기	false	false
着陸探照燈	착륙탐조등	false	false
着陸探知系統	착륙탐지계통	false	false
着陸散布	착륙산포	false	false
着陸標識	착륙표식	false	false
着陸目測	착륙목측	false	false
睛珠	정주	false	false
睛高	정고	false	false
睜開	정개	false	false
睜開하다	정개하다	false	false
睡眠돈자리	수면돈자리	false	false
督促군	독촉군	false	false
睦郞廳	목랑청	false	false
睾囊	고낭	false	false
瞄準	묘준	false	false
瞄準器	묘준기	false	false
瞄準法	묘준법	false	false
瞄準鏡	묘준경	false	false
瞄準되다	묘준되다	false	false
瞄準하다	묘준하다	false	false
瞬時硬化	순시경화	false	false
瞬發電氣雷管	순발전기뢰관	false	false
瞬間打擊	순간타격	false	false
瞬間最大바람速度	순간최대바람속도	false	false
瞬間공때리기	순간공때리기	false	false
瞬間때리기	순간때리기	false	false
瞭望	료망	false	false
瞭望船	료망선	false	false
瞭望軍	료망군	false	false
瞭望하다	료망하다	false	false
瞭然하다	료연하다	false	false
瞭然히	료연히	false	false
瞳子反應	동자반응	false	false
瞳子髎	동자요	false	false
瞳子재개	동자재개	false	false
瞳子커지기	동자커지기	false	false
瞻依	첨의	false	false
瞻依하다	첨의하다	false	false
瞻略	첨략	false	false
矛盾排除法則	모순배제법칙	false	false
矛盾法則	모순법칙	false	false
矜持스럽다	긍지스럽다	false	false
矢房	시방	false	false
知寸	지촌	false	false
知府	지부	false	false
知方	지방	false	false
知方하다	지방하다	false	false
知能末端裝置	지능말단장치	false	false
知覺사니	지각사니	false	false
矩儀	구의	false	false
短倚音	단의음	false	false
短刀射擊	단도사격	false	false
短壁막장	단벽막장	false	false
短夜밤	단야밤	false	false
短時間遲滯發破	단시간지체발파	false	false
短時間遲滯電氣雷管	단시간지체전기뢰관	false	false
短期臨時짐	단기림시짐	false	false
短期세기	단기세기	false	false
短期짐	단기짐	false	false
短業	단업	false	false
短業하다	단업하다	false	false
短波	단파	false	false
短波投熱治療	단파투열치료	false	false
短波紫外線燈	단파자외선등	false	false
短砲	단포	false	false
短簡	단간	false	false
短縮分枝	단축분지	false	false
短縮蓄電器	단축축전기	false	false
短聯體	단련체	false	false
矮小卑屈하다	왜소비굴하다	false	false
矮小心臟	왜소심장	false	false
矮小核	왜소핵	false	false
矯正	교정	false	false
矯正機	교정기	false	false
矯正되다	교정되다	false	false
矯正토막	교정토막	false	false
矰繳	증격	false	false
石室封土무덤	석실봉토무덤	false	false
石手쟁이	석수쟁이	false	false
石水	석수	false	false
石水지다	석수지다	false	false
石油房燈	석유방등	false	false
石油燈房	석유등방	false	false
石灰率	석회률	false	false
石灰窒素	석회질소	false	false
石灰質감탕	석회질감탕	false	false
石灰무거리	석회무거리	false	false
石灰물	석회물	false	false
石炭供給器	석탄공급기	false	false
石炭古植物學	석탄고식물학	false	false
石炭山	석탄산	false	false
石炭紀層	석탄기층	false	false
石炭밭	석탄밭	false	false
石炭버럭	석탄버럭	false	false
石硫黃	석류황	false	false
石磨말	석마말	false	false
石窒	석질	false	false
石窒肥料	석질비료	false	false
石築堰堤	석축언제	false	false
石脈	석맥	false	false
石螭頭	석리두	false	false
石銅器時代	석동기시대	false	false
石頭魚	석두어	false	false
石굴빵가루튀기	석굴빵가루튀기	false	false
砂列	사렬	false	false
砂汰치다	사태치다	false	false
砂落	사락	false	false
砒素有機化合物	비소유기화합물	false	false
砒素系毒害物	비소계독해물	false	false
砥磨	지마	false	false
砥磨하다	지마하다	false	false
砲兵基點	포병기점	false	false
砲兵密度	포병밀도	false	false
砲兵節	포병절	false	false
砲口波	포구파	false	false
砲口防火帽	포구방화모	false	false
砲射擊修正偵察機	포사격수정정찰기	false	false
砲座地	포좌지	false	false
砲彈架	포탄가	false	false
砲彈飛行機	포탄비행기	false	false
砲手춤	포수춤	false	false
砲柱	포주	false	false
砲槍	포창	false	false
砲艇	포정	false	false
砲部隊	포부대	false	false
砲馬	포마	false	false
砲말	포말	false	false
砲살	포살	false	false
砲줄	포줄	false	false
破卵	파란	false	false
破古品	파고품	false	false
破古솜	파고솜	false	false
破壞	파괴	false	false
破壞海岸	파괴해안	false	false
破壞穹窿	파괴궁륭	false	false
破壞곁數	파괴곁수	false	false
破壞되다	파괴되다	false	false
破壞하다	파괴하다	false	false
破毛	파모	false	false
破片地雷彈丸	파편지뢰탄환	false	false
破碎	파쇄	false	false
破碎機	파쇄기	false	false
破碎되다	파쇄되다	false	false
破碎하다	파쇄하다	false	false
破筏	파벌	false	false
破筏되다	파벌되다	false	false
破網	파망	false	false
破裂化學爆彈	파렬화학폭탄	false	false
破裂口	파렬구	false	false
破裂地雷爆彈	파렬지뢰폭탄	false	false
破裂燒夷彈	파렬소이탄	false	false
破裂爆彈	파렬폭탄	false	false
破裂符號	파렬부호	false	false
破裂運動	파렬운동	false	false
破鋼鐵	파강철	false	false
破錢대푼	파전대푼	false	false
破面	파면	false	false
破솜	파솜	false	false
破실	파실	false	false
硅素三極素子	규소삼극소자	false	false
硅素有機化合物	규소유기화합물	false	false
硅素甓돌	규소벽돌	false	false
硅素肥料	규소비료	false	false
硅素기름	규소기름	false	false
硅藻감탕	규조감탕	false	false
硅酸鹽肺症	규산염페증	false	false
硅酸鹽被覆尿素	규산염피복요소	false	false
硏子	연자	false	false
硏子幕	연자막	false	false
硏子돌	연자돌	false	false
硏子망	연자망	false	false
硏子망돌	연자망돌	false	false
硏子망채	연자망채	false	false
硏子매間	연자매간	false	false
硏子멍에	연자멍에	false	false
硏子방아間	연자방아간	false	false
硏磨加工	연마가공	false	false
硏磨材料	연마재료	false	false
硏磨돌	연마돌	false	false
硏磨띠	연마띠	false	false
硏磨종이	연마종이	false	false
硏磨천	연마천	false	false
硏究地	연구지	false	false
硏究小組	연구소조	false	false
硜反結合校正	경반결합교정	false	false
硝子質	초자질	false	false
硨磲	차거	false	false
硨磲螺	차거라	false	false
硫化	류화	false	false
硫化亞鉛	류화아연	false	false
硫化度	류화도	false	false
硫化染料	류화염료	false	false
硫化水素	류화수소	false	false
硫化水素川	류화수소천	false	false
硫化水素水	류화수소수	false	false
硫化水素沐浴	류화수소목욕	false	false
硫化水素酸	류화수소산	false	false
硫化物	류화물	false	false
硫化物半導體	류화물반도체	false	false
硫化物鎔融	류화물용융	false	false
硫化砒素	류화비소	false	false
硫化精鍊	류화정련	false	false
硫化銅	류화동	false	false
硫化錫	류화석	false	false
硫化鐵	류화철	false	false
硫化鐵燒滓	류화철소재	false	false
硫化鐵鑛	류화철광	false	false
硫化鐵鑛石	류화철광석	false	false
硫安	류안	false	false
硫安肥料	류안비료	false	false
硫水銀鑛	류수은광	false	false
硫燐安	류린안	false	false
硫燐安石灰	류린안석회	false	false
硫燐安肥料	류린안비료	false	false
硫砒鉛鑛	류비연광	false	false
硫砒銅鑛	류비동광	false	false
硫砒鐵鑛	류비철광	false	false
硫酸	류산	false	false
硫酸亞鉛	류산아연	false	false
硫酸化焙燒	류산화배소	false	false
硫酸化기름	류산화기름	false	false
硫酸塔	류산탑	false	false
硫酸根肥料	류산근비료	false	false
硫酸第一鐵	류산제일철	false	false
硫酸紙	류산지	false	false
硫酸鉛鑛	류산연광	false	false
硫酸銅	류산동	false	false
硫酸鐵	류산철	false	false
硫酸鹽	류산염	false	false
硫酸鹽비누	류산염비누	false	false
硫酸종이	류산종이	false	false
硫銀鑛	류은광	false	false
硫銅銀鑛	류동은광	false	false
硫銅鑛	류동광	false	false
硫黃	류황	false	false
硫黃分	류황분	false	false
硫黃化合物	류황화합물	false	false
硫黃族元素	류황족원소	false	false
硫黃泉	류황천	false	false
硫黃膏藥	류황고약	false	false
硫黃色	류황색	false	false
硫黃華	류황화	false	false
硫黃軟膏	류황연고	false	false
硫黃點	류황점	false	false
硫黃꽃	류황꽃	false	false
硫黃넣기	류황넣기	false	false
硫黃빛	류황빛	false	false
硫黃빼기	류황빼기	false	false
硫黃쇠	류황쇠	false	false
硬寢	경침	false	false
硬席車	경석차	false	false
硬文	경문	false	false
硬板紙	경판지	false	false
硬水母	경수모	false	false
硬腦膜靜脈洞	경뇌막정맥동	false	false
硬膜外피고임	경막외피고임	false	false
硬質沙器	경질사기	false	false
硬骨하다	경골하다	false	false
硬바닥줄	경바닥줄	false	false
硬비누	경비누	false	false
硯蓋	연개	false	false
硼沙鎔融	붕사용융	false	false
硼素有機化合物	붕소유기화합물	false	false
硼酸솜	붕산솜	false	false
碁板	기판	false	false
碇泊場哨所	정박장초소	false	false
碇泊觀測	정박관측	false	false
碇泊車	정박차	false	false
碌碌無名	록록무명	false	false
碌碌하다	록록하다	false	false
碌碌히	록록히	false	false
碎氷水	쇄빙수	false	false
碑文群像	비문군상	false	false
碑樓	비루	false	false
碑石契	비석계	false	false
碑錄	비록	false	false
確保炭量	확보탄량	false	false
確信	확신	false	false
確信心	확신심	false	false
確否	확부	false	false
確效	확효	false	false
確率自動體	확률자동체	false	false
碾	년	false	false
碾車	년거	false	false
碾鉢	년발	false	false
碾알	년알	false	false
磁力分析	자력분석	false	false
磁力分析機	자력분석기	false	false
磁化率	자화률	false	false
磁化線輪	자화선륜	false	false
磁性變態	자성변태	false	false
磁極걸음	자극걸음	false	false
磁氣三極素子	자기삼극소자	false	false
磁氣二極素子	자기이극소자	false	false
磁氣圓板演算體系	자기원판연산체계	false	false
磁氣圓板記憶裝置	자기원판기억장치	false	false
磁氣增幅器電動機體系	자기증폭기전동기체계	false	false
磁氣天平	자기천평	false	false
磁氣履歷	자기리력	false	false
磁氣履歷損失	자기리력손실	false	false
磁氣式連動機	자기식련동기	false	false
磁氣攝動	자기섭동	false	false
磁氣桶	자기통	false	false
磁氣檢層法	자기검층법	false	false
磁氣流體力學	자기류체력학	false	false
磁氣經緯儀	자기경위의	false	false
磁氣經緯器	자기경위기	false	false
磁氣羅針器	자기라침기	false	false
磁氣羅針板	자기라침판	false	false
磁氣老化	자기로화	false	false
磁氣自差	자기자차	false	false
磁氣自差表	자기자차표	false	false
磁氣記錄要素	자기기록요소	false	false
磁氣誘導묶음	자기유도묶음	false	false
磁氣變形振動子	자기변형진동자	false	false
磁氣띠	자기띠	false	false
磁氣띠錄畫機	자기띠록화기	false	false
磁氣마당集束	자기마당집속	false	false
磁氣묶음	자기묶음	false	false
磁氣묶음재개	자기묶음재개	false	false
磁氣없애기	자기없애기	false	false
磁氣잃음	자기잃음	false	false
磁氣줄임作用	자기줄임작용	false	false
磁氣힘떨구개	자기힘떨구개	false	false
磁石機雷	자석기뢰	false	false
磁石起重機	자석기중기	false	false
磁石電氣式計器	자석전기식계기	false	false
磁石高聲器	자석고성기	false	false
磁聲音帶	자성음대	false	false
磁鐵精鑛	자철정광	false	false
磁頭	자두	false	false
磊落하다	뢰락하다	false	false
磔殺	책살	false	false
磔殺하다	책살하다	false	false
磣痛	삼통	false	false
磨刀石	마도석	false	false
磨片	마편	false	false
礦苗	광묘	false	false
礪石	려석	false	false
礫土	력토	false	false
礫岩	력암	false	false
示向	시향	false	false
示威行動	시위행동	false	false
示差溫度計	시차온도계	false	false
示差溶媒	시차용매	false	false
示範唱	시범창	false	false
社交舞踊	사교무용	false	false
社保	사보	false	false
社會主義商業	사회주의상업	false	false
社會主義基礎建設	사회주의기초건설	false	false
社會主義市場	사회주의시장	false	false
社會主義戰取物	사회주의전취물	false	false
社會主義敎育學	사회주의교육학	false	false
社會主義的分業	사회주의적분업	false	false
社會主義的協同經理	사회주의적협동경리	false	false
社會主義的工業農業國家	사회주의적공업농업국가	false	false
社會主義的所有	사회주의적소유	false	false
社會主義的民主主義	사회주의적민주주의	false	false
社會主義的經爭運動	사회주의적경쟁운동	false	false
社會主義的蓄積	사회주의적축적	false	false
社會主義的集團經理	사회주의적집단경리	false	false
社會主義經濟法則	사회주의경제법칙	false	false
社會主義經濟管理	사회주의경제관리	false	false
社會主義經理	사회주의경리	false	false
社會主義計劃經濟	사회주의계획경제	false	false
社會主義財産管理法	사회주의재산관리법	false	false
社會主義遵法性	사회주의준법성	false	false
社會交通安全員	사회교통안전원	false	false
社會保障金	사회보장금	false	false
社會勞力	사회로력	false	false
社會勞動	사회로동	false	false
社會安全員	사회안전원	false	false
社會安全機關	사회안전기관	false	false
社會安全監視	사회안전감시	false	false
社會層理論	사회층리론	false	false
社會成分	사회성분	false	false
社會排外主義	사회배외주의	false	false
社會政治制度	사회정치제도	false	false
社會政治文體	사회정치문체	false	false
社會政治活動	사회정치활동	false	false
社會政治生活	사회정치생활	false	false
社會政治生活經緯	사회정치생활경위	false	false
社會政治的生命	사회정치적생명	false	false
社會政治的生命體	사회정치적생명체	false	false
社會政治的自主性	사회정치적자주성	false	false
社會文化基金	사회문화기금	false	false
社會歷史的條件	사회력사적조건	false	false
社會歷史的運動	사회력사적운동	false	false
社會歷史觀	사회력사관	false	false
社會界	사회계	false	false
社會的價値	사회적가치	false	false
社會的分工	사회적분공	false	false
社會的勞動	사회적로동	false	false
社會的審議	사회적심의	false	false
社會的屬性	사회적속성	false	false
社會的必要勞動時間	사회적필요로동시간	false	false
社會的思想	사회적사상	false	false
社會的所有	사회적소유	false	false
社會的擔當制	사회적담당제	false	false
社會的疾病	사회적질병	false	false
社會純所得	사회순소득	false	false
社會給養	사회급양	false	false
社會給養網	사회급양망	false	false
社會經濟構成態	사회경제구성태	false	false
社會總生産物	사회총생산물	false	false
社會總生産額	사회총생산액	false	false
社會間層	사회간층	false	false
社會사람	사회사람	false	false
社說革命	사설혁명	false	false
社論說	사론설	false	false
社論說文體	사론설문체	false	false
社論說體	사론설체	false	false
祈天修鍊	기천수련	false	false
祕密公論	비밀공론	false	false
祕密公論하다	비밀공론하다	false	false
祕密幕	비밀막	false	false
祕密線	비밀선	false	false
祕書	비서	false	false
祕書長	비서장	false	false
祕案	비안	false	false
祕祕密密하다	비비밀밀하다	false	false
祕祕密密히	비비밀밀히	false	false
祖上崇禮	조상숭례	false	false
祖國	조국	false	false
祝典村	축전촌	false	false
祝塔	축탑	false	false
祝文	축문	false	false
祝文式格	축문식격	false	false
祝板式	축판식	false	false
祝疏	축소	false	false
祝福무늬	축복무늬	false	false
神仙魚	신선어	false	false
神仙둥이	신선둥이	false	false
神奇無雙	신기무쌍	false	false
神奇無雙하다	신기무쌍하다	false	false
神學院	신학원	false	false
神格	신격	false	false
神牛崇拜	신우숭배	false	false
神經丸	신경환	false	false
神經毒害物	신경독해물	false	false
神經線	신경선	false	false
神經聯合	신경련합	false	false
神經連接	신경련접	false	false
神經매듭	신경매듭	false	false
神通手	신통수	false	false
票보기	표보기	false	false
票찍기	표찍기	false	false
票팔기	표팔기	false	false
祫	합	false	false
祫享	합향	false	false
祭祀날	제사날	false	false
祭祀밥	제사밥	false	false
祭군	제군	false	false
祭쌀	제쌀	false	false
祿	록	false	false
祿不疊受	록불첩수	false	false
祿位	록위	false	false
祿俸	록봉	false	false
祿俸米	록봉미	false	false
祿太	록태	false	false
祿牌	록패	false	false
祿科	록과	false	false
祿科田	록과전	false	false
祿米	록미	false	false
祿衫	록삼	false	false
祿衿誓幢	록금서당	false	false
祿試射	록시사	false	false
祿邑	록읍	false	false
祿都目	록도목	false	false
禁伐木石	금벌목석	false	false
禁伐木石하다	금벌목석하다	false	false
禁壓網	금압망	false	false
禁府羅長	금부라장	false	false
禁止射擊	금지사격	false	false
禁魚線	금어선	false	false
禍孼	화얼	false	false
禍端거리	화단거리	false	false
禍집	화집	false	false
福利品	복리품	false	false
福德房	복덕방	false	false
福樂	복락	false	false
福樂하다	복락하다	false	false
福祝	복축	false	false
福祝하다	복축하다	false	false
福神그릇	복신그릇	false	false
福童	복동	false	false
福童이	복동이	false	false
福音的敎會	복음적교회	false	false
福금	복금	false	false
福눈	복눈	false	false
福둥이	복둥이	false	false
福제비	복제비	false	false
福집	복집	false	false
福하다	복하다	false	false
禪律	선률	false	false
禮	례	false	false
禮佛	례불	false	false
禮佛하다	례불하다	false	false
禮俗	례속	false	false
禮儀	례의	false	false
禮儀之國	례의지국	false	false
禮儀之邦	례의지방	false	false
禮儀凡節	례의범절	false	false
禮典	례전	false	false
禮冠	례관	false	false
禮判	례판	false	false
禮制	례제	false	false
禮化	례화	false	false
禮卓	례탁	false	false
禮參	례참	false	false
禮參하다	례참하다	false	false
禮吏	례리	false	false
禮單	례단	false	false
禮器	례기	false	false
禮堂	례당	false	false
禮奠	례전	false	false
禮學	례학	false	false
禮官	례관	false	false
禮家	례가	false	false
禮容	례용	false	false
禮帛	례백	false	false
禮帽	례모	false	false
禮幣	례페	false	false
禮度	례도	false	false
禮廳	례청	false	false
禮式	례식	false	false
禮弓	례궁	false	false
禮待	례대	false	false
禮待하다	례대하다	false	false
禮意	례의	false	false
禮懺	례참	false	false
禮懺하다	례참하다	false	false
禮房	례방	false	false
禮拜	례배	false	false
禮拜堂	례배당	false	false
禮拜學	례배학	false	false
禮拜所	례배소	false	false
禮拜日	례배일	false	false
禮拜날	례배날	false	false
禮接	례접	false	false
禮接하다	례접하다	false	false
禮揖	례읍	false	false
禮敬	례경	false	false
禮敬하다	례경하다	false	false
禮數	례수	false	false
禮文	례문	false	false
禮文家	례문가	false	false
禮斜	례사	false	false
禮書	례서	false	false
禮曹	례조	false	false
禮曹判書	례조판서	false	false
禮月	례월	false	false
禮服	례복	false	false
禮服짜리	례복짜리	false	false
禮樂	례악	false	false
禮法	례법	false	false
禮物	례물	false	false
禮狀	례장	false	false
禮狀函	례장함	false	false
禮狀紙	례장지	false	false
禮畢	례필	false	false
禮砲	례포	false	false
禮箭	례전	false	false
禮節	례절	false	false
禮節敎養	례절교양	false	false
禮節스럽다	례절스럽다	false	false
禮緞	례단	false	false
禮義	례의	false	false
禮聘	례빙	false	false
禮聘하다	례빙하다	false	false
禮臣	례신	false	false
禮葬	례장	false	false
禮衣冠	례의관	false	false
禮衣冠하다	례의관하다	false	false
禮裝	례장	false	false
禮裝감	례장감	false	false
禮裝하다	례장하다	false	false
禮訟	례송	false	false
禮說	례설	false	false
禮論	례론	false	false
禮謝	례사	false	false
禮議	례의	false	false
禮讓	례양	false	false
禮讓하다	례양하다	false	false
禮讚	례찬	false	false
禮讚者	례찬자	false	false
禮讚辭	례찬사	false	false
禮讚하다	례찬하다	false	false
禮貌	례모	false	false
禮貌官	례모관	false	false
禮貌답다	례모답다	false	false
禮賓	례빈	false	false
禮賓寺	례빈시	false	false
禮賓省	례빈성	false	false
禮遇	례우	false	false
禮遇職	례우직	false	false
禮遇하다	례우하다	false	false
禮部	례부	false	false
禮銃	례총	false	false
禮防	례방	false	false
禮防하다	례방하다	false	false
禮陟	례척	false	false
禮陟하다	례척하다	false	false
禮饌	례찬	false	false
禮鴈	례안	false	false
禮답다	례답다	false	false
禮바르다	례바르다	false	false
禮하다	례하다	false	false
离方	리방	false	false
离筵	리연	false	false
禾穀	화곡	false	false
禾積	화적	false	false
禿峯	독봉	false	false
秀句	수귀	false	false
秀才敎育	수재교육	false	false
秀才論	수재론	false	false
秀眉鳳眼	수미봉안	false	false
私有思想	사유사상	false	false
私服隊	사복대	false	false
私服쟁이	사복쟁이	false	false
私民	사민	false	false
私民服	사민복	false	false
私物庫	사물고	false	false
私用途	사용도	false	false
私的市場	사적시장	false	false
私的經理	사적경리	false	false
私覿	사독	false	false
私設遞信	사설체신	false	false
私貢	사공	false	false
私貨	사화	false	false
私렴	사렴	false	false
秋事	추사	false	false
秋嘗	추상	false	false
秋嘗하다	추상하다	false	false
秋夕물	추석물	false	false
秋播밀	추파밀	false	false
秋收節	추수절	false	false
秋收隊	추수대	false	false
秋期作物	추기작물	false	false
秋毫半點	추호반점	false	false
秋氣	추기	false	false
秋涼	추량	false	false
秋穗	추수	false	false
秋落논	추락논	false	false
秋蟬脫身	추선탈신	false	false
秋霜烈日	추상렬일	false	false
秋風落寞	추풍락막	false	false
科學宣傳隊	과학선전대	false	false
科學家	과학가	false	false
科學幻想作品	과학환상작품	false	false
科學幻想小說	과학환상소설	false	false
科學技術文體	과학기술문체	false	false
科學的共産主義	과학적공산주의	false	false
科學評議會	과학평의회	false	false
科學辭典	과학사전	false	false
科學遊戲	과학유희	false	false
科學院	과학원	false	false
科學院文法	과학원문법	false	false
科擧軍	과거군	false	false
科業	과업	false	false
秒弧	초호	false	false
秤量	평량	false	false
秤量管	평량관	false	false
秤量하다	평량하다	false	false
秤馬	평마	false	false
秧水	앙수	false	false
秧田	앙전	false	false
秧馬	앙마	false	false
秫薥	출촉	false	false
移作票	이작표	false	false
移動信號機	이동신호기	false	false
移動公理	이동공리	false	false
移動天蓋	이동천개	false	false
移動指揮哨所	이동지휘초소	false	false
移動映寫隊	이동영사대	false	false
移動目標射擊競技	이동목표사격경기	false	false
移動語順	이동어순	false	false
移動證	이동증	false	false
移動選擧	이동선거	false	false
移動選擧하다	이동선거하다	false	false
移動面積射擊	이동면적사격	false	false
移動조애射擊	이동조애사격	false	false
移動짐	이동짐	false	false
移婚	이혼	false	false
移宇	이우	false	false
移強音	이강음	false	false
移懸	이현	false	false
移懸하다	이현하다	false	false
移桑麥狼	이상맥랑	false	false
移行抵抗	이행저항	false	false
移行電柱	이행전주	false	false
移送函	이송함	false	false
移送裝置	이송장치	false	false
移項合列	이항합렬	false	false
稀酸類	희산류	false	false
稀釋法則	희석법칙	false	false
稅받이군	세받이군	false	false
程度副文	정도부문	false	false
程路	정로	false	false
稍麥	초맥	false	false
稗說文學	패설문학	false	false
稚蟲	치충	false	false
稚言	치언	false	false
稜	릉	false	false
稜威	릉위	false	false
稜杖	릉장	false	false
稜稜하다	릉릉하다	false	false
稜線	릉선	false	false
稜角	릉각	false	false
稜角機	릉각기	false	false
稟鬿	품기	false	false
稠人廣衆	주인광중	false	false
稠密稠密	조밀조밀	false	false
稠密稠密하다	조밀조밀하다	false	false
稠密行列	조밀행렬	false	false
稠密하다	조밀하다	false	false
稠密히	조밀히	false	false
稠座	주좌	false	false
稠疊	주첩	false	false
稠疊되다	주첩되다	false	false
稠疊하다	주첩하다	false	false
稠街	조가	false	false
種子革命	종자혁명	false	false
種子고기	종자고기	false	false
種子고치	종자고치	false	false
種子고치倉庫	종자고치창고	false	false
種子닭알	종자닭알	false	false
種子독	종자독	false	false
種子메주	종자메주	false	false
種子뿌리	종자뿌리	false	false
種子새끼	종자새끼	false	false
種子수소	종자수소	false	false
種子젖劑	종자젖제	false	false
種子짐승	종자짐승	false	false
種子집짐승	종자집짐승	false	false
種子집짐승檢定	종자집짐승검정	false	false
種畜體系	종축체계	false	false
種禽舍	종금사	false	false
種魚場	종어장	false	false
種사이關係	종사이관계	false	false
種사이섞붙임	종사이섞붙임	false	false
稷狐	직호	false	false
稷米	직미	false	false
稷雪	직설	false	false
稼動日	가동일	false	false
稼動日誌	가동일지	false	false
稼動단추	가동단추	false	false
稼行損失	가행손실	false	false
稽留流産	계류류산	false	false
稿了	고료	false	false
穀物學	곡물학	false	false
穀物王나무좀	곡물왕나무좀	false	false
穀物貯藏學	곡물저장학	false	false
穀産	곡산	false	false
穀産工場	곡산공장	false	false
穀糧	곡량	false	false
穀食가꾸기	곡식가꾸기	false	false
穀食무지	곡식무지	false	false
穀食짚	곡식짚	false	false
穀광	곡광	false	false
積仕人	적사인	false	false
積分할式	적분할식	false	false
積地	적지	false	false
積場	적장	false	false
積得	적득	false	false
積得하다	적득하다	false	false
積木	적목	false	false
積極分子	적극분자	false	false
積極犯	적극범	false	false
積極的檢査器具	적극적검사기구	false	false
積極的語彙	적극적어휘	false	false
積極的障礙	적극적장애	false	false
積聚	적취	false	false
積蓋射擊	적개사격	false	false
積載口	적재구	false	false
積體	적체	false	false
積모임	적모임	false	false
穭豆	려두	false	false
穰歲	양세	false	false
穹窿天井	궁륭천정	false	false
穹窿山地	궁륭산지	false	false
穹窿性山地	궁륭성산지	false	false
穹窿고임天井	궁륭고임천정	false	false
空上	공상	false	false
空中偵探	공중정탐	false	false
空中匪賊	공중비적	false	false
空中巧藝	공중교예	false	false
空中強盜	공중강도	false	false
空中情況	공중정황	false	false
空中戰爭	공중전쟁	false	false
空中接地線	공중접지선	false	false
空中揚網機	공중양망기	false	false
空中操作飛行	공중조작비행	false	false
空中敵	공중적	false	false
空中核爆發	공중핵폭발	false	false
空中栽培	공중재배	false	false
空中梯隊	공중제대	false	false
空中氣球遮斷物	공중기구차단물	false	false
空中直日	공중직일	false	false
空中管	공중관	false	false
空中維持飛行	공중유지비행	false	false
空中線路	공중선로	false	false
空中要塞	공중요새	false	false
空中電車線	공중전차선	false	false
空中體制	공중체제	false	false
空中가지묻기	공중가지묻기	false	false
空中걸이	공중걸이	false	false
空中다리	공중다리	false	false
空中들이	공중들이	false	false
空中떠돌이生物	공중떠돌이생물	false	false
空中뿌리	공중뿌리	false	false
空中지치기	공중지치기	false	false
空努力	공로력	false	false
空和音	공화음	false	false
空心堰堤	공심언제	false	false
空房獨枕	공방독침	false	false
空放	공방	false	false
空時間	공시간	false	false
空極損失	공극손실	false	false
空構	공구	false	false
空氣冷凍機	공기랭동기	false	false
空氣反作用機關	공기반작용기관	false	false
空氣容量	공기용량	false	false
空氣層	공기층	false	false
空氣式精紡機	공기식정방기	false	false
空氣式織機	공기식직기	false	false
空氣微生物	공기미생물	false	false
空氣房	공기방	false	false
空氣打擊試錐機	공기타격시추기	false	false
空氣按摩	공기안마	false	false
空氣振動跳汰機	공기진동조태기	false	false
空氣方席	공기방석	false	false
空氣方席自動車	공기방석자동차	false	false
空氣案內	공기안내	false	false
空氣步銃	공기보총	false	false
空氣船	공기선	false	false
空氣轉爐	공기전로	false	false
空氣還元法	공기환원법	false	false
空氣集合器	공기집합기	false	false
空氣電弧자름	공기전호자름	false	false
空氣갈이	공기갈이	false	false
空氣갈이窓	공기갈이창	false	false
空氣갈이量	공기갈이량	false	false
空氣갈이門	공기갈이문	false	false
空氣갈이하다	공기갈이하다	false	false
空氣곁數	공기곁수	false	false
空氣떼	공기떼	false	false
空氣마개	공기마개	false	false
空氣말리기	공기말리기	false	false
空氣모음桶	공기모음통	false	false
空氣배	공기배	false	false
空氣빼기	공기빼기	false	false
空氣빼기函	공기빼기함	false	false
空氣섞음	공기섞음	false	false
空氣스며들기	공기스며들기	false	false
空氣쏘이기	공기쏘이기	false	false
空氣옷	공기옷	false	false
空氣흐름粉碎機	공기흐름분쇄기	false	false
空物	공물	false	false
空白鍵	공백건	false	false
空船吃水	공선흘수	false	false
空船排水量	공선배수량	false	false
空船料	공선료	false	false
空船運賃	공선운임	false	false
空荷排水量	공하배수량	false	false
空行程	공행정	false	false
空襲機材	공습기재	false	false
空談虛說	공담허설	false	false
空路資	공로자	false	false
空車費	공차비	false	false
空軍作戰組	공군작전조	false	false
空輸陸戰隊	공수륙전대	false	false
空釣	공조	false	false
空釣낚시	공조낚시	false	false
空錘	공추	false	false
空間	공간	false	false
空間分集受信	공간분집수신	false	false
空間地	공간지	false	false
空間配座	공간배좌	false	false
空間電荷領域	공간전하령역	false	false
空間자리標	공간자리표	false	false
空隙性	공극성	false	false
空頭	공두	false	false
空놀다	공놀다	false	false
空놀리다	공놀리다	false	false
空돈	공돈	false	false
空말	공말	false	false
空말하다	공말하다	false	false
空먹다	공먹다	false	false
空불	공불	false	false
空죽음	공죽음	false	false
空죽음하다	공죽음하다	false	false
空짜일	공짜일	false	false
空품	공품	false	false
穿壙쟁이	천광쟁이	false	false
穿孔壓延	천공압연	false	false
穿孔壓延機	천공압연기	false	false
穿孔性뼈부러지기	천공성뼈부러지기	false	false
穿孔手	천공수	false	false
穿孔比消費	천공비소비	false	false
突入隊	돌입대	false	false
突出部抵抗	돌출부저항	false	false
突嗟的	돌차적	false	false
突擊作業	돌격작업	false	false
突擊喇叭手	돌격나팔수	false	false
突擊場	돌격장	false	false
突擊序列	돌격서렬	false	false
突擊式	돌격식	false	false
突擊班	돌격반	false	false
突擊線	돌격선	false	false
突擊離脫	돌격리탈	false	false
突放	돌방	false	false
突流	돌류	false	false
突然沸騰	돌연비등	false	false
突發故障	돌발고장	false	false
突破戰	돌파전	false	false
突變스럽다	돌변스럽다	false	false
突變스레	돌변스레	false	false
突起비늘바다지렁이	돌기비늘바다지렁이	false	false
窒化塔	질화탑	false	false
窒安	질안	false	false
窒安塔	질안탑	false	false
窒安爆藥	질안폭약	false	false
窒安石灰肥料	질안석회비료	false	false
窒安肥料	질안비료	false	false
窒素病	질소병	false	false
窒素떼기	질소떼기	false	false
窒素떼기菌	질소떼기균	false	false
窒素풀	질소풀	false	false
窒酸式硫酸	질산식류산	false	false
窓卓	창탁	false	false
窓眉	창미	false	false
窓紙	창지	false	false
窓鏡	창경	false	false
窓鏡漁撈	창경어로	false	false
窓鏡알	창경알	false	false
窓門紙	창문지	false	false
窓開口	창개구	false	false
窓가림	창가림	false	false
窓가림幕	창가림막	false	false
窓나비	창나비	false	false
窓드림	창드림	false	false
窓미닫이	창미닫이	false	false
窓바라지	창바라지	false	false
窓틀보	창틀보	false	false
窟二極素子	굴이극소자	false	false
窟二極素子回路	굴이극소자회로	false	false
窟二極素子增幅器	굴이극소자증폭기	false	false
窟式栽培	굴식재배	false	false
窟效果	굴효과	false	false
窟構造學	굴구조학	false	false
窟門	굴문	false	false
窟間	굴간	false	false
窟間기둥	굴간기둥	false	false
窟무덤	굴무덤	false	false
窟아구리	굴아구리	false	false
窟안中繼場	굴안중계장	false	false
窟안照明	굴안조명	false	false
窟안等積孔	굴안등적공	false	false
窟안重力探査	굴안중력탐사	false	false
窟안기둥	굴안기둥	false	false
窟안물	굴안물	false	false
窟안물막이壁	굴안물막이벽	false	false
窟어구	굴어구	false	false
窟웃기둥	굴웃기둥	false	false
窟일	굴일	false	false
窟쟁이	굴쟁이	false	false
窟젖	굴젖	false	false
窩雛鷹	와추응	false	false
窮仇莫取	궁구막취	false	false
窮山僻村	궁산벽촌	false	false
窮山幽谷	궁산유곡	false	false
窮慘하다	궁참하다	false	false
窮狀맞다	궁상맞다	false	false
窮狀바가지	궁상바가지	false	false
窮症	궁증	false	false
窮盜	궁도	false	false
窮盡	궁진	false	false
窮盡하다	궁진하다	false	false
窮細民	궁세민	false	false
窮者	궁자	false	false
窮運	궁운	false	false
窮量	궁냥	false	false
窮鼠反噬	궁서반서	false	false
窮바가지	궁바가지	false	false
窯出機	요출기	false	false
窯出門	요출문	false	false
窯品	요품	false	false
窶籔	루수	false	false
窺瓠	규호	false	false
窺索	규색	false	false
窺索하다	규색하다	false	false
竅漏症	규루증	false	false
竈王門	조왕문	false	false
竊名	절명	false	false
立下冊子	립하책자	false	false
立主奠	립주전	false	false
立件	립건	false	false
立件하다	립건하다	false	false
立保	립보	false	false
立候補	립후보	false	false
立候補者	립후보자	false	false
立候補되다	립후보되다	false	false
立候補하다	립후보하다	false	false
立像	립상	false	false
立像畫	립상화	false	false
立冬	립동	false	false
立冬머리	립동머리	false	false
立刻	립각	false	false
立刻捉來	립각착래	false	false
立卽	립즉	false	false
立卽捉來	립즉착래	false	false
立后	립후	false	false
立后하다	립후하다	false	false
立哨	립초	false	false
立唱	립창	false	false
立嗣	립사	false	false
立地	립지	false	false
立地條件	립지조건	false	false
立坪	립평	false	false
立場	립장	false	false
立夏	립하	false	false
立審	립심	false	false
立射	립사	false	false
立射壕	립사호	false	false
立庭	립정	false	false
立廟	립묘	false	false
立廟하다	립묘하다	false	false
立廣跳	립광도	false	false
立後	립후	false	false
立後하다	립후하다	false	false
立志	립지	false	false
立志傳	립지전	false	false
立慬	립근	false	false
立憲	립헌	false	false
立憲制	립헌제	false	false
立憲君主制	립헌군주제	false	false
立憲君主國	립헌군주국	false	false
立憲國	립헌국	false	false
立憲政治體制	립헌정치체제	false	false
立憲政體	립헌정체	false	false
立憲하다	립헌하다	false	false
立方	립방	false	false
立方晶系	립방정계	false	false
立方根	립방근	false	false
立方體	립방체	false	false
立旨	립지	false	false
立春	립춘	false	false
立春書	립춘서	false	false
立春榜	립춘방	false	false
立春글	립춘글	false	false
立會	립회	false	false
立會人	립회인	false	false
立會分析	립회분석	false	false
立會看守	립회간수	false	false
立會者	립회자	false	false
立會하다	립회하다	false	false
立朝	립조	false	false
立朝하다	립조하다	false	false
立木	립목	false	false
立本	립본	false	false
立本하다	립본하다	false	false
立枯病	립고병	false	false
立柱	립주	false	false
立柱하다	립주하다	false	false
立案	립안	false	false
立案하다	립안하다	false	false
立毛筋	립모근	false	false
立法	립법	false	false
立法機關	립법기관	false	false
立法權	립법권	false	false
立法處方	립법처방	false	false
立法하다	립법하다	false	false
立番	립번	false	false
立番하다	립번하다	false	false
立畫面	립화면	false	false
立石	립석	false	false
立石紀功	립석기공	false	false
立石하다	립석하다	false	false
立碑	립비	false	false
立碑하다	립비하다	false	false
立禮	립례	false	false
立禮하다	립례하다	false	false
立秋	립추	false	false
立種	립종	false	false
立稻	립도	false	false
立稻先賣	립도선매	false	false
立稻差押	립도차압	false	false
立繅機	립조기	false	false
立脚	립각	false	false
立脚地	립각지	false	false
立脚點	립각점	false	false
立脚하다	립각하다	false	false
立言	립언	false	false
立談間	립담간	false	false
立論	립론	false	false
立論하다	립론하다	false	false
立諾	립낙	false	false
立諾하다	립낙하다	false	false
立證	립증	false	false
立證하다	립증하다	false	false
立身揚名	립신양명	false	false
立身揚名하다	립신양명하다	false	false
立遲	립지	false	false
立錐	립추	false	false
立錐之地	립추지지	false	false
立面圖	립면도	false	false
立食	립식	false	false
立食하다	립식하다	false	false
立養	립양	false	false
立馬	립마	false	false
立體	립체	false	false
立體主義	립체주의	false	false
立體交叉	립체교차	false	false
立體交叉接續部	립체교차접속부	false	false
立體交叉點	립체교차점	false	false
立體化學	립체화학	false	false
立體印刷	립체인쇄	false	false
立體口號	립체구호	false	false
立體回路	립체회로	false	false
立體圖	립체도	false	false
立體圖案	립체도안	false	false
立體型板	립체형판	false	false
立體寫眞	립체사진	false	false
立體幾何學	립체기하학	false	false
立體式養殖	립체식양식	false	false
立體式우리	립체식우리	false	false
立體性	립체성	false	false
立體感	립체감	false	false
立體戰	립체전	false	false
立體放送	립체방송	false	false
立體效果	립체효과	false	false
立體映畫	립체영화	false	false
立體望遠鏡	립체망원경	false	false
立體構造	립체구조	false	false
立體橋	립체교	false	false
立體步道다리	립체보도다리	false	false
立體派	립체파	false	false
立體特性重合	립체특성중합	false	false
立體特性重合物	립체특성중합물	false	false
立體特性重合觸媒	립체특성중합촉매	false	false
立體異性	립체이성	false	false
立體異性體	립체이성체	false	false
立體的	립체적	false	false
立體的配置	립체적배치	false	false
立體美	립체미	false	false
立體美術	립체미술	false	false
立體舞臺	립체무대	false	false
立體裁斷	립체재단	false	false
立體角	립체각	false	false
立體配置	립체배치	false	false
立體錄音	립체록음	false	false
立體錄音電蓄	립체록음전축	false	false
立體鏡	립체경	false	false
立體障礙	립체장애	false	false
立體音	립체음	false	false
立體顯微鏡	립체현미경	false	false
立體養魚	립체양어	false	false
立體養魚場	립체양어장	false	false
立體거울	립체거울	false	false
立體다리	립체다리	false	false
立高跳	립고도	false	false
立黃	립황	false	false
站田	참전	false	false
竝依	병의	false	false
竝列型變換器	병렬형변환기	false	false
竝列的關係	병렬적관계	false	false
竝列複合文	병렬복합문	false	false
竝列韻	병렬운	false	false
竝列體系	병렬체계	false	false
竝利	병리	false	false
竝利하다	병리하다	false	false
竝坐擧主	병좌거주	false	false
竝坐擧主되다	병좌거주되다	false	false
竝坐擧主하다	병좌거주하다	false	false
竝屬	병속	false	false
竝屬槪念	병속개념	false	false
竝播	병파	false	false
竝現	병현	false	false
竝現하다	병현하다	false	false
竝立複合文	병립복합문	false	false
竝立隊形	병립대형	false	false
竝罷	병파	false	false
竝行觀測	병행관측	false	false
竝行追擊	병행추격	false	false
童婢	동비	false	false
童話舞踊	동화무용	false	false
童솔	동솔	false	false
童솔나무	동솔나무	false	false
端	단	false	false
端子잇개	단자잇개	false	false
端川靑콩	단천청콩	false	false
端波잃음	단파잃음	false	false
端部	단부	false	false
競技品性	경기품성	false	false
競技情緖	경기정서	false	false
競技感情	경기감정	false	false
競技膽	경기담	false	false
競技論	경기론	false	false
競技道德	경기도덕	false	false
競技館	경기관	false	false
競技걷기	경기걷기	false	false
競技돛배	경기돛배	false	false
競技헤염	경기헤염	false	false
競爭圖表	경쟁도표	false	false
競爭圖表板	경쟁도표판	false	false
競爭枝	경쟁지	false	false
競爭總和	경쟁총화	false	false
競爭運動	경쟁운동	false	false
競走棒	경주봉	false	false
競走線	경주선	false	false
竹人	죽인	false	false
竹竿	죽간	false	false
竹簟	죽담	false	false
竹腰輿	죽요여	false	false
竹葉畫	죽엽화	false	false
竹藤	죽등	false	false
竹馬故舊	죽마고구	false	false
竹신대	죽신대	false	false
竿子	간자	false	false
笋	순	false	false
笋머리	순머리	false	false
笑裏刀	소리도	false	false
笞杖	태장	false	false
笠子	립자	false	false
笠帽	립모	false	false
笠房	립방	false	false
笠挫泡煤	립좌포매	false	false
笠檐	립첨	false	false
笠飾	립식	false	false
符桁	부형	false	false
符棒	부봉	false	false
符號化理論	부호화리론	false	false
符號繼電器	부호계전기	false	false
符號誤字率	부호오자률	false	false
符號距離	부호거리	false	false
符號무게	부호무게	false	false
符號묶음	부호묶음	false	false
第一樂章形式	제일악장형식	false	false
第一生命	제일생명	false	false
第三國際黨	제삼국제당	false	false
第三次皮質中樞	제삼차피질중추	false	false
第六感	제륙감	false	false
笭箵	령성	false	false
筆匣筒	필갑통	false	false
筆唱	필창	false	false
筆唱하다	필창하다	false	false
筆墨工作	필묵공작	false	false
筆彩	필채	false	false
筆鐸	필탁	false	false
等價回路	등가회로	false	false
等價報償	등가보상	false	false
等價層	등가층	false	false
等價計算	등가계산	false	false
等地溫線	등지온선	false	false
等外線	등외선	false	false
等容積小傾斜	등용적소경사	false	false
等差合列	등차합렬	false	false
等數花	등수화	false	false
等比合列	등비합렬	false	false
等比數列機構	등비수렬기구	false	false
等比濕線	등비습선	false	false
等比點	등비점	false	false
等流運動	등류운동	false	false
等溫型鍛造	등온형단조	false	false
等溫車	등온차	false	false
等積循環	등적순환	false	false
等積記力機	등적기력기	false	false
等質곁數	등질곁수	false	false
等體積吃水線	등체적흘수선	false	false
筋之符	근지부	false	false
筋退神經	근퇴신경	false	false
筍	순	false	false
筍써리	순써리	false	false
筍치기	순치기	false	false
筍치기하다	순치기하다	false	false
筏士	벌사	false	false
筒	통	false	false
筒介匠	통개장	false	false
筒琉璃管	통유리관	false	false
筒畓	통답	false	false
筒굴뚝	통굴뚝	false	false
筒길	통길	false	false
箒星	취성	false	false
箔	박	false	false
算數平均	산수평균	false	false
算數級數	산수급수	false	false
算段	산단	false	false
算대	산대	false	false
箚紙	차지	false	false
管化	관화	false	false
管壓試驗機	관압시험기	false	false
管式	관식	false	false
管式水門	관식수문	false	false
管形空氣豫熱機	관형공기예열기	false	false
管木	관목	false	false
管模樣꽃갓	관모양꽃갓	false	false
管狀물림	관상물림	false	false
管理伐	관리벌	false	false
管理勞力	관리로력	false	false
管理工	관리공	false	false
管理自動化	관리자동화	false	false
管理自動化機具	관리자동화기구	false	false
管理自動化裝置	관리자동화장치	false	false
管理自動化體系	관리자동화체계	false	false
管理일군	관리일군	false	false
管螺絲	관나사	false	false
管螺絲틀개	관나사틀개	false	false
管輸送	관수송	false	false
管鐘	관종	false	false
管類	관류	false	false
管風琴	관풍금	false	false
管龍鬚鐵	관용수철	false	false
管길	관길	false	false
管낫菌	관낫균	false	false
管묶음	관묶음	false	false
管주머니이끼	관주머니이끼	false	false
管틀개	관틀개	false	false
箭網	전망	false	false
箱子式飼育	상자식사육	false	false
箱子式닭우리	상자식닭우리	false	false
箱子管理	상자관리	false	false
箱子飼育	상자사육	false	false
箱子우리	상자우리	false	false
節刊	절간	false	false
節操	절조	false	false
節數	절수	false	false
節次方向語	절차방향어	false	false
節歌化	절가화	false	false
節歌化되다	절가화되다	false	false
節歌化하다	절가화하다	false	false
節炭	절탄	false	false
節炭하다	절탄하다	false	false
節窯	절요	false	false
節節句句	절절구구	false	false
節約制度	절약제도	false	false
節約機	절약기	false	false
節足動物	절족동물	false	false
篆刻	전각	false	false
篆文	전문	false	false
築上	축상	false	false
築上하다	축상하다	false	false
築城監役	축성감역	false	false
築塞	축새	false	false
築塞하다	축새하다	false	false
築底하다	축저하다	false	false
築成遮斷物	축성차단물	false	false
篤學家	독학가	false	false
篤志者	독지자	false	false
篩別場	사별장	false	false
簇子錘	족자추	false	false
簇生	족생	false	false
簇生하다	족생하다	false	false
簡單簡單	간단간단	false	false
簡單諸元準備	간단제원준비	false	false
簡單하다	간단하다	false	false
簡單한價値形態	간단한가치형태	false	false
簡易鐵道驛	간이철도역	false	false
簡略潮汐計算法	간략조석계산법	false	false
簡略讀本	간략독본	false	false
簡略하다	간략하다	false	false
簡論	간론	false	false
簡選	간선	false	false
簾	렴	false	false
簾子	렴자	false	false
簾席門	렴석문	false	false
簾幕	렴막	false	false
簾幕屛帳	렴막병장	false	false
簾敎	렴교	false	false
簾波	렴파	false	false
簾窓	렴창	false	false
簾鉤	렴구	false	false
簿記員	부기원	false	false
簿記長	부기장	false	false
籃輿	람여	false	false
籐걸床	등걸상	false	false
籠	롱	false	false
籠中鳥	롱중조	false	false
籠佛	롱불	false	false
籠兒	롱아	false	false
籠型非同期電動機	롱형비동기전동기	false	false
籠城	롱성	false	false
籠城鬪爭	롱성투쟁	false	false
籠城하다	롱성하다	false	false
籠彫	롱조	false	false
籠球	롱구	false	false
籠球板	롱구판	false	false
籠球臺	롱구대	false	false
籠球輪	롱구륜	false	false
籠球靴	롱구화	false	false
籠絡	롱락	false	false
籠絡物	롱락물	false	false
籠絡되다	롱락되다	false	false
籠絡받이	롱락받이	false	false
籠絡하다	롱락하다	false	false
籠臺石	롱대석	false	false
籠餠	롱병	false	false
籠鳥	롱조	false	false
籠鷹	롱응	false	false
籠게번티기	농게번티기	false	false
籠장사	농장사	false	false
籤詩	첨시	false	false
米亂	미란	false	false
米國흰나비	미국흰나비	false	false
米州國家機構	미주국가기구	false	false
米菽	미숙	false	false
粉末비누	분말비누	false	false
粉板	분판	false	false
粉沙	분사	false	false
粉湯국	분탕국	false	false
粉狀肥料	분상비료	false	false
粉狀貨物	분상화물	false	false
粉白	분백	false	false
粉砂	분사	false	false
粉碎度	분쇄도	false	false
粉碎效率	분쇄효률	false	false
粉碎系統	분쇄계통	false	false
粉磨具	분마구	false	false
粉筆그림	분필그림	false	false
粉紅色국수버섯	분홍색국수버섯	false	false
粉紅꽃장구채	분홍꽃장구채	false	false
粉裝瓷器	분장자기	false	false
粉貼匣	분첩갑	false	false
粉鑛肥料	분광비료	false	false
粉飾	분식	false	false
粉飾되다	분식되다	false	false
粉飾하다	분식하다	false	false
粉떡	분떡	false	false
粉틀채	분틀채	false	false
粒子	립자	false	false
粒子加速器	립자가속기	false	false
粒子線	립자선	false	false
粒度	립도	false	false
粒度分析	립도분석	false	false
粒度選鑛	립도선광	false	false
粒徑	립경	false	false
粒徑分析	립경분석	false	false
粒狀	립상	false	false
粒狀化塔	립상화탑	false	false
粒狀度	립상도	false	false
粒狀斑	립상반	false	false
粒狀組織	립상조직	false	false
粒狀肥料	립상비료	false	false
粒狀體	립상체	false	false
粒界	립계	false	false
粒米	립미	false	false
粒粒이	립립이	false	false
粒群	립군	false	false
粒鐵	립철	false	false
粒鐵冶金	립철야금	false	false
粒鐵回轉爐	립철회전로	false	false
粒鐵連續製鋼法	립철련속제강법	false	false
粒鑛	립광	false	false
粗暴스럽다	조폭스럽다	false	false
粗暴하다	조폭하다	false	false
粗暴히	조폭히	false	false
粗毛羊	조모양	false	false
粗炭	추탄	false	false
粗製油	조제유	false	false
粗野스럽다	조야스럽다	false	false
粗金屬精製法	조금속정제법	false	false
粗鋼法	조강법	false	false
粗音	조음	false	false
粘性物	점성물	false	false
粘液털	점액털	false	false
粘着끌힘	점착끌힘	false	false
粘粳米	점갱미	false	false
粘質皮膜똥	점질피막똥	false	false
粥喇叭	죽나발	false	false
粥沙鉢湯	죽사발탕	false	false
粥밥	죽밥	false	false
粥벌이	죽벌이	false	false
粥탕물	죽탕물	false	false
粮料	량료	false	false
粲粲하다	찬찬하다	false	false
粲粲히	찬찬히	false	false
精	정	false	false
精力學的運動	정력학적운동	false	false
精壯軍	정장군	false	false
精子管	정자관	false	false
精密壓搾加工盤	정밀압착가공반	false	false
精密械機	정밀계기	false	false
精密飜譯	정밀번역	false	false
精板	정판	false	false
精步兵	정보병	false	false
精氣	정기	false	false
精氣롭다	정기롭다	false	false
精淵	정연	false	false
精潔度	정결도	false	false
精磨	정마	false	false
精磨하다	정마하다	false	false
精神錯亂毒物	정신착란독물	false	false
精穀	정곡	false	false
精米製粉工學	정미제분공학	false	false
精粟	정속	false	false
精紡工車	정방공차	false	false
精繭	정견	false	false
精華	정화	false	false
精製松津	정제송진	false	false
精製硫酸	정제류산	false	false
精誠作業	정성작업	false	false
精誠函	정성함	false	false
精誠運動	정성운동	false	false
精選浮選	정선부선	false	false
精銳	정예	false	false
精銳로이	정예로이	false	false
精銳롭다	정예롭다	false	false
精銳하다	정예하다	false	false
精鍊期	정련기	false	false
精黍	정서	false	false
精黍하다	정서하다	false	false
精춤	정춤	false	false
糖分作物	당분작물	false	false
糖度	탕도	false	false
糖浸	당침	false	false
糖色	탕색	false	false
糖蛋白比	당단백비	false	false
糖衣沙糖	당의사탕	false	false
糖類工學	당류공학	false	false
糖기름質	당기름질	false	false
糠掃法	강소법	false	false
糠油	강유	false	false
糧券	량권	false	false
糧政	량정	false	false
糧政事業	량정사업	false	false
糧票	량표	false	false
糧秣	량말	false	false
糧秣庫	량말고	false	false
糧穀	량곡	false	false
糧米	량미	false	false
糧草	량초	false	false
糧道	량도	false	false
糧食	량식	false	false
糧食말	량식말	false	false
糧食쌀	량식쌀	false	false
糧食하다	량식하다	false	false
糧餉	량향	false	false
糧餉廳	량향청	false	false
糲飯	랄반	false	false
系列	계렬	false	false
系列式	계렬식	false	false
系列生産	계렬생산	false	false
系列稀釋法	계렬희석법	false	false
系統圃	계통포	false	false
系統사이섞붙임	계통사이섞붙임	false	false
紀念碑彫刻	기념비조각	false	false
紀念碑書藝	기념비서예	false	false
紀念碑繪畫	기념비회화	false	false
紀念碑美術	기념비미술	false	false
紀念號	기념호	false	false
約婚말	약혼말	false	false
約束式	약속식	false	false
約結	약결	false	false
約證書	약증서	false	false
約한소리	약한소리	false	false
紅䩞	홍첩	false	false
紅令旗	홍령기	false	false
紅光	홍광	false	false
紅唐紙쪽	홍당지쪽	false	false
紅唐무우	홍당무우	false	false
紅娘子	홍랑자	false	false
紅桃花	홍도화	false	false
紅燈綠亭	홍등록정	false	false
紅疫꽃들기	홍역꽃들기	false	false
紅色繭	홍색견	false	false
紅藍花	홍람화	false	false
紅衣還鄕	홍의환향	false	false
紅點	홍점	false	false
紅감	홍감	false	false
紅날개連새	홍날개련새	false	false
紅딱다구리	홍딱다구리	false	false
紅무	홍무	false	false
紅찌	홍찌	false	false
紆餘하다	우여하다	false	false
紋樣圖	문양도	false	false
納付穀	납부곡	false	false
納帖	납첩	false	false
納帖하다	납첩하다	false	false
納幣	납페	false	false
納幣하다	납페하다	false	false
紐帶	뉴대	false	false
純利得	순리득	false	false
純利潤	순리윤	false	false
純同化率	순동화률	false	false
純太陰曆	순태음력	false	false
純孝	순효	false	false
純孝하다	순효하다	false	false
純流通費	순류통비	false	false
純烈하다	순렬하다	false	false
純用水量	순용수량	false	false
純粹구부림	순수구부림	false	false
純粹자름	순수자름	false	false
純紡績실	순방적실	false	false
純紡실	순방실	false	false
純色度	순색도	false	false
純農軍	순농군	false	false
純金屬工學	순금속공학	false	false
純陰曆	순음력	false	false
純雅하다	순아하다	false	false
純고기量	순고기량	false	false
純꽃눈	순꽃눈	false	false
純쇠돌	순쇠돌	false	false
純젖	순젖	false	false
純털	순털	false	false
純털率	순털률	false	false
純털실	순털실	false	false
紗錦	사금	false	false
紙型映畫	지형영화	false	false
紙型版종이	지형판종이	false	false
紙票	지표	false	false
紙葉	지엽	false	false
素煉	소련	false	false
紡毛機	방모기	false	false
紡毛실	방모실	false	false
紡毛천	방모천	false	false
紡績꼰실	방적꼰실	false	false
紡錘形떼	방추형떼	false	false
紡錘油	방추유	false	false
索具	색구	false	false
索緖工	삭서공	false	false
索緖機	삭서기	false	false
索緖취	삭서취	false	false
索道工	삭도공	false	false
索道起重機	삭도기중기	false	false
索道바가지	삭도바가지	false	false
紫外燈	자외등	false	false
紫外線乾燥	자외선건조	false	false
紫外線빛거르개	자외선빛거르개	false	false
紫朱雲母조개	자주운모조개	false	false
紫朱각산무늬밤나비	자주각산무늬밤나비	false	false
紫朱꽃자리풀	자주꽃자리풀	false	false
紫朱애기범밤나비	자주애기범밤나비	false	false
紫朱왜가리	자주왜가리	false	false
紫朱툭한발밤나비	자주툭한발밤나비	false	false
紫極	자극	false	false
紫珠눈섭밤나비	자주눈섭밤나비	false	false
紫色쐐기밤나비	자색쐐기밤나비	false	false
紫藍色症	자남색증	false	false
紫蘭草	자란초	false	false
紫虛頭	자허두	false	false
紫陌	자맥	false	false
紬小衫	주소삼	false	false
紬紡織	주방직	false	false
累	루	false	false
累世	루세	false	false
累乘	루승	false	false
累乘根	루승근	false	false
累千	루천	false	false
累千年	루천년	false	false
累卵之勢	루란지세	false	false
累增	루증	false	false
累增되다	루증되다	false	false
累增하다	루증하다	false	false
累巨萬	루거만	false	false
累巨萬年	루거만년	false	false
累巨萬財	루거만재	false	false
累巨萬金	루거만금	false	false
累差	루차	false	false
累德	루덕	false	false
累日	루일	false	false
累月	루월	false	false
累次	루차	false	false
累減	루감	false	false
累減稅	루감세	false	false
累減되다	루감되다	false	false
累減하다	루감하다	false	false
累犯	루범	false	false
累犯하다	루범하다	false	false
累百	루백	false	false
累科	루과	false	false
累科하다	루과하다	false	false
累積	루적	false	false
累積線量	루적선량	false	false
累積되다	루적되다	false	false
累積하다	루적하다	false	false
累萬	루만	false	false
累萬金	루만금	false	false
累計	루계	false	false
累計하다	루계하다	false	false
累變	루변	false	false
累責	루책	false	false
累退稅	루퇴세	false	false
累進	루진	false	false
累進交雜	루진교잡	false	false
累進稅	루진세	false	false
累進都給制	루진도급제	false	false
累進都給支拂制	루진도급지불제	false	false
累進都給生活費	루진도급생활비	false	false
累進都給賃金制	루진도급임금제	false	false
累進하다	루진하다	false	false
細分販賣	세분판매	false	false
細分販賣하다	세분판매하다	false	false
細分賣臺	세분매대	false	false
細小商品	세소상품	false	false
細小漁撈	세소어로	false	false
細小漁業	세소어업	false	false
細浦郡	세포군	false	false
細畫紙	세화지	false	false
細胞分裂	세포분렬	false	false
細胞分裂週期	세포분렬주기	false	false
細胞外飽和	세포외포화	false	false
細胞會	세포회	false	false
細胞會議	세포회의	false	false
細胞模樣體系	세포모양체계	false	false
細胞模樣體系計算器	세포모양체계계산기	false	false
細胞質分裂	세포질분렬	false	false
細胞사이質	세포사이질	false	false
細胞숨쉬기	세포숨쉬기	false	false
細苧布	세저포	false	false
細菌偵察	세균정찰	false	false
細部土壤圖	세부토양도	false	false
細部均衡	세부균형	false	false
細部指標	세부지표	false	false
細部探索	세부탐색	false	false
細部計劃化	세부계획화	false	false
細雨性降水	세우성강수	false	false
細頸囊蟲	세경낭충	false	false
細대	세대	false	false
紳士옷	신사옷	false	false
紹介信	소개신	false	false
紹介板	소개판	false	false
紺靑	곤청	false	false
紺靑色	곤청색	false	false
終朝	종조	false	false
終期微動	종기미동	false	false
終槽	종조	false	false
終無하다	종무하다	false	false
終結終止	종결종지	false	false
終結述語	종결술어	false	false
終結토	종결토	false	false
終話	종화	false	false
終話되다	종화되다	false	false
終話하다	종화하다	false	false
終路	종로	false	false
組上學	조상학	false	false
組合散亂	조합산란	false	false
組合散亂分光分析	조합산란분광분석	false	false
組合벌	조합벌	false	false
組工具	조공구	false	false
組成行列	조성행렬	false	false
組立埠頭	조립부두	false	false
組立水門	조립수문	false	false
組立自動線	조립자동선	false	false
組編機	조편기	false	false
組練	조련	false	false
組織不和合性	조직불화합성	false	false
組織員	조직원	false	false
組織圖	조직도	false	false
組織市場	조직시장	false	false
組織撮影	조직촬영	false	false
組織觀念	조직관념	false	false
組織連繫物	조직련계물	false	false
組織무늬뜨개	조직무늬뜨개	false	false
組織안쪼임	조직안쪼임	false	false
結合判斷	결합판단	false	false
結合操縱體系	결합조종체계	false	false
結合母音	결합모음	false	false
結合法	결합법	false	false
結合裝置	결합장치	false	false
結合複合文	결합복합문	false	false
結合間隔	결합간격	false	false
結合물氣	결합물기	false	false
結夏僧	결하승	false	false
結婚禮式	결혼례식	false	false
結婚色	결혼색	false	false
結婚裝飾	결혼장식	false	false
結實肥料	결실비료	false	false
結弧	결호	false	false
結晶化中心	결정화중심	false	false
結晶化學的轉換	결정화학적전환	false	false
結晶化溫度	결정화온도	false	false
結晶心	결정심	false	false
結晶水化物	결정수화물	false	false
結晶漆物	결정칠물	false	false
結晶送話機	결정송화기	false	false
結晶겨레	결정겨레	false	false
結晶셈管	결정셈관	false	false
結果園	결과원	false	false
結果木	결과목	false	false
結果部門	결과부문	false	false
結核化學豫防	결핵화학예방	false	false
結線工	결선공	false	false
結縛鐵絲	결박철사	false	false
結語重疊	결어중첩	false	false
絕塵	절진	false	false
絕塵하다	절진하다	false	false
絕對延長	절대연장	false	false
絕對格	절대격	false	false
絕對準位	절대준위	false	false
絕對的時間	절대적시간	false	false
絕對的現象	절대적현상	false	false
絕對的늘임	절대적늘임	false	false
絕對的세기	절대적세기	false	false
絕對言語	절대언어	false	false
絕對零度	절대령도	false	false
絕對音響零準位	절대음향령준위	false	false
絕對高	절대고	false	false
絕緣物革命	절연물혁명	false	false
絕緣이음목	절연이음목	false	false
絕緣틀	절연틀	false	false
絕編	절편	false	false
絕繭刀	절견도	false	false
絕耳法	절이법	false	false
絕趣	절취	false	false
給水司令體系	급수사령체계	false	false
給水工	급수공	false	false
給水가지管	급수가지관	false	false
給熱	급열	false	false
給熱發電所	급열발전소	false	false
給繭器	급견기	false	false
給與	급여	false	false
給與되다	급여되다	false	false
給與하다	급여하다	false	false
給鑛構造	급광구조	false	false
給鑛通路	급광통로	false	false
給電司令所	급전사령소	false	false
給食者	급식자	false	false
統一符號	통일부호	false	false
統一綱領	통일강령	false	false
統一마당論	통일마당론	false	false
統制主	통제주	false	false
統制分級	통제분급	false	false
統制數字	통제수자	false	false
統制時分	통제시분	false	false
統節	통절	false	false
統計力學	통계력학	false	false
統計的測定體系	통계적측정체계	false	false
絶對的時稱	절대적시칭	false	false
絹紡紬	견방주	false	false
絹紡績실	견방적실	false	false
絹織工	견직공	false	false
絹이김	견이김	false	false
經	경	false	false
經先	경선	false	false
經典	경전	false	false
經常補修	경상보수	false	false
經常觀察	경상관찰	false	false
經常計算	경상계산	false	false
經常貯藏品	경상저장품	false	false
經律	경률	false	false
經歷書	경력서	false	false
經濟事業	경제사업	false	false
經濟募捐	경제모연	false	false
經濟參謀部	경제참모부	false	false
經濟合營	경제합영	false	false
經濟命脈	경제명맥	false	false
經濟地區	경제지구	false	false
經濟宣傳	경제선전	false	false
經濟成分	경제성분	false	false
經濟煽動	경제선동	false	false
經濟煽動隊	경제선동대	false	false
經濟煽動隊員	경제선동대원	false	false
經濟的強制	경제적강제	false	false
經濟的槓杆	경제적공간	false	false
經濟的肥沃度	경제적비옥도	false	false
經濟祝典	경제축전	false	false
經濟科學	경제과학	false	false
經濟綱領	경제강령	false	false
經濟道德生活	경제도덕생활	false	false
經濟일군	경제일군	false	false
經營	경영	false	false
經營上管理權	경영상관리권	false	false
經營操縱學	경영조종학	false	false
經營試錐	경영시추	false	false
經營되다	경영되다	false	false
經營하다	경영하다	false	false
經理形態	경리형태	false	false
經理生活	경리생활	false	false
經理軍官	경리군관	false	false
經緯網	경위망	false	false
經行	경행	false	false
經行하다	경행하다	false	false
經通	경통	false	false
經通機	경통기	false	false
經閉	경페	false	false
經驗的인것	경험적인것	false	false
經驗統計的方法	경험통계적방법	false	false
綜合加工盤	종합가공반	false	false
綜合掘進機	종합굴진기	false	false
綜合採炭機	종합채탄기	false	false
綜合敎會	종합교회	false	false
綜合映寫室	종합영사실	false	false
綜合治療場	종합치료장	false	false
綜合的均衡	종합적균형	false	false
綜合的幹部養成基地	종합적간부양성기지	false	false
綜合的形態	종합적형태	false	false
綜合的成句	종합적성구	false	false
綜合的構造	종합적구조	false	false
綜合的機械化	종합적기계화	false	false
綜合的機械동발	종합적기계동발	false	false
綜合精鑛	종합정광	false	false
綜合總譜	종합총보	false	false
綜合脫穀機	종합탈곡기	false	false
綜合臺	종합대	false	false
綜合試驗	종합시험	false	false
綜合農場	종합농장	false	false
綜合選擇浮選	종합선택부선	false	false
綜合體操臺	종합체조대	false	false
綜合가시臺	종합가시대	false	false
綜覽分析	종람분석	false	false
綜覽圖	종람도	false	false
綜覽日氣圖	종람일기도	false	false
綜覽氣象學	종람기상학	false	false
綜覽狀態	종람상태	false	false
綜覽過程	종람과정	false	false
綜覽電報	종람전보	false	false
綠	녹	false	false
綠內障	록내장	false	false
綠化	록화	false	false
綠化樹木	록화수목	false	false
綠化近衛隊	록화근위대	false	false
綠化되다	록화되다	false	false
綠化하다	록화하다	false	false
綠地	록지	false	false
綠地帶	록지대	false	false
綠地網	록지망	false	false
綠地體系	록지체계	false	false
綠地띠	록지띠	false	false
綠塞風	록새풍	false	false
綠塞바람	록새바람	false	false
綠官	록관	false	false
綠帳	록장	false	false
綠彩	록채	false	false
綠林	록림	false	false
綠林客	록림객	false	false
綠林豪傑	록림호걸	false	false
綠林豪客	록림호객	false	false
綠林黨	록림당	false	false
綠柱玉	록주옥	false	false
綠柱石	록주석	false	false
綠楊	록양	false	false
綠楊버들	록양버들	false	false
綠樹	록수	false	false
綠水	록수	false	false
綠水靑山	록수청산	false	false
綠波	록파	false	false
綠泥	록니	false	false
綠泥石	록니석	false	false
綠液	록액	false	false
綠灰色	록회색	false	false
綠瓷	록자	false	false
綠疆病	록강병	false	false
綠疆菌	록강균	false	false
綠磁	록자	false	false
綠礬	록반	false	false
綠礬蒼朮丸	록반창출환	false	false
綠窓朱戶	록창주호	false	false
綠竹	록죽	false	false
綠竹猗猗하다	록죽의의하다	false	false
綠簾石	록렴석	false	false
綠紫色	록자색	false	false
綠羅	록라	false	false
綠耳	록이	false	false
綠肥	록비	false	false
綠肥作物	록비작물	false	false
綠腺	록선	false	false
綠色	녹색	false	false
綠色䩞	록색점	false	false
綠色丹粧	록색단장	false	false
綠色化粧品	록색화장품	false	false
綠色植物	록색식물	false	false
綠色盲	록색맹	false	false
綠色腫	록색종	false	false
綠色革命	록색혁명	false	false
綠色감탕	록색감탕	false	false
綠色비둘기	록색비둘기	false	false
綠色작은깡충	록색작은깡충	false	false
綠色작은멸구	록색작은멸구	false	false
綠色큰멸구	록색큰멸구	false	false
綠苔	록태	false	false
綠茶	록다	false	false
綠草	록초	false	false
綠葉	록엽	false	false
綠藻	록조	false	false
綠藻植物	록조식물	false	false
綠藻類	록조류	false	false
綠蟻	록의	false	false
綠衣	록의	false	false
綠衣紅裳	록의홍상	false	false
綠褐色	록갈색	false	false
綠野	록야	false	false
綠鉛鑛	록연광	false	false
綠門	록문	false	false
綠陰	록음	false	false
綠陰芳草	록음방초	false	false
綠雨	록우	false	false
綠靑	록청	false	false
綠風內障	록풍내장	false	false
綠髮	록발	false	false
綠鬢	록빈	false	false
綠鬢紅顔	록빈홍안	false	false
綠鱔	록선	false	false
綠막이漆감	녹막이칠감	false	false
綠물	녹물	false	false
綠실	록실	false	false
綠조개	록조개	false	false
綠차	록차	false	false
維持回路	유지회로	false	false
維持時間	유지시간	false	false
綮靴	계화	false	false
網員	망원	false	false
網新聞	망신문	false	false
網樣質	망양질	false	false
網狀內皮肉腫	망상내피육종	false	false
網狀河系	망상하계	false	false
網狀細胞	망상세포	false	false
網狀組織	망상조직	false	false
網狀肉腫	망상육종	false	false
網禮節	망례절	false	false
網競買	망경매	false	false
網笠	망립	false	false
網箭	망전	false	false
網絲壓出機	망사압출기	false	false
網責	망책	false	false
網가루	망가루	false	false
網갈이	망갈이	false	false
綴合	철합	false	false
綴合하다	철합하다	false	false
綸旨	륜지	false	false
綸綍	륜발	false	false
綸音	륜음	false	false
綺絹	기견	false	false
綾	릉	false	false
綾屬	릉속	false	false
綾紗	릉사	false	false
綾紬	릉주	false	false
綾絹	릉견	false	false
綾緞	릉단	false	false
綾織	릉직	false	false
綾羅	릉라	false	false
綾羅匠	릉라장	false	false
綾羅紬	릉라주	false	false
綾羅錦繡	릉라금수	false	false
綾羅錦衣	릉라금의	false	false
綾붙이	릉붙이	false	false
綿亢羅	면항라	false	false
綿室開俵機	면실개표기	false	false
綿捲工	면권공	false	false
綿毛달리	면모달리	false	false
綿紡績실	면방적실	false	false
綿絲織物	면사직물	false	false
綿綾織	면릉직	false	false
綿草신	면초신	false	false
綿麗하다	면려하다	false	false
綿모시	면모시	false	false
綿빗질	면빗질	false	false
綿빗질하다	면빗질하다	false	false
緊不緊	긴불긴	false	false
緊張射擊	긴장사격	false	false
緊張넘기기	긴장넘기기	false	false
緋緞層구름	비단층구름	false	false
緋緞山	비단산	false	false
緋緞瀑布	비단폭포	false	false
緋緞골뱅이	비단골뱅이	false	false
緋緞구름	비단구름	false	false
緋緞더미구름	비단더미구름	false	false
緋緞두메紫雲	비단두메자운	false	false
緋緞밭	비단밭	false	false
緋緞섬	비단섬	false	false
緋緞숲	비단숲	false	false
緋緞실線	비단실선	false	false
緋緞실벌레	비단실벌레	false	false
緋緞안개	비단안개	false	false
緋緞울림	비단울림	false	false
緋緞쪽무이褓	비단쪽무이보	false	false
線倍率	선배률	false	false
線分探索法	선분탐색법	false	false
線分法	선분법	false	false
線印字機	선인자기	false	false
線型넘기기	선형넘기기	false	false
線型셈法	선형셈법	false	false
線形校訂符號	선형교정부호	false	false
線模樣褶曲	선모양습곡	false	false
線畫圖	선화도	false	false
線畫美術	선화미술	false	false
線管	선관	false	false
線記憶裝置	선기억장치	false	false
線間接地맞닿이	선간접지맞닿이	false	false
線間맞닿이	선간맞닿이	false	false
線갈이	선갈이	false	false
線그림	선그림	false	false
線그림銅版	선그림동판	false	false
線늘음	선늘음	false	false
線두르기	선두르기	false	false
線묶음	선묶음	false	false
線밟기	선밟기	false	false
線불음	선불음	false	false
線불음곁數	선불음곁수	false	false
線새김	선새김	false	false
線새김法	선새김법	false	false
線치기繡	선치기수	false	false
線톱	선톱	false	false
線톱機	선톱기	false	false
緞絹	단견	false	false
緞綃	단초	false	false
緞衣	단의	false	false
緣因	연인	false	false
緣坐	연좌	false	false
緣坐律	연좌률	false	false
緣坐되다	연좌되다	false	false
緣坐하다	연좌하다	false	false
緣故住宅	연고주택	false	false
緣故墓	연고묘	false	false
緣故建物	연고건물	false	false
緣綱	연강	false	false
編成司令員	편성사령원	false	false
編成紙	편성지	false	false
編筏場	편벌장	false	false
編筏夫	편벌부	false	false
編細品	편세품	false	false
編組工	편조공	false	false
編網圖	편망도	false	false
編織化	편직화	false	false
編織바늘	편직바늘	false	false
編織천	편직천	false	false
編隊目標	편대목표	false	false
編隊突擊	편대돌격	false	false
緩緩하다	완완하다	false	false
緩衝樑	완충량	false	false
緩衝發破	완충발파	false	false
緩衝記憶方式	완충기억방식	false	false
緩衝변	완충변	false	false
緩衝보	완충보	false	false
緩調	완조	false	false
緯裝工	위장공	false	false
緯車	위거	false	false
練光亭	련광정	false	false
練兵	련병	false	false
練兵場	련병장	false	false
練兵하다	련병하다	false	false
練制品	련제품	false	false
練壓	련압	false	false
練布	련포	false	false
練散炙	련산적	false	false
練服	련복	false	false
練磨	련마	false	false
練磨場	련마장	false	false
練磨되다	련마되다	false	false
練磨하다	련마하다	false	false
練祀	련사	false	false
練祥	련상	false	false
練祭	련제	false	false
練祭服	련제복	false	false
練祭祀	련제사	false	false
練習	련습	false	false
練習場	련습장	false	false
練習工	련습공	false	false
練習帳	련습장	false	false
練習曲	련습곡	false	false
練習機	련습기	false	false
練習爆彈	련습폭탄	false	false
練習生	련습생	false	false
練習船	련습선	false	false
練習艦	련습함	false	false
練習車	련습차	false	false
練習하다	련습하다	false	false
練達	련달	false	false
練達되다	련달되다	false	false
練達하다	련달하다	false	false
練馬	련마	false	false
練馬場	련마장	false	false
練馬하다	련마하다	false	false
練鵲	련작	false	false
練하다	련하다	false	false
緻密帶	치밀대	false	false
縇곱말아박이	선곱말아박이	false	false
縛致	박치	false	false
縛致하다	박치하다	false	false
縛띠	박띠	false	false
縫合邊	봉합변	false	false
縫縮	봉축	false	false
縫縮하다	봉축하다	false	false
縫衣隊	봉의대	false	false
縮合가마	축합가마	false	false
縮圖版	축도판	false	false
縮小鎔鍊	축소용련	false	false
縮尺符號	축척부호	false	false
縮影	축영	false	false
縮手	축수	false	false
縮手하다	축수하다	false	false
縮樑	축량	false	false
縮水	축수	false	false
縮水하다	축수하다	false	false
縮法	축법	false	false
縮法龍馬	축법룡마	false	false
縮皺卵	축추란	false	false
縮頭	축두	false	false
縮首噤口	축수금구	false	false
縱削	종삭	false	false
縱削盤	종삭반	false	false
縱削되다	종삭되다	false	false
縱削하다	종삭하다	false	false
縱動對位法	종동대위법	false	false
縱支線	종지선	false	false
縱樑	종량	false	false
縱溝	종구	false	false
縱的從屬機關	종적종속기관	false	false
縱縱하다	종종하다	false	false
縱縱히	종종히	false	false
縱誕	종탄	false	false
縱誕하다	종탄하다	false	false
縱長	종장	false	false
縱長配置	종장배치	false	false
縷絏之中	루설지중	false	false
縹渺하다	표묘하다	false	false
縹渺히	표묘히	false	false
縹緲하다	표묘하다	false	false
縹緲히	표묘히	false	false
總代	총대	false	false
總反日	총반일	false	false
總布裝幀	총포장정	false	false
總序館	총서관	false	false
總抗日	총항일	false	false
總括語	총괄어	false	false
總模樣곁數	총모양곁수	false	false
總減少量	총감소량	false	false
總理	총리	false	false
總發動	총발동	false	false
總發動되다	총발동되다	false	false
總發動하다	총발동하다	false	false
總的	총적	false	false
總祕書	총비서	false	false
總練習	총련습	false	false
總聯	총련	false	false
總臺帳	총대장	false	false
總要原	총요원	false	false
總計示元帳	총계시원장	false	false
總評	총평	false	false
總評議會	총평의회	false	false
總譜集	총보집	false	false
總路線	총로선	false	false
總順列	총순렬	false	false
總領事	총령사	false	false
總領事館	총령사관	false	false
繁分學	번분학	false	false
繁噲	번쾌	false	false
繃帶布	붕대포	false	false
繃帶所	붕대소	false	false
織布鳥	직포조	false	false
織物強伸度機	직물강신도기	false	false
織物後處理	직물후처리	false	false
織紋旗	직문기	false	false
織耕	직경	false	false
織耕하다	직경하다	false	false
織造畫	직조화	false	false
織造繡	직조수	false	false
繙讀	번독	false	false
繙讀하다	번독하다	false	false
繡놓이뜨개	수놓이뜨개	false	false
繡실걸개	수실걸개	false	false
繡실끈	수실끈	false	false
繩席	승석	false	false
繩結笠	승결립	false	false
繪畫繡	회화수	false	false
繪畫글字	회화글자	false	false
繫燈	계등	false	false
繫燈浮標	계등부표	false	false
繫筏場	계벌장	false	false
繭柄	견병	false	false
繰絲工	조사공	false	false
繰越工事	조월공사	false	false
繳矰	작증	false	false
繹出	역출	false	false
繹出되다	역출되다	false	false
繹出하다	역출하다	false	false
繼妹	계매	false	false
繼絲機	계사기	false	false
繼電	계전	false	false
繼電操縱體系	계전조종체계	false	false
繼電特性	계전특성	false	false
繼電調節器	계전조절기	false	false
繽粉하다	빈분하다	false	false
續行列車	속행렬차	false	false
纍纍이	루루이	false	false
纏繞	전요	false	false
纏繞하다	전요하다	false	false
纏頭	전두	false	false
纖維板종이	섬유판종이	false	false
纖維林	섬유림	false	false
纖維製紙林	섬유제지림	false	false
纖維質	섬유질	false	false
纖維가늘기	섬유가늘기	false	false
纖維싹細胞	섬유싹세포	false	false
纖維종이나무	섬유종이나무	false	false
纖維혹	섬유혹	false	false
纜魚	람어	false	false
缸燈	항등	false	false
缺便	결편	false	false
缺感	결감	false	false
缺無하다	결무하다	false	false
缺球	결구	false	false
罍	뢰	false	false
罨畵	엄화	false	false
罪惡스럽다	죄악스럽다	false	false
罪惡스레	죄악스레	false	false
罪犯	죄범	false	false
罪犯하다	죄범하다	false	false
罰房살이	벌방살이	false	false
罰蹴	벌축	false	false
罰蹴하다	벌축하다	false	false
罰넣기	벌넣기	false	false
罰넣기하다	벌넣기하다	false	false
罰차기	벌차기	false	false
罰치기點	벌치기점	false	false
罹患率	리환률	false	false
罹災	리재	false	false
罹災地	리재지	false	false
罹災民	리재민	false	false
罹病	리병	false	false
罹病率	리병률	false	false
罹禍	리화	false	false
羅列	라렬	false	false
羅列式	라렬식	false	false
羅列春秋	라렬춘추	false	false
羅列되다	라렬되다	false	false
羅列하다	라렬하다	false	false
羅刹	라찰	false	false
羅刹女	라찰녀	false	false
羅北	라북	false	false
羅卒	라졸	false	false
羅城	라성	false	false
羅大盤	라대반	false	false
羅將	라장	false	false
羅將옷	라장옷	false	false
羅將이	라장이	false	false
羅州盤	라주반	false	false
羅巾	라건	false	false
羅布	라포	false	false
羅幃	라위	false	false
羅拜	라배	false	false
羅拜하다	라배하다	false	false
羅漢	라한	false	false
羅漢像	라한상	false	false
羅牌	라패	false	false
羅睺直星	라후직성	false	false
羅祿	라록	false	false
羅立	라립	false	false
羅立하다	라립하다	false	false
羅紗	라사	false	false
羅紗織	라사직	false	false
羅紗실	라사실	false	false
羅紗천	라사천	false	false
羅緞	라단	false	false
羅織	라직	false	false
羅織하다	라직하다	false	false
羅衫	라삼	false	false
羅裙	라군	false	false
羅裳	라상	false	false
羅針	라침	false	false
羅針儀	라침의	false	false
羅針器	라침기	false	false
羅針板	라침판	false	false
羅針盤	라침반	false	false
羅針路	라침로	false	false
羅錦綃緞	라금초단	false	false
羅馬數字	라마수자	false	false
羊傳染性젖통炎	양전염성젖통염	false	false
羊十二指腸蟲	양십이지장충	false	false
羊腸曲路	양장곡로	false	false
羊角照燈	양각조등	false	false
羊밸순대	양밸순대	false	false
羊털가죽	양털가죽	false	false
羊파리	양파리	false	false
羊혀푸름病	양혀푸름병	false	false
美松里遺跡	미송리유적	false	false
美童춤	미동춤	false	false
美術博物館	미술박물관	false	false
美術員	미술원	false	false
美論	미론	false	false
羚羊	령양	false	false
羚羊角	령양각	false	false
群怨	군원	false	false
群衆事業	군중사업	false	false
群衆圖書館	군중도서관	false	false
群衆審判	군중심판	false	false
群衆工作	군중공작	false	false
群衆歌謠	군중가요	false	false
群衆路線	군중로선	false	false
群選擇機	군선택기	false	false
義烈하다	의렬하다	false	false
義絕	의절	false	false
羽口	우구	false	false
羽蟲	우충	false	false
翊儲	익저	false	false
翊儲하다	익저하다	false	false
翎毛	령모	false	false
翎毛圖	령모도	false	false
習得費	습득비	false	false
習慣性流産	습관성류산	false	false
習質	습질	false	false
習馬	습마	false	false
習馬하다	습마하다	false	false
翠波	취파	false	false
翡翠접시	비취접시	false	false
翡色沙器	비색사기	false	false
翡色象嵌磁器	비색상감자기	false	false
翣舌	삽설	false	false
翰林別曲體歌	한림별곡체가	false	false
翼側攻擊手	익측공격수	false	false
翼狀嘴片	익상취편	false	false
翼部	익부	false	false
耀德郡	요덕군	false	false
老	로	false	false
老丈	로장	false	false
老且病	로차병	false	false
老世代	로세대	false	false
老中靑	로중청	false	false
老人	로인	false	false
老人丈	로인장	false	false
老人態	로인태	false	false
老人星	로인성	false	false
老人會	로인회	false	false
老人環	로인환	false	false
老人癡呆	로인치매	false	false
老人相	로인상	false	false
老人職	로인직	false	false
老人鏡	로인경	false	false
老人難聽	로인난청	false	false
老人님	로인님	false	false
老人잔치	로인잔치	false	false
老佛	로불	false	false
老來	로래	false	false
老傔	로겸	false	false
老僕	로복	false	false
老僧	로승	false	false
老僧舞	로승무	false	false
老僧춤	로승춤	false	false
老僧탈	로승탈	false	false
老儒	로유	false	false
老兄	로형	false	false
老先生	로선생	false	false
老兵	로병	false	false
老兵士	로병사	false	false
老凶	로흉	false	false
老凶하다	로흉하다	false	false
老化	로화	false	false
老化故障	로화고장	false	false
老化氣	로화기	false	false
老化하다	로화하다	false	false
老卒	로졸	false	false
老南瓜菜	로남과채	false	false
老叟	로수	false	false
老吏	로리	false	false
老境	로경	false	false
老士	로사	false	false
老士宿儒	로사숙유	false	false
老壯	로장	false	false
老壯派	로장파	false	false
老大國	로대국	false	false
老大家	로대가	false	false
老大하다	로대하다	false	false
老夫	로부	false	false
老夫婦	로부부	false	false
老奴	로노	false	false
老妄	로망	false	false
老妄되다	로망되다	false	false
老妄하다	로망하다	false	false
老妓	로기	false	false
老妻	로처	false	false
老姑	로고	false	false
老姑草	로고초	false	false
老娘	로랑	false	false
老婆	로파	false	false
老婆心	로파심	false	false
老婆쟁이	로파쟁이	false	false
老婢	로비	false	false
老婦	로부	false	false
老婦人	로부인	false	false
老嫗	로구	false	false
老嫗쟁이	로구쟁이	false	false
老嫗쟁이질	로구쟁이질	false	false
老嫗질	로구질	false	false
老學生	로학생	false	false
老學者	로학자	false	false
老宅	로댁	false	false
老客	로객	false	false
老將	로장	false	false
老將軍	로장군	false	false
老小	로소	false	false
老少	로소	false	false
老少南北	로소남북	false	false
老少同樂	로소동락	false	false
老少年	로소년	false	false
老少論	로소론	false	false
老屋	로옥	false	false
老嶺	로령	false	false
老師	로사	false	false
老年	로년	false	false
老年期	로년기	false	false
老幹部	로간부	false	false
老幼	로유	false	false
老廢牛	로페우	false	false
老廢物	로페물	false	false
老廢하다	로페하다	false	false
老弱	로약	false	false
老弱者	로약자	false	false
老弱하다	로약하다	false	false
老後	로후	false	false
老德	로덕	false	false
老患	로환	false	false
老悴하다	로췌하다	false	false
老態	로태	false	false
老慾	로욕	false	false
老成	로성	false	false
老成人	로성인	false	false
老成하다	로성하다	false	false
老戰士	로전사	false	false
老所	로소	false	false
老所지기	로소지기	false	false
老手	로수	false	false
老拙하다	로졸하다	false	false
老新婦	로신부	false	false
老新郞	로신랑	false	false
老會	로회	false	false
老木	로목	false	false
老朽艦	로후함	false	false
老朽하다	로후하다	false	false
老松	로송	false	false
老松나무	로송나무	false	false
老柯子	로가자	false	false
老柳	로류	false	false
老樹	로수	false	false
老死	로사	false	false
老死하다	로사하다	false	false
老母	로모	false	false
老法師	로법사	false	false
老泥	로니	false	false
老漢	로한	false	false
老漢少楚	로한소초	false	false
老炎	로염	false	false
老無力하다	로무력하다	false	false
老無用하다	로무용하다	false	false
老熟하다	로숙하다	false	false
老熟히	로숙히	false	false
老父	로부	false	false
老爺	로야	false	false
老牌	로패	false	false
老物	로물	false	false
老獪하다	로회하다	false	false
老生	로생	false	false
老産	로산	false	false
老當益壯	로당익장	false	false
老疾	로질	false	false
老病	로병	false	false
老痰	로담	false	false
老瘧	로학	false	false
老相	로상	false	false
老眼	로안	false	false
老眼鏡	로안경	false	false
老祖父	로조부	false	false
老筆	로필	false	false
老紅少靑	로홍소청	false	false
老總角	로총각	false	false
老羸	로리	false	false
老翁	로옹	false	false
老翁鬚	로옹수	false	false
老老스님	로로스님	false	false
老職	로직	false	false
老職堂上	로직당상	false	false
老臣	로신	false	false
老莊之學	로장지학	false	false
老蒼하다	로창하다	false	false
老處女	로처녀	false	false
老衰	로쇠	false	false
老衰期	로쇠기	false	false
老衰木	로쇠목	false	false
老衰病	로쇠병	false	false
老衰者	로쇠자	false	false
老衰船	로쇠선	false	false
老衰하다	로쇠하다	false	false
老視	로시	false	false
老視眼	로시안	false	false
老親	로친	false	false
老親侍下	로친시하	false	false
老親네	로친네	false	false
老論	로론	false	false
老身	로신	false	false
老軀	로구	false	false
老辣餠	로랄병	false	false
老農	로농	false	false
老退	로퇴	false	false
老退하다	로퇴하다	false	false
老酒	로주	false	false
老醜	로추	false	false
老醜하다	로추하다	false	false
老鈍하다	로둔하다	false	false
老鈍히	로둔히	false	false
老鍊하다	로련하다	false	false
老鍊히	로련히	false	false
老鏡	로경	false	false
老長	로장	false	false
老長舞	로장무	false	false
老長중	로장중	false	false
老長춤	로장춤	false	false
老除	로제	false	false
老除되다	로제되다	false	false
老除하다	로제하다	false	false
老隊員	로대원	false	false
老體	로체	false	false
老黨員	로당원	false	false
老齒	로치	false	false
老齡	로령	false	false
老齡船	로령선	false	false
老齡艦	로령함	false	false
老도령	로도령	false	false
老마님	로마님	false	false
老스님	로스님	false	false
老축	로축	false	false
老티	로티	false	false
老할머니	로할머니	false	false
老할머님	로할머님	false	false
老할아버님	로할아버님	false	false
老할아버지	로할아버지	false	false
考古年代學	고고년대학	false	false
考推	고추	false	false
考推하다	고추하다	false	false
考讀	고독	false	false
考讀하다	고독하다	false	false
耐乾性樹種	내건성수종	false	false
耐壓가마	내압가마	false	false
耐寒戰	내한전	false	false
耐寒飛行	내한비행	false	false
耐氣性	내기성	false	false
耐濕종이	내습종이	false	false
耐火加工	내화가공	false	false
耐爆室	내폭실	false	false
耐爆照明器具	내폭조명기구	false	false
耐爆燈	내폭등	false	false
耐爆設備	내폭설비	false	false
耐爆電車	내폭전차	false	false
耐磨耗鎔搾	내마모용착	false	false
耐磨耗鎔搾法	내마모용착법	false	false
耐酸沙器	내산사기	false	false
耐酸管	내산관	false	false
耐酸鐵	내산철	false	false
耒耜	뢰사	false	false
耕作權地	경작권지	false	false
耕地利用率	경지리용률	false	false
耗作	모작	false	false
耗作金店	모작금점	false	false
耗作錢	모작전	false	false
耗竭	모갈	false	false
耗竭하다	모갈하다	false	false
耗錢	모전	false	false
耳目收拾	이목수습	false	false
耳邊	이변	false	false
耳閉	이페	false	false
聊賴	료뢰	false	false
聊賴하다	료뢰하다	false	false
聖母聖誕祝日	성모성탄축일	false	false
聖體節	성체절	false	false
聘叔	빙숙	false	false
聘請	빙청	false	false
聘請하다	빙청하다	false	false
聚合組織	취합조직	false	false
聞寡	문과	false	false
聞寡하다	문과하다	false	false
聯	련	false	false
聯亘	련긍	false	false
聯亘하다	련긍하다	false	false
聯共	련공	false	false
聯共合作	련공합작	false	false
聯共統一	련공통일	false	false
聯共聯北	련공련북	false	false
聯動	련동	false	false
聯動函	련동함	false	false
聯動哨所	련동초소	false	false
聯動器	련동기	false	false
聯動圖表	련동도표	false	false
聯動裝置	련동장치	false	false
聯北	련북	false	false
聯句	련구	false	false
聯句詩	련구시	false	false
聯合	련합	false	false
聯合中樞	련합중추	false	false
聯合企業所	련합기업소	false	false
聯合作戰	련합작전	false	false
聯合內閣	련합내각	false	false
聯合司令	련합사령	false	false
聯合國	련합국	false	false
聯合國機構	련합국기구	false	false
聯合式浮選機	련합식부선기	false	false
聯合性瓣膜症	련합성판막증	false	false
聯合掃海機	련합소해기	false	false
聯合政府	련합정부	false	false
聯合武力	련합무력	false	false
聯合目錄	련합목록	false	false
聯合籠城鬪爭	련합롱성투쟁	false	false
聯合聲明	련합성명	false	false
聯合葬	련합장	false	false
聯合軍	련합군	false	false
聯合部隊	련합부대	false	false
聯合部隊長	련합부대장	false	false
聯合驛	련합역	false	false
聯合體	련합체	false	false
聯合되다	련합되다	false	false
聯合하다	련합하다	false	false
聯名	련명	false	false
聯名하다	련명하다	false	false
聯唱	련창	false	false
聯啓	련계	false	false
聯啓하다	련계하다	false	false
聯婚	련혼	false	false
聯婚하다	련혼하다	false	false
聯席	련석	false	false
聯席會議	련석회의	false	false
聯席하다	련석하다	false	false
聯想	련상	false	false
聯想心理學	련상심리학	false	false
聯想編輯	련상편집	false	false
聯想自動症	련상자동증	false	false
聯想記憶裝置	련상기억장치	false	false
聯歡	련환	false	false
聯歡公演	련환공연	false	false
聯步	련보	false	false
聯珠	련주	false	false
聯珠詩	련주시	false	false
聯珠體	련주체	false	false
聯盟	련맹	false	false
聯盟戰	련맹전	false	false
聯砲軍	련포군	false	false
聯立	련립	false	false
聯立一次方程式	련립일차방정식	false	false
聯立三元一次方程式	련립삼원일차방정식	false	false
聯立不等式	련립부등식	false	false
聯立內閣	련립내각	false	false
聯立制	련립제	false	false
聯立式	련립식	false	false
聯立政府	련립정부	false	false
聯立方程式	련립방정식	false	false
聯立되다	련립되다	false	false
聯立하다	련립하다	false	false
聯箚	련차	false	false
聯箚하다	련차하다	false	false
聯絡	련락	false	false
聯繫	련계	false	false
聯繫되다	련계되다	false	false
聯繫하다	련계하다	false	false
聯翩	련편	false	false
聯翩하다	련편하다	false	false
聯臂	련비	false	false
聯衾	련금	false	false
聯衾하다	련금하다	false	false
聯袂	련메	false	false
聯袂하다	련메하다	false	false
聯軍	련군	false	false
聯運驛	련운역	false	false
聯邦	련방	false	false
聯邦制	련방제	false	false
聯邦國家	련방국가	false	false
聯邦形式	련방형식	false	false
聯關	련관	false	false
聯關性	련관성	false	false
聯關遺傳	련관유전	false	false
聯隊	련대	false	false
聯隊砲	련대포	false	false
聯隊長	련대장	false	false
聯騎	련기	false	false
聯騎하다	련기하다	false	false
聲嗆	성창	false	false
聲帶매듭	성대매듭	false	false
聲調點	성조점	false	false
聲重	성중	false	false
聲音進行	성음진행	false	false
聲音울리기	성음울리기	false	false
聲響	성향	false	false
聳上추기	용상추기	false	false
聶辟	섭벽	false	false
職務不執行罪	직무부집행죄	false	false
職員	직원	false	false
職場世帶	직장세대	false	false
職場優待制	직장우대제	false	false
職場原價	직장원가	false	false
職場費	직장비	false	false
職場長	직장장	false	false
職場長學校	직장장학교	false	false
職外	직외	false	false
職外敎員	직외교원	false	false
職業同盟	직업동맹	false	false
職業的革命家	직업적혁명가	false	false
職業運動	직업운동	false	false
職業革命家	직업혁명가	false	false
職盟	직맹	false	false
聽取偵察	청취정찰	false	false
聽取度	청취도	false	false
聽取網	청취망	false	false
聽講席	청강석	false	false
聾啞	롱아	false	false
聾啞學校	롱아학교	false	false
聾盲啞	롱맹아	false	false
聾者	롱자	false	false
肅反	숙반	false	false
肅反工作	숙반공작	false	false
肅反하다	숙반하다	false	false
肅川郡	숙천군	false	false
肉感	륙감	false	false
肉感的	륙감적	false	false
肉斑알	육반알	false	false
肉淸泡	육청포	false	false
肉漿벙거지	육장벙거지	false	false
肉燭火	육촉화	false	false
肉痹	육비	false	false
肉紅紬	육홍주	false	false
肉網機	육망기	false	false
肉親感	육친감	false	false
肉針뼈벌레	육침뼈벌레	false	false
肉졸임	육졸임	false	false
肋木	륵목	false	false
肋木棒	륵목봉	false	false
肋椎關節	륵추관절	false	false
肋膜	륵막	false	false
肋膜炎	륵막염	false	false
肋膜腔	륵막강	false	false
肋膜찌르기	륵막찌르기	false	false
肋軟骨	륵연골	false	false
肋間	륵간	false	false
肋間神經	륵간신경	false	false
肋間神經痛	륵간신경통	false	false
肋間筋	륵간근	false	false
肋骨	륵골	false	false
肋骨層膜板	륵골층막판	false	false
肋骨斷面積	륵골단면적	false	false
肋骨板	륵골판	false	false
肋骨面積線圖	륵골면적선도	false	false
肖像描寫	초상묘사	false	false
肖像撮影	초상촬영	false	false
肖像旗	초상기	false	false
肖像旗발	초상기발	false	false
肖像萬能主義	초상만능주의	false	false
肖像處理	초상처리	false	false
肚帶	두대	false	false
肛門周圍고름집	홍문주위고름집	false	false
肛門마개	홍문마개	false	false
肛門막힘	홍문막힘	false	false
肝油沙糖	간유사탕	false	false
肝注射藥	간주사약	false	false
肝胃製劑	간위제제	false	false
肝腫	간종	false	false
肝蟲病	간충병	false	false
肝붓기	간붓기	false	false
肝쪽잎	간쪽잎	false	false
肥培灌漑	비배관개	false	false
肥大率	비대률	false	false
肥料받음性	비료받음성	false	false
肥料풀	비료풀	false	false
肥滿하다	비만하다	false	false
肥育藻	비육조	false	false
肥育닭	비육닭	false	false
肥育돼지	비육돼지	false	false
肥育못	비육못	false	false
肥育토끼	비육토끼	false	false
肥胖療法	비반료법	false	false
肩胛骨炎	견갑골염	false	false
肩띠	견띠	false	false
肯定	긍정	false	false
肯定人物	긍정인물	false	false
肯定役	긍정역	false	false
育種圃田	육종포전	false	false
育苗	육모	false	false
育苗하다	육모하다	false	false
育모떼	육모떼	false	false
肺	페	false	false
肺分葉	페분엽	false	false
肺動脈	페동맥	false	false
肺動脈瓣閉鎖不全症	페동맥판페쇄부전증	false	false
肺動脈間瓣	페동맥간판	false	false
肺動靜脈漏	페동정맥루	false	false
肺消	페소	false	false
肺炎雙알菌	페염쌍알균	false	false
肺炎雙알菌性肺炎	페염쌍알균성페염	false	false
肺炎막대菌	페염막대균	false	false
肺病쟁이	페병쟁이	false	false
肺破裂	페파렬	false	false
肺經	페경	false	false
肺胞	페포	false	false
肺胞微石症	페포미석증	false	false
肺胞蛋白症	페포단백증	false	false
肺胞蟲病	페포충병	false	false
肺胞造影	페포조영	false	false
肺胞주머니原蟲	페포주머니원충	false	false
肺蟲病	페충병	false	false
肺酵母菌症	페효모균증	false	false
肺靜脈	페정맥	false	false
肺類肉腫症	페류육종증	false	false
肺끝	페끝	false	false
肺물고기	페물고기	false	false
肺잎	페잎	false	false
胃憩室	위계실	false	false
胃管流	위관류	false	false
胃蝱蟲病	위망충병	false	false
胃酸누름藥	위산누름약	false	false
胃뚫어지기	위뚫어지기	false	false
胃쌈	위쌈	false	false
胃아픔	위아픔	false	false
胃처지기	위처지기	false	false
背囊庫	배낭고	false	false
背後聯合	배후련합	false	false
背景冊	배경책	false	false
背景幕	배경막	false	false
背景臺	배경대	false	false
背景臺美術	배경대미술	false	false
背臣	배신	false	false
背轉	배전	false	false
背轉하다	배전하다	false	false
背闊筋	배활근	false	false
背黨	배당	false	false
胎兒心搏計	태아심박계	false	false
胎兒褓자기	태아보자기	false	false
胎弱	태약	false	false
胎性遺傳學	태성유전학	false	false
胎瘧	태학	false	false
胎낳이	태낳이	false	false
胎덩이	태덩이	false	false
胎뭉치	태뭉치	false	false
胎아이	태아이	false	false
胎앉다	태앉다	false	false
胎줄	태줄	false	false
胚區域	배구역	false	false
胚子法	배자법	false	false
胚子移植	배자이식	false	false
胚胎巖	배태암	false	false
胞子잎	포자잎	false	false
胞子주머니	포자주머니	false	false
胞子줄기	포자줄기	false	false
胞節球털벌레	포절구털벌레	false	false
胡椒도미	호초도미	false	false
胡蔥	호총	false	false
胡蝶蘭	호접란	false	false
胡蝶魚	호접어	false	false
胡무	호무	false	false
胡주머니線量計	호주머니선량계	false	false
胤女	윤녀	false	false
胴體彫刻	동체조각	false	false
胸型	흉형	false	false
胸帶	흉대	false	false
胸肋關節	흉륵관절	false	false
胸腔水腫	흉강수종	false	false
能人	능인	false	false
能動回遊	능동회유	false	false
能動土壓	능동토압	false	false
能動濾波器	능동려파기	false	false
能動相	능동상	false	false
能動自在하다	능동자재하다	false	false
脂肪型	지방형	false	false
脂膩	지니	false	false
脈	맥	false	false
脈動噴射式機關	맥동분사식기관	false	false
脈動音	맥동음	false	false
脈動별	맥동별	false	false
脈氣	맥기	false	false
脈脈히	맥맥히	false	false
脈꼴	맥꼴	false	false
脈노리	맥노리	false	false
脈노리現象	맥노리현상	false	false
脈노리音	맥노리음	false	false
脈뜀	맥뜀	false	false
脈뜀電流	맥뜀전류	false	false
脈보기	맥보기	false	false
脈빠지기	맥빠지기	false	false
脈살	맥살	false	false
脊梁山地	척량산지	false	false
脊椎起立筋	척추기립근	false	false
脊椎펴기살	척추펴기살	false	false
脊髓橫斷症候	척수횡단증후	false	false
脊髓視丘路	척수시구로	false	false
脊髓거미줄膜炎	척수거미줄막염	false	false
脚弱	각약	false	false
脚蛀	각주	false	false
脚踏	각답	false	false
脫削幕	탈삭막	false	false
脫口	탈구	false	false
脫句	탈귀	false	false
脫植	탈식	false	false
脫植하다	탈식하다	false	false
脫權	탈권	false	false
脫權하다	탈권하다	false	false
脫水作用	탈수작용	false	false
脫水坑	탈수갱	false	false
脫皮機	탈피기	false	false
脫砒焙燒	탈비배소	false	false
脫稅密商	탈세밀상	false	false
脫肛	탈홍	false	false
脫肛症	탈홍증	false	false
脫蛹機	탈용기	false	false
脫陽	탈양	false	false
脫陽되다	탈양되다	false	false
脫陽하다	탈양하다	false	false
脫鹽	탈염	false	false
脫鹽原子爐	탈염원자로	false	false
脫鹽土壤	탈염토양	false	false
脾胃性	비위성	false	false
脾胃덩어리	비위덩어리	false	false
脾胃살	비위살	false	false
脾臟機能亢進症	비장기능항진증	false	false
腎上腺	신상선	false	false
腎盂콩팥炎	신우콩팥염	false	false
腎腧	신유	false	false
腐植質動物	부식질동물	false	false
腐生動物	부생동물	false	false
腐虛하다	부허하다	false	false
腔線機	강선기	false	false
腔線武器	강선무기	false	false
腕力競技	완력경기	false	false
腦動靜脈瘤	뇌동정맥류	false	false
腦卒症	뇌졸증	false	false
腦室찌르기	뇌실찌르기	false	false
腦打撲	뇌타박	false	false
腦波分析器	뇌파분석기	false	false
腦波器	뇌파기	false	false
腦膜炎菌	뇌막염균	false	false
腦超音波檢査法	뇌초음파검사법	false	false
腦超音波計	뇌초음파계	false	false
腦髓境界値	뇌수경계치	false	false
腦髓成長中心部	뇌수성장중심부	false	false
腦짓찧기	뇌짓찧기	false	false
腦피줄照映	뇌피줄조영	false	false
腫瘍宿主	종양숙주	false	false
腫瘍惡性度	종양악성도	false	false
腰椎찌르기	요추찌르기	false	false
腰鉤	요구	false	false
腸浴	장욕	false	false
腸灌流	장관류	false	false
腹內斜筋	복내사근	false	false
腹臣	복신	false	false
腹띠	복띠	false	false
腺胃液	선위액	false	false
膀胱石	방광석	false	false
膀胱腧	방광유	false	false
膂力	려력	false	false
膂力過人하다	려력과인하다	false	false
膂氣	려기	false	false
膂氣지름	려기지름	false	false
膏汗賃金制度	고한임금제도	false	false
膏藥때	고약때	false	false
膜劑	막제	false	false
膜濾過器	막려과기	false	false
膜떨기	막떨기	false	false
膠狀質	교상질	false	false
膠質作用	교질작용	false	false
膠質滴定	교질적정	false	false
膠質火藥	교질화약	false	false
膠質燃料	교질연료	false	false
膠質粉碎機	교질분쇄기	false	false
膠質粒子	교질립자	false	false
膠質網	교질망	false	false
膠質電解物	교질전해물	false	false
膠質電解質	교질전해질	false	false
膠質알갱이	교질알갱이	false	false
膠質풀리기	교질풀리기	false	false
膣閉鎖	질페쇄	false	false
膣안受精形	질안수정형	false	false
膨大部	팽대부	false	false
膨脹成形機	팽창성형기	false	false
膨脹곁數	팽창곁수	false	false
膵管	취관	false	false
膵臟炎	취장염	false	false
膵臟癌	취장암	false	false
膵臟섬	취장섬	false	false
膻中	단중	false	false
膽兪	담유	false	false
膽珠	담주	false	false
膽道內蛔蟲症	담도내회충증	false	false
膽道出血	담도출혈	false	false
膽지다	담지다	false	false
膽차다	담차다	false	false
膾갓	회갓	false	false
臂脚	비각	false	false
臆	억	false	false
臘	랍	false	false
臘享	랍향	false	false
臘前三白	랍전삼백	false	false
臘劑	랍제	false	false
臘平	랍평	false	false
臘平祭	랍평제	false	false
臘平치	랍평치	false	false
臘平치하다	랍평치하다	false	false
臘日	랍일	false	false
臘月	랍월	false	false
臘梅	랍매	false	false
臘祭	랍제	false	false
臘肉	랍육	false	false
臘藥	랍약	false	false
臘酒	랍주	false	false
臘雪	랍설	false	false
臘雪水	랍설수	false	false
臘鳥	랍조	false	false
臙脂볼	연지볼	false	false
臚唱	려창	false	false
臚脹	려창	false	false
臣勞君逸	신로군일	false	false
臣屬國家	신속국가	false	false
臥席	와석	false	false
臥席하다	와석하다	false	false
臥椎法	와퇴법	false	false
臧否	장부	false	false
臨	림	false	false
臨事	림사	false	false
臨卦	림괘	false	false
臨場	림장	false	false
臨場感	림장감	false	false
臨帖	림첩	false	false
臨席	림석	false	false
臨席하다	림석하다	false	false
臨幸	림행	false	false
臨幸하다	림행하다	false	false
臨御	림어	false	false
臨御하다	림어하다	false	false
臨戰	림전	false	false
臨文	림문	false	false
臨時	림시	false	false
臨時代理大使	림시대리대사	false	false
臨時分工	림시분공	false	false
臨時建物	림시건물	false	false
臨時標	림시표	false	false
臨時標本	림시표본	false	false
臨時水門	림시수문	false	false
臨時狼狽	림시랑패	false	false
臨時的	림시적	false	false
臨時荷重	림시하중	false	false
臨時記號	림시기호	false	false
臨時變通	림시변통	false	false
臨時費	림시비	false	false
臨時速度記號	림시속도기호	false	false
臨時다리	림시다리	false	false
臨時동발	림시동발	false	false
臨時모板	림시모판	false	false
臨時물막이	림시물막이	false	false
臨時살이	림시살이	false	false
臨時살이하다	림시살이하다	false	false
臨時심기	림시심기	false	false
臨時심기法	림시심기법	false	false
臨月	림월	false	false
臨朔	림삭	false	false
臨朔하다	림삭하다	false	false
臨機	림기	false	false
臨機應變	림기응변	false	false
臨機하다	림기하다	false	false
臨檢	림검	false	false
臨檢하다	림검하다	false	false
臨歲	림세	false	false
臨死	림사	false	false
臨民	림민	false	false
臨泣	림읍	false	false
臨海	림해	false	false
臨牀	림상	false	false
臨牀分析	림상분석	false	false
臨牀病理學	림상병리학	false	false
臨牀病院	림상병원	false	false
臨牀藥理學	림상약리학	false	false
臨牀遺傳學	림상유전학	false	false
臨牀醫學	림상의학	false	false
臨牀하다	림상하다	false	false
臨産	림산	false	false
臨界	림계	false	false
臨界周波數	림계주파수	false	false
臨界回轉數	림계회전수	false	false
臨界循環	림계순환	false	false
臨界抵抗	림계저항	false	false
臨界時期	림계시기	false	false
臨界溫度	림계온도	false	false
臨界狀態	림계상태	false	false
臨界相對濕度	림계상대습도	false	false
臨界磁氣마당	림계자기마당	false	false
臨界經間	림계경간	false	false
臨界融合周波數	림계융합주파수	false	false
臨界角	림계각	false	false
臨界質量	림계질량	false	false
臨界電流	림계전류	false	false
臨界點	림계점	false	false
臨界물氣	림계물기	false	false
臨界흐름速度	림계흐름속도	false	false
臨畫	림화	false	false
臨畫하다	림화하다	false	false
臨終	림종	false	false
臨終하다	림종하다	false	false
臨臥服	림와복	false	false
臨農	림농	false	false
臨農奪耕	림농탈경	false	false
臨迫	림박	false	false
臨迫하다	림박하다	false	false
臨陣	림진	false	false
臨하다	림하다	false	false
自主路線	자주로선	false	false
自供自給	자공자급	false	false
自分	자분	false	false
自分하다	자분하다	false	false
自列疏	자렬소	false	false
自列疏하다	자렬소하다	false	false
自動便宜電壓	자동편의전압	false	false
自動入匣機	자동입갑기	false	false
自動入곽機	자동입곽기	false	false
自動冷風裝置	자동랭풍장치	false	false
自動制針機	자동제침기	false	false
自動加工中心盤	자동가공중심반	false	false
自動勵磁調節器	자동려자조절기	false	false
自動化村	자동화촌	false	false
自動周波數操縱	자동주파수조종	false	false
自動增幅操縱	자동증폭조종	false	false
自動增幅調節	자동증폭조절	false	false
自動增幅調節回路	자동증폭조절회로	false	false
自動彫刻機	자동조각기	false	false
自動推進機	자동추진기	false	false
自動操縱棒	자동조종봉	false	false
自動操縱盤	자동조종반	false	false
自動步銃	자동보총	false	false
自動水準儀	자동수준의	false	false
自動砲	자동포	false	false
自動移行	자동이행	false	false
自動積載機	자동적재기	false	false
自動索道바가지	자동삭도바가지	false	false
自動經緯儀	자동경위의	false	false
自動綜合	자동종합	false	false
自動綜合하다	자동종합하다	false	false
自動線	자동선	false	false
自動線回轉裝置	자동선회전장치	false	false
自動線運搬裝置	자동선운반장치	false	false
自動言語學	자동언어학	false	false
自動豫備投入	자동예비투입	false	false
自動車兵	자동차병	false	false
自動車列車	자동차렬차	false	false
自動車勾配抵抗	자동차구배저항	false	false
自動車司令	자동차사령	false	false
自動車放射計	자동차방사계	false	false
自動車票	자동차표	false	false
自動車齒車變速機	자동차치차변속기	false	false
自動車타항機	자동차타항기	false	false
自動追攀	자동추반	false	false
自動閉塞	자동페색	false	false
自動閉塞裝置	자동페색장치	false	false
自動開閉器	자동개페기	false	false
自動體	자동체	false	false
自動體理論	자동체리론	false	false
自動밥가마	자동밥가마	false	false
自動부림式雙軸連結車	자동부림식쌍축련결차	false	false
自動부림貨車	자동부림화차	false	false
自動키잡이裝置	자동키잡이장치	false	false
自動흐름線	자동흐름선	false	false
自勵式局部發振	자려식국부발진	false	false
自在階級	자재계급	false	false
自奔	자분	false	false
自奔하다	자분하다	false	false
自家分離	자가분리	false	false
自家成形術	자가성형술	false	false
自家하다	자가하다	false	false
自差判定圖表	자차판정도표	false	false
自己共軶演算子	자기공액연산자	false	false
自己然하다	자기연하다	false	false
自待	자대	false	false
自待하다	자대하다	false	false
自律	자률	false	false
自律神經	자률신경	false	false
自律關稅	자률관세	false	false
自我唾罵	자아타매	false	false
自我唾罵하다	자아타매하다	false	false
自批	자비	false	false
自持	자지	false	false
自持하다	자지하다	false	false
自振動	자진동	false	false
自昇塔式起重機	자승탑식기중기	false	false
自昇式塔式起重機	자승식탑식기중기	false	false
自昇起重機	자승기중기	false	false
自時로	자시로	false	false
自有물氣	자유물기	false	false
自水道	자수도	false	false
自治稅	자치세	false	false
自炊客	자취객	false	false
自然主義敎育	자연주의교육	false	false
自然元素類	자연원소류	false	false
自然冷却變壓器	자연랭각변압기	false	false
自然區劃	자연구획	false	false
自然地帶的	자연지대적	false	false
自然地理區	자연지리구	false	false
自然地理區劃	자연지리구획	false	false
自然基礎科學敎育	자연기초과학교육	false	false
自然室	자연실	false	false
自然富源	자연부원	false	false
自然實驗室	자연실험실	false	false
自然山	자연산	false	false
自然帶	자연대	false	false
自然數列	자연수렬	false	false
自然根源地	자연근원지	false	false
自然注油	자연주유	false	false
自然生長性	자연생장성	false	false
自然生長的唯物論	자연생장적유물론	false	false
自然生長論	자연생장론	false	false
自然的生産能力	자연적생산능력	false	false
自然綜合體	자연종합체	false	false
自然隱蔽部	자연은페부	false	false
自然音列	자연음렬	false	false
自然養魚	자연양어	false	false
自然갑작變異	자연갑작변이	false	false
自然길이	자연길이	false	false
自然돌	자연돌	false	false
自然되살이	자연되살이	false	false
自然모	자연모	false	false
自然물빼기	자연물빼기	false	false
自然물잡이	자연물잡이	false	false
自然배길	자연배길	false	false
自然섞붙임	자연섞붙임	false	false
自然숲	자연숲	false	false
自然얼굴	자연얼굴	false	false
自然풀	자연풀	false	false
自燒電極	자소전극	false	false
自爲的階級	자위적계급	false	false
自甘	자감	false	false
自甘하다	자감하다	false	false
自生的語音變化	자생적어음변화	false	false
自生的階級	자생적계급	false	false
自由値數	자유치수	false	false
自由對象訓鍊	자유대상훈련	false	false
自由形	자유형	false	false
自由思想	자유사상	false	false
自由愛護人民	자유애호인민	false	false
自由瀝靑	자유력청	false	false
自由移動	자유이동	false	false
自由移動하다	자유이동하다	false	false
自由空間	자유공간	false	false
自由粒子	자유립자	false	false
自由落下	자유락하	false	false
自由落下式	자유락하식	false	false
自由落下망치	자유락하망치	false	false
自由記憶	자유기억	false	false
自由走路	자유주로	false	false
自由運動	자유운동	false	false
自由鍛造망치	자유단조망치	false	false
自由門	자유문	false	false
自由防禦手	자유방어수	false	false
自由離婚	자유리혼	false	false
自由던지기	자유던지기	false	false
自由맞서기	자유맞서기	false	false
自由미세기물결	자유미세기물결	false	false
自由접鐵	자유접철	false	false
自由치기	자유치기	false	false
自由흐름	자유흐름	false	false
自發的中止	자발적중지	false	false
自發輻射	자발복사	false	false
自矜自恃	자긍자시	false	false
自矜自負	자긍자부	false	false
自硫銅鑛	자류동광	false	false
自立副詞	자립부사	false	false
自立放電	자립방전	false	false
自立的品詞	자립적품사	false	false
自立的飛行	자립적비행	false	false
自立路線	자립로선	false	false
自粉碎機	자분쇄기	false	false
自習班	자습반	false	false
自聲強聽	자성강청	false	false
自腹	자복	false	false
自行式	자행식	false	false
自行式平土機	자행식평토기	false	false
自行式鋪設機	자행식포설기	false	false
自行浚첩船	자행준첩선	false	false
自行砲	자행포	false	false
自行船	자행선	false	false
自行艀船	자행부선	false	false
自行起重機	자행기중기	false	false
自行鑛車	자행광차	false	false
自行高射砲	자행고사포	false	false
自行다짐機	자행다짐기	false	false
自衛團	자위단	false	false
自衛心	자위심	false	false
自轉車蹴球	자전거축구	false	false
自首事業	자수사업	false	false
自首政策	자수정책	false	false
自體情報量	자체정보량	false	false
自體消化	자체소화	false	false
自體療養	자체료양	false	false
自體療養所	자체료양소	false	false
自體誘導度	자체유도도	false	false
自體誘導線輪	자체유도선륜	false	false
自體誘導魚雷	자체유도어뢰	false	false
自體調整體系	자체조정체계	false	false
自體運動	자체운동	false	false
自鳴	자명	false	false
自黨本位主義	자당본위주의	false	false
至上하다	지상하다	false	false
至善盡美	지선진미	false	false
至善盡美하다	지선진미하다	false	false
至孰하다	지숙하다	false	false
至急策	지급책	false	false
至情敎訓	지정교훈	false	false
至毒漢	지독한	false	false
至誠品	지성품	false	false
至難스럽다	지난스럽다	false	false
致富구멍	치부구멍	false	false
致斃	치페	false	false
致斃하다	치페하다	false	false
致死갑작變異	치사갑작변이	false	false
致謝말	치사말	false	false
致賀	치하	false	false
臺詞體	대사체	false	false
臺車式電氣爐	대차식전기로	false	false
臺車進水	대차진수	false	false
臺돌	대돌	false	false
與位格	여위격	false	false
與共	여공	false	false
與格토	여격토	false	false
與與하다	여여하다	false	false
興味거리	흥미거리	false	false
興業者	흥업자	false	false
興流	흥류	false	false
興겨웁다	흥겨웁다	false	false
興알	흥알	false	false
興주머니	흥주머니	false	false
舊作人	구작인	false	false
舊唯物論	구유물론	false	false
舊圜	구환	false	false
舊女性	구녀성	false	false
舊學書堂	구학서당	false	false
舊年묵이	구년묵이	false	false
舊盟成全	구맹성전	false	false
舊草	구초	false	false
舊論理	구론리	false	false
舌上瘡	설상창	false	false
舌急	설급	false	false
舌歪	설외	false	false
舌縮	설축	false	false
舐食	지식	false	false
舐食하다	지식하다	false	false
舒舌	서설	false	false
舞童쌓기	무동쌓기	false	false
舞臺	무대	false	false
舞臺劇映畫	무대극영화	false	false
舞臺字幕	무대자막	false	false
舞臺工藝	무대공예	false	false
舞臺物映畫	무대물영화	false	false
舞臺環境	무대환경	false	false
舞臺美術創作畫	무대미술창작화	false	false
舞臺自感	무대자감	false	false
舞臺調和	무대조화	false	false
舞臺貫通	무대관통	false	false
舞臺面幕	무대면막	false	false
舞臺앞幕	무대앞막	false	false
舞臺옷	무대옷	false	false
舞踊場面	무용장면	false	false
舞踊文字	무용문자	false	false
舞踊文法	무용문법	false	false
舞踊構圖	무용구도	false	false
舞踊總譜	무용총보	false	false
舞踊群像	무용군상	false	false
舞踊記號	무용기호	false	false
舞踊譜表	무용보표	false	false
舞踊鳥	무용조	false	false
舞踊새	무용새	false	false
舞蹈室	무도실	false	false
舟梁	주량	false	false
舟閣집	주각집	false	false
航向	항향	false	false
航向系統	항향계통	false	false
航向角	항향각	false	false
航向하다	항향하다	false	false
航次	항차	false	false
航法計算자	항법계산자	false	false
航海區分體系	항해구분체계	false	false
航海堪當性	항해감당성	false	false
航海天文年表	항해천문년표	false	false
航海年表	항해년표	false	false
航海序列	항해서렬	false	false
航海時	항해시	false	false
航空	항공	false	false
航空信管	항공신관	false	false
航空信號哨所	항공신호초소	false	false
航空力學	항공력학	false	false
航空哨所	항공초소	false	false
航空噴霧	항공분무	false	false
航空噴霧하다	항공분무하다	false	false
航空天文學	항공천문학	false	false
航空技術器材	항공기술기재	false	false
航空掃海幾	항공소해기	false	false
航空撮影爆彈	항공촬영폭탄	false	false
航空操縱武器	항공조종무기	false	false
航空救命船	항공구명선	false	false
航空機試驗法	항공기시험법	false	false
航空機關	항공기관	false	false
航空減壓症	항공감압증	false	false
航空燃油	항공연유	false	false
航空石油	항공석유	false	false
航空競技	항공경기	false	false
航空衛生學	항공위생학	false	false
航空警報	항공경보	false	false
航空輸送船	항공수송선	false	false
航空轉換機	항공전환기	false	false
航空陸戰兵	항공륙전병	false	false
航空陸戰行動	항공륙전행동	false	false
航空陸戰隊	항공륙전대	false	false
航空電氣探査	항공전기탐사	false	false
航空非接觸機雷	항공비접촉기뢰	false	false
航空멀미	항공멀미	false	false
航空멀미하다	항공멀미하다	false	false
航行管理所	항행관리소	false	false
航行視準器	항행시준기	false	false
航跡隊形	항적대형	false	false
航路標識	항로표식	false	false
航路檢閱	항로검열	false	false
航路檢閱하다	항로검열하다	false	false
航路線	항로선	false	false
舶來品	박래품	false	false
舷側그물	현측그물	false	false
船倉契約	선창계약	false	false
船底도리	선저도리	false	false
船底세로堡	선저세로보	false	false
船形곁수	선형곁수	false	false
船架貰	선가세	false	false
船留場	선류장	false	false
船級貨物	선급화물	false	false
船臺組立作業	선대조립작업	false	false
船舶工業	선박공업	false	false
船舶建造工學	선박건조공학	false	false
船舶繫留場	선박계류장	false	false
船遊樂	선유악	false	false
船頭	선두	false	false
船首尾面	선수미면	false	false
船首曲材	선수곡재	false	false
船體가로자름面圖	선체가로자름면도	false	false
船달이	선달이	false	false
艇掃海機	정소해기	false	false
艦上飛行隊	함상비행대	false	false
艦渠	함거	false	false
艦砲準備射擊	함포준비사격	false	false
艦船	함선	false	false
艦船中隊	함선중대	false	false
艦船僞裝布	함선위장포	false	false
艦船煙幕器	함선연막기	false	false
艦船砲彈庫	함선포탄고	false	false
艦船編隊	함선편대	false	false
艦船長旗	함선장기	false	false
艦船隊	함선대	false	false
艦首旗	함수기	false	false
良	량	false	false
良丁	량정	false	false
良久	량구	false	false
良人	량인	false	false
良俗	량속	false	false
良劑	량제	false	false
良匠	량장	false	false
良友	량우	false	false
良吏	량리	false	false
良否	량부	false	false
良品	량품	false	false
良善하다	량선하다	false	false
良善히	량선히	false	false
良夜	량야	false	false
良夫	량부	false	false
良好하다	량호하다	false	false
良妻	량처	false	false
良妾	량첩	false	false
良宵	량소	false	false
良宵明月	량소명월	false	false
良家	량가	false	false
良將	량장	false	false
良導體	량도체	false	false
良工	량공	false	false
良弓	량궁	false	false
良弼	량필	false	false
良役	량역	false	false
良心	량심	false	false
良心犯	량심범	false	false
良心的	량심적	false	false
良性肺腫瘍	량성페종양	false	false
良性腫瘍	량성종양	false	false
良才	량재	false	false
良方	량방	false	false
良族	량족	false	false
良書	량서	false	false
良朋	량붕	false	false
良材	량재	false	false
良案	량안	false	false
良母	량모	false	false
良民	량민	false	false
良民捕捉	량민포착	false	false
良民誤捉	량민오착	false	false
良民誤捉하다	량민오착하다	false	false
良法	량법	false	false
良港	량항	false	false
良田	량전	false	false
良田沃畓	량전옥답	false	false
良畓	량답	false	false
良相	량상	false	false
良知	량지	false	false
良禽擇木	량금택목	false	false
良種	량종	false	false
良筆	량필	false	false
良策	량책	false	false
良籍	량적	false	false
良習	량습	false	false
良能	량능	false	false
良臣	량신	false	false
良莠	량유	false	false
良薑	량강	false	false
良藥	량약	false	false
良說	량설	false	false
良識	량식	false	false
良貨	량화	false	false
良賈	량고	false	false
良賤	량천	false	false
良質	량질	false	false
良質鋼	량질강	false	false
良辰	량신	false	false
良醫	량의	false	false
良順하다	량순하다	false	false
良順히	량순히	false	false
良風	량풍	false	false
良風美俗	량풍미속	false	false
良馬	량마	false	false
艱困辛勤	간곤신근	false	false
艱苦奮鬪	간고분투	false	false
艱苦性	간고성	false	false
艱苦無雙하다	간고무쌍하다	false	false
艱難하다	간난하다	false	false
艱難히	간난히	false	false
色受像管	색수상관	false	false
色強度	색강도	false	false
色情文學	색정문학	false	false
色排列	색배렬	false	false
色映畫	색영화	false	false
色模樣무늬뜨개	색모양무늬뜨개	false	false
色泥裝	색니장	false	false
色浮刻壁畵	색부각벽화	false	false
色熱漆감	색열칠감	false	false
色狂이	색광이	false	false
色瓊團	색경단	false	false
色纖維실	색섬유실	false	false
色試驗片	색시험편	false	false
色送像機	색송상기	false	false
色順序	색순서	false	false
色가르기撮影	색가르기촬영	false	false
色가름	색가름	false	false
色갈	색갈	false	false
色갈反應	색갈반응	false	false
色갈고리	색갈고리	false	false
色갈이버섯	색갈이버섯	false	false
色감	색감	false	false
色거르개	색거르개	false	false
色거리	색거리	false	false
色견딜度	색견딜도	false	false
色고리	색고리	false	false
色구름	색구름	false	false
色구슬沙糖	색구슬사탕	false	false
色그리기	색그리기	false	false
色그림	색그림	false	false
色깨우기	색깨우기	false	false
色놓이	색놓이	false	false
色놓이하다	색놓이하다	false	false
色느낌	색느낌	false	false
色도약	색도약	false	false
色동다리	색동다리	false	false
色동달이	색동달이	false	false
色맑기對比	색맑기대비	false	false
色맞추	색맞추	false	false
色무늬發生器	색무늬발생기	false	false
色무늬뜨개	색무늬뜨개	false	false
色밝기對比	색밝기대비	false	false
色붙임藥	색붙임약	false	false
色빼기	색빼기	false	false
色빼기藥	색빼기약	false	false
色섞기	색섞기	false	false
色실천	색실천	false	false
色얼룩	색얼룩	false	false
色죽임	색죽임	false	false
色초籠	색초롱	false	false
艾湯쑥粥	애탕쑥죽	false	false
艾菊풀	애국풀	false	false
花圃田	화포전	false	false
花形	화형	false	false
花穗梗	화수경	false	false
花臺	화대	false	false
花臺郡	화대군	false	false
花草店	화초점	false	false
花謝水流	화사수류	false	false
花鬪군	화투군	false	false
花黃素	화황소	false	false
芳淳하다	방순하다	false	false
芳香	방향	false	false
芳馥하다	방복하다	false	false
芻樵	추초	false	false
芻米	추미	false	false
芻蕘	추요	false	false
芻蕘者	추요자	false	false
芽胞果	아포과	false	false
芽菜類	아채류	false	false
苔灘郡	태탄군	false	false
苔癬動物	태선동물	false	false
苛烈悽絕하다	가렬처절하다	false	false
苛烈하다	가렬하다	false	false
苛烈히	가렬히	false	false
苟艱질	구간질	false	false
苦作	고작	false	false
苦土綠泥石	고토록니석	false	false
苦學살이	고학살이	false	false
苦役場	고역장	false	false
苦役軍	고역군	false	false
苦役터	고역터	false	false
苦心겹다	고심겹다	false	false
苦旅	고려	false	false
苦灰石耐火物	고회석내화물	false	false
苦灰石가루	고회석가루	false	false
苦生감	고생감	false	false
苦生줄	고생줄	false	false
苦生줴기	고생줴기	false	false
苦笑거리	고소거리	false	false
苦難겹다	고난겹다	false	false
英傑善美하다	영걸선미하다	false	false
英國國內戰爭	영국국내전쟁	false	false
英聯邦	영련방	false	false
英芳	영방	false	false
英華	영화	false	false
英雄史詩	영웅사시	false	false
英雄童	영웅동	false	false
苴絰	저질	false	false
茶飯常談	다반상담	false	false
茹毛衣皮	여모의피	false	false
茹蘆	여려	false	false
草冊	초책	false	false
草字	초자	false	false
草家마가리	초가마가리	false	false
草家이영	초가이영	false	false
草屨	초구	false	false
草幕間	초막간	false	false
草幕지기	초막지기	false	false
草服	초복	false	false
草棘	초극	false	false
草物	초물	false	false
草物工藝	초물공예	false	false
草物工藝品	초물공예품	false	false
草生量	초생량	false	false
草稿紙	초고지	false	false
草笠	초립	false	false
草笠童이씨름	초립동이씨름	false	false
草綠大緞	초록대단	false	false
草花	초화	false	false
草野	초야	false	false
草靴	초화	false	false
草頭幕	초두막	false	false
草食場	초식장	false	false
草이영	초이영	false	false
荊芥이삭	형개이삭	false	false
荒아장사	황아장사	false	false
荔枝	려지	false	false
荔枝酒	려지주	false	false
荷役군	하역군	false	false
荷擔	하담	false	false
荷擔하다	하담하다	false	false
荷馬車	하마차	false	false
莖葉施肥	경엽시비	false	false
莞然	완연	false	false
莨菪	랑탕	false	false
莨菪子	랑탕자	false	false
莫不得하다	막부득하다	false	false
莫堅하다	막견하다	false	false
莫憂莫喜	막우막희	false	false
莫高窟	막고굴	false	false
菁華	정화	false	false
菊判半切	국판반절	false	false
菊花銀날개밤나비	국화은날개밤나비	false	false
菊花가막사리	국화가막사리	false	false
菊花꽃따벌	국화꽃따벌	false	false
菊花돌드레	국화돌드레	false	false
菊花무늬우릉성이	국화무늬우릉성이	false	false
菊花삼바리	국화삼바리	false	false
菊花술	국화술	false	false
菌膜	균막	false	false
菌體蛋白먹이	균체단백먹이	false	false
菌그루	균그루	false	false
菌먹이	균먹이	false	false
菌무지	균무지	false	false
菌실繁殖	균실번식	false	false
菌잡이細胞	균잡이세포	false	false
菌죽이기	균죽이기	false	false
菜葉	채엽	false	false
菩薩태기	보살태기	false	false
菫靑石沙器	근청석사기	false	false
華頰	화협	false	false
菱亞鉛鑛	릉아연광	false	false
菱仁	릉인	false	false
菱實	릉실	false	false
菱實粥	릉실죽	false	false
菱形	릉형	false	false
菱形되풀이繡	릉형되풀이수	false	false
菱形무늬	릉형무늬	false	false
菱沸石	릉비석	false	false
菱花	릉화	false	false
菱花板	릉화판	false	false
菱花紙	릉화지	false	false
菱苦土鑛	릉고토광	false	false
菱鐵	릉철	false	false
菱鐵鑛	릉철광	false	false
菱싸그쟁이	릉싸그쟁이	false	false
菲才乏識하다	비재핍식하다	false	false
菲才短識하다	비재단식하다	false	false
菽水歡	숙수환	false	false
萃	수	false	false
萊菔子	래복자	false	false
萍草生活	평초생활	false	false
萬事萬物	만사만물	false	false
萬國發音記號	만국발음기호	false	false
萬天幸	만천행	false	false
萬年基礎	만년기초	false	false
萬年大木	만년대목	false	false
萬年毛筆	만년모필	false	false
萬年靑아재비	만년청아재비	false	false
萬年기틀	만년기틀	false	false
萬年버섯	만년버섯	false	false
萬景臺살구	만경대살구	false	false
萬景臺신벗	만경대신벗	false	false
萬景닭	만경닭	false	false
萬歲式	만세식	false	false
萬死	만사	false	false
萬民福祉	만민복지	false	false
萬疊連剳	만첩련답	false	false
萬目瞻視	만목첨시	false	false
萬福萬樂	만복만락	false	false
萬能一次標準物質	만능일차표준물질	false	false
萬能戰鬪機	만능전투기	false	false
萬能當	만능당	false	false
萬能當하다	만능당하다	false	false
萬能編輯機	만능편집기	false	false
萬能船	만능선	false	false
萬能螺絲틀개	만능나사틀개	false	false
萬能製圖板	만능제도판	false	false
萬能設備	만능설비	false	false
萬能魚船	만능어선	false	false
萬能깨움藥	만능깨움약	false	false
萬能날개칼	만능날개칼	false	false
萬能날개칼盤	만능날개칼반	false	false
萬能짐函	만능짐함	false	false
萬能팔積載機	만능팔적재기	false	false
萬財	만재	false	false
萬身創	만신창	false	false
萬里書	만리서	false	false
萬里沙	만리사	false	false
萬里鏡	만리경	false	false
萬목숨	만목숨	false	false
落下	락하	false	false
落下傘	락하산	false	false
落下傘兵	락하산병	false	false
落下傘手	락하산수	false	false
落下傘競技	락하산경기	false	false
落下傘部隊	락하산부대	false	false
落下傘隊	락하산대	false	false
落下幾層	락하기층	false	false
落下律	락하률	false	false
落下計算	락하계산	false	false
落下體	락하체	false	false
落下마감速度	락하마감속도	false	false
落下하다	락하하다	false	false
落仕	락사	false	false
落仕하다	락사하다	false	false
落代	락대	false	false
落伍	락오	false	false
落伍分子	락오분자	false	false
落伍者	락오자	false	false
落伍하다	락오하다	false	false
落傷	락상	false	false
落傷하다	락상하다	false	false
落價	락가	false	false
落價하다	락가하다	false	false
落出	락출	false	false
落券	락권	false	false
落勢	락세	false	false
落南	락남	false	false
落南하다	락남하다	false	false
落句	락구	false	false
落地	락지	false	false
落地初	락지초	false	false
落地驚	락지경	false	false
落地하다	락지하다	false	false
落婚	락혼	false	false
落婚하다	락혼하다	false	false
落字	락자	false	false
落字없다	락자없다	false	false
落寞하다	락막하다	false	false
落屑	락설	false	false
落山	락산	false	false
落山하다	락산하다	false	false
落差	락차	false	false
落差工	락차공	false	false
落差溫突	락차온돌	false	false
落差高	락차고	false	false
落差일窟	락차일굴	false	false
落帆	락범	false	false
落帆하다	락범하다	false	false
落帙	락질	false	false
落幅紙	락복지	false	false
落庭米	락정미	false	false
落張	락장	false	false
落張不入	락장불입	false	false
落彈	락탄	false	false
落後	락후	false	false
落後分子	락후분자	false	false
落後生	락후생	false	false
落後相	락후상	false	false
落後하다	락후하다	false	false
落心	락심	false	false
落心千萬	락심천만	false	false
落心되다	락심되다	false	false
落心하다	락심하다	false	false
落想	락상	false	false
落想하다	락상하다	false	false
落成	락성	false	false
落成宴	락성연	false	false
落成式	락성식	false	false
落成되다	락성되다	false	false
落成하다	락성하다	false	false
落拓	락척	false	false
落拓하다	락척하다	false	false
落日	락일	false	false
落暉	락휘	false	false
落書	락서	false	false
落書하다	락서하다	false	false
落月	락월	false	false
落望	락망	false	false
落望하다	락망하다	false	false
落木	락목	false	false
落木寒風	락목한풍	false	false
落木空山	락목공산	false	false
落本	락본	false	false
落本하다	락본하다	false	false
落札	락찰	false	false
落札되다	락찰되다	false	false
落札하다	락찰하다	false	false
落板	락판	false	false
落板되다	락판되다	false	false
落板하다	락판하다	false	false
落枕	락침	false	false
落果	락과	false	false
落枝	락지	false	false
落梅	락매	false	false
落榜	락방	false	false
落榜擧子	락방거자	false	false
落榜하다	락방하다	false	false
落款	락관	false	false
落款하다	락관하다	false	false
落水	락수	false	false
落水期	락수기	false	false
落水고랑	락수고랑	false	false
落水물	락수물	false	false
落水물받이	락수물받이	false	false
落水받이	락수받이	false	false
落汗	락한	false	false
落汗하다	락한하다	false	false
落泊	락박	false	false
落泊하다	락박하다	false	false
落潮	락조	false	false
落潮期	락조기	false	false
落潮流	락조류	false	false
落火	락화	false	false
落照	락조	false	false
落盤	락반	false	false
落盤防止機	락반방지기	false	false
落盤되다	락반되다	false	false
落盤하다	락반하다	false	false
落眉之厄	락미지액	false	false
落着	락착	false	false
落着되다	락착되다	false	false
落着하다	락착하다	false	false
落石	락석	false	false
落石音	락석음	false	false
落石하다	락석하다	false	false
落科	락과	false	false
落科하다	락과하다	false	false
落種	락종	false	false
落種머리	락종머리	false	false
落種물	락종물	false	false
落種하다	락종하다	false	false
落空	락공	false	false
落空하다	락공하다	false	false
落第	락제	false	false
落第生	락제생	false	false
落第點	락제점	false	false
落第국	락제국	false	false
落第되다	락제되다	false	false
落第하다	락제하다	false	false
落等	락등	false	false
落等하다	락등하다	false	false
落簡	락간	false	false
落簡하다	락간하다	false	false
落籍	락적	false	false
落籍되다	락적되다	false	false
落籍하다	락적하다	false	false
落紅	락홍	false	false
落綿	락면	false	false
落緖	락서	false	false
落羽松나무	락우송나무	false	false
落職	락직	false	false
落職되다	락직되다	false	false
落職하다	락직하다	false	false
落胎	락태	false	false
落胎하다	락태하다	false	false
落脈	락맥	false	false
落膽	락담	false	false
落膽喪魂	락담상혼	false	false
落膽喪魂하다	락담상혼하다	false	false
落膽失色	락담실색	false	false
落膽失色하다	락담실색하다	false	false
落膽하다	락담하다	false	false
落花	락화	false	false
落花流水	락화류수	false	false
落花生	락화생	false	false
落花生粕	락화생박	false	false
落花生깨묵	락화생깨묵	false	false
落花하다	락화하다	false	false
落英	락영	false	false
落落長松	락락장송	false	false
落落하다	락락하다	false	false
落葉	락엽	false	false
落葉喬木	락엽교목	false	false
落葉時代	락엽시대	false	false
落葉期	락엽기	false	false
落葉松	락엽송	false	false
落葉樹	락엽수	false	false
落葉歸根	락엽귀근	false	false
落葵	락규	false	false
落薦	락천	false	false
落角	락각	false	false
落託	락탁	false	false
落託하다	락탁하다	false	false
落訟	락송	false	false
落訟者稱冤	락송자칭원	false	false
落訟하다	락송하다	false	false
落講軍	락강군	false	false
落軸	락축	false	false
落選	락선	false	false
落選되다	락선되다	false	false
落選하다	락선하다	false	false
落鄕	락향	false	false
落鄕살이	락향살이	false	false
落鄕살이하다	락향살이하다	false	false
落鄕하다	락향하다	false	false
落鑛	락광	false	false
落鑛井	락광정	false	false
落鑛場	락광장	false	false
落鑛하다	락광하다	false	false
落陽	락양	false	false
落雁	락안	false	false
落雷	락뢰	false	false
落雷하다	락뢰하다	false	false
落霞	락하	false	false
落食	락식	false	false
落馬	락마	false	false
落馬하다	락마하다	false	false
落體	락체	false	false
落髮	락발	false	false
落髮爲僧	락발위승	false	false
落髮하다	락발하다	false	false
落魄	락백	false	false
落魄하다	락백하다	false	false
落點	락점	false	false
落點하다	락점하다	false	false
落齒	락치	false	false
落齒復生	락치부생	false	false
落齒復生하다	락치부생하다	false	false
落齒하다	락치하다	false	false
葉上施肥	엽상시비	false	false
葉期	엽기	false	false
葉狀胃	엽상위	false	false
葉綠素갑작變異	엽록소갑작변이	false	false
葉蘭풀	엽란풀	false	false
葉錢	엽전	false	false
葉頭	엽두	false	false
葎草	률초	false	false
葛布織	갈포직	false	false
葛灰分	갈회분	false	false
葛緋緞	갈비단	false	false
葛纖維	갈섬유	false	false
葛껍질	갈껍질	false	false
葛범	갈범	false	false
葛범울음	갈범울음	false	false
葡萄樹林애기멸구	포도수림애기멸구	false	false
葡萄狀알菌	포도상알균	false	false
葡萄琉璃밤나비	포도유리밤나비	false	false
葡萄酒石	포도주석	false	false
葡萄靑풍뎅이	포도청풍뎅이	false	false
葡萄깃밤나비	포도깃밤나비	false	false
葡萄단졸임	포도단졸임	false	false
葡萄로菌	포도로균	false	false
葡萄먹알락밤나비	포도먹알락밤나비	false	false
葡萄빛	포도빛	false	false
葡萄술	포도술	false	false
葡萄술石	포도술석	false	false
葡萄술酸	포도술산	false	false
葡萄알菌性	포도알균성	false	false
葡萄알菌性肺炎	포도알균성페염	false	false
葡萄알菌性食中毒	포도알균성식중독	false	false
葡萄큰깃밤나비	포도큰깃밤나비	false	false
葡萄큰범돌드레	포도큰범돌드레	false	false
葫蘆頂	호로정	false	false
葬事말	장사말	false	false
葬祭	장제	false	false
葯囊	약낭	false	false
蒐輯員	수집원	false	false
蒔蘿	시라	false	false
蒙昧政策	몽매정책	false	false
蒙頭	몽두	false	false
蒙頭里	몽두리	false	false
蒜包兒	산포아	false	false
蒜薹炙	산대적	false	false
蒭蒿	추호	false	false
蒲團	포단	false	false
蒲團工	포단공	false	false
蒸氣水	증기수	false	false
蒸氣溫突	증기온돌	false	false
蒸氣가마	증기가마	false	false
蒸氣마치	증기마치	false	false
蒸溜液	증류액	false	false
蒸解工	증해공	false	false
蒸解가마	증해가마	false	false
蒻席	약석	false	false
蒼色	창색	false	false
蒿崔	호최	false	false
蓄勢機	축세기	false	false
蓄念	축념	false	false
蓄念하다	축념하다	false	false
蓄積率	축적률	false	false
蓄空器	축공기	false	false
蓄電器型送話機	축전기형송화기	false	false
蓄電器車	축전기차	false	false
蓄電池效率	축전지효률	false	false
蓄電鎔接	축전용접	false	false
蓊鬱하다	옹울하다	false	false
蓋棺論定	개관론정	false	false
蓋草쟁이	개초쟁이	false	false
蓖麻蠶	피마잠	false	false
蓖麻주	피마주	false	false
蓖麻주기름	피마주기름	false	false
蓖麻주누에	피마주누에	false	false
蓮	련	false	false
蓮亭	련정	false	false
蓮仁粥	련인죽	false	false
蓮堂	련당	false	false
蓮塘	련당	false	false
蓮子	련자	false	false
蓮子粥	련자죽	false	false
蓮子肉	련자육	false	false
蓮實	련실	false	false
蓮實竹	련실죽	false	false
蓮實갓끈	련실갓끈	false	false
蓮實돌쩌귀	련실돌쩌귀	false	false
蓮座	련좌	false	false
蓮房	련방	false	false
蓮根	련근	false	false
蓮榜	련방	false	false
蓮步	련보	false	false
蓮池	련지	false	false
蓮目魚	련목어	false	false
蓮破	련파	false	false
蓮筒	련통	false	false
蓮肉	련육	false	false
蓮花	련화	false	false
蓮花冠	련화관	false	false
蓮花座	련화좌	false	false
蓮花燈	련화등	false	false
蓮花筒	련화통	false	false
蓮花缸	련화항	false	false
蓮花臺	련화대	false	false
蓮花臺舞	련화대무	false	false
蓮花蕊	련화예	false	false
蓮花雀扇	련화작선	false	false
蓮花麴	련화국	false	false
蓮葉	련엽	false	false
蓮葉冠	련엽관	false	false
蓮葉包	련엽포	false	false
蓮葉周鉢	련엽주발	false	false
蓮葉盤床	련엽반상	false	false
蓮葉酒	련엽주	false	false
蓮葉釀	련엽양	false	false
蓮葉대접	련엽대접	false	false
蓮蓬發	련봉발	false	false
蓮蕊	련예	false	false
蓮薏	련의	false	false
蓮藕	련우	false	false
蓮꽃	련꽃	false	false
蓮꽃燈	련꽃등	false	false
蓮꽃끌	련꽃끌	false	false
蓮꽃누룩	련꽃누룩	false	false
蓮꽃무늬	련꽃무늬	false	false
蓮꽃밤나비	련꽃밤나비	false	false
蓮못	련못	false	false
蓮못가	련못가	false	false
蓮밤갈매나무	연밤갈매나무	false	false
蓮밥	련밥	false	false
蓮밥粥	련밥죽	false	false
蓮봉	련봉	false	false
蓮봉簪	련봉잠	false	false
蓮뿌리	련뿌리	false	false
蓮잎쪽비레	련잎쪽비레	false	false
蓼籃	료람	false	false
蓼花	료화	false	false
蓼麴	료국	false	false
蔘圃군	삼포군	false	false
蔘白酒	삼백주	false	false
蔘白술	삼백술	false	false
蔘蘆頭	삼로두	false	false
蔘따리	삼따리	false	false
蔞蒿	루호	false	false
蔭蔽	음페	false	false
蔭蔽物	음페물	false	false
蔭蔽鬱病	음페울병	false	false
蔭蔽되다	음페되다	false	false
蔭蔽하다	음페하다	false	false
蔽線壕	페선호	false	false
蕃茂期	번무기	false	false
蕃薯	번서	false	false
蕪雜스럽다	무잡스럽다	false	false
蕭森하다	소삼하다	false	false
蕭瑟길	소슬길	false	false
薄命人	박명인	false	false
薄壁管	박벽관	false	false
薄板壓延機	박판압연기	false	false
薄膜桶	박막통	false	false
薄膜構造	박막구조	false	false
薄膜水	박막수	false	false
薄膜溫室	박막온실	false	false
薄膜붙이기	박막붙이기	false	false
薄草	박초	false	false
薄荷草	박하초	false	false
薄荷螟蟲나비	박하명충나비	false	false
薄荷기름	박하기름	false	false
薄荷돼지벌레	박하돼지벌레	false	false
薄荷물	박하물	false	false
薄荷작은바구미	박하작은바구미	false	false
薄荷흰얼룩點잎말이벌레	박하흰얼룩점잎말이벌레	false	false
薄賞	박상	false	false
薍簾	완렴	false	false
薔薇模樣꽃갓	장미모양꽃갓	false	false
薔薇꽃잎벌	장미꽃잎벌	false	false
薔薇열매싸락藥	장미열매싸락약	false	false
薔薇지렁이	장미지렁이	false	false
薔薇칼벌	장미칼벌	false	false
薔薇큰칼벌	장미큰칼벌	false	false
薦神經叢	천신경총	false	false
薦祼	천과	false	false
薪材林	신재림	false	false
薪炭값	신탄값	false	false
薯蕒	서예	false	false
藍實	람실	false	false
藍戰服	남전복	false	false
藍晶石	람정석	false	false
藍本	람본	false	false
藍粉취	남분취	false	false
藍紅色	람홍색	false	false
藍羅	람라	false	false
藍色돌	남색돌	false	false
藍色마름色素	남색마름색소	false	false
藍色말이끼	남색말이끼	false	false
藍色붉은숫돌나비	남색붉은숫돌나비	false	false
藍色우무地衣	남색우무지의	false	false
藍苧圓扇	람저원선	false	false
藍草	남초	false	false
藍藻素	람조소	false	false
藍藻菌	람조균	false	false
藍藻類	람조류	false	false
藍銅鑛	람동광	false	false
藏卵器	장란기	false	false
藏穀	장곡	false	false
藏閉	장페	false	false
藏閉하다	장페하다	false	false
藜灰	려회	false	false
藜蘆	려로	false	false
藜鐵	려철	false	false
藝術小組	예술소조	false	false
藝術揷畫	예술삽화	false	false
藝術文學文體	예술문학문체	false	false
藝術煽動	예술선동	false	false
藝術隊	예술대	false	false
藝術헤염	예술헤염	false	false
藝閣	예각	false	false
藤箱	등상	false	false
藥力學	약력학	false	false
藥務事業	약무사업	false	false
藥務經營學	약무경영학	false	false
藥名箋	약명전	false	false
藥名表	약명표	false	false
藥味臭	약미취	false	false
藥契房	약계방	false	false
藥山緞	약산단	false	false
藥廣告	약광고	false	false
藥感受基	약감수기	false	false
藥散炙졸임	약산적졸임	false	false
藥棒	약봉	false	false
藥水里壁畫무덤	약수리벽화무덤	false	false
藥水샘	약수샘	false	false
藥治事	약치사	false	false
藥津	약진	false	false
藥熨	약위	false	false
藥熨하다	약위하다	false	false
藥物事故	약물사고	false	false
藥物療法	약물료법	false	false
藥物運動學	약물운동학	false	false
藥理遺傳	약리유전	false	false
藥用白粉	약용백분	false	false
藥禁	약금	false	false
藥禁하다	약금하다	false	false
藥筒室	약통실	false	false
藥筒물개	약통물개	false	false
藥筒차개	약통차개	false	false
藥草收買	약초수매	false	false
藥草냄새	약초냄새	false	false
藥菓子	약과자	false	false
藥갈이	약갈이	false	false
藥괭이	약괭이	false	false
藥내는곳	약내는곳	false	false
藥노루	약노루	false	false
藥누룩	약누룩	false	false
藥담배	약담배	false	false
藥담배밭	약담배밭	false	false
藥담배쟁이	약담배쟁이	false	false
藥메밀	약메밀	false	false
藥물沐浴	약물목욕	false	false
藥물治療	약물치료	false	false
藥물治療法	약물치료법	false	false
藥물浴	약물욕	false	false
藥물療法	약물료법	false	false
藥물미역	약물미역	false	false
藥바수개	약바수개	false	false
藥방동사니	약방동사니	false	false
藥비	약비	false	false
藥설기	약설기	false	false
藥숯	약숯	false	false
藥이름表	약이름표	false	false
藥조개	약조개	false	false
藥종이	약종이	false	false
藥주기	약주기	false	false
藥천	약천	false	false
藩宣	번선	false	false
藹然	애연	false	false
藹然하다	애연하다	false	false
藹然히	애연히	false	false
藻抃	조변	false	false
藻文	조문	false	false
蘆場	로장	false	false
蘆根	로근	false	false
蘆溝橋事件	로구교사건	false	false
蘆田	로전	false	false
蘆穄	로제	false	false
蘆笠	로립	false	false
蘆簜田	로탕전	false	false
蘆簟	로점	false	false
蘆簾	로렴	false	false
蘆粉麵	로분면	false	false
蘆花	로화	false	false
蘆草	로초	false	false
蘆菔	로복	false	false
蘆葦	로위	false	false
蘆薈	로회	false	false
蘆頭	로두	false	false
蘇生數	소생수	false	false
蘇生科	소생과	false	false
蘇生車	소생차	false	false
蘭	란	false	false
蘭交	란교	false	false
蘭契	란계	false	false
蘭姿蕙質	란자혜질	false	false
蘭客	란객	false	false
蘭焦	란초	false	false
蘭花酒	란화주	false	false
蘭草	란초	false	false
蘭香	란향	false	false
蘿蔓	라만	false	false
蘿蔔	라복	false	false
蘿蔔子	라복자	false	false
蘿蔔子油	라복자유	false	false
蘿蔔子粥	라복자죽	false	false
蘿蔔湯團	라복탕단	false	false
蘿蔔粥	라복죽	false	false
蘿蔔菜	라복채	false	false
蘿蔔菹	라복저	false	false
蘿藦	라마	false	false
蘿藦子	라마자	false	false
虆梩	류리	false	false
虎列刺	호렬자	false	false
虎狼	호랑	false	false
虎狼보료	호랑보료	false	false
虎狼탄자	호랑탄자	false	false
處	처	false	false
處世군	처세군	false	false
處地타령	처지타령	false	false
處女膜閉鎖	처녀막페쇄	false	false
處女별자리	처녀별자리	false	false
處方	처방	false	false
處方附箋	처방부전	false	false
處方종이	처방종이	false	false
處暑물	처서물	false	false
虛僞命令文	허위명령문	false	false
虛僞目標	허위목표	false	false
虛僞連續	허위련속	false	false
虛地	허지	false	false
虛川	허천	false	false
虛川郡	허천군	false	false
虛影廳	허영청	false	false
虛心하다	허심하다	false	false
虛怯다	허겁다	false	false
虛怯대다	허겁대다	false	false
虛怯지다	허겁지다	false	false
虛怯하다	허겁하다	false	false
虛數뿌리	허수뿌리	false	false
虛無하다	허무하다	false	false
虛無히	허무히	false	false
虛疏하다	허소하다	false	false
虛疏히	허소히	false	false
虛穀	허곡	false	false
虛空돌기	허공돌기	false	false
虛空채기	허공채기	false	false
虛結假作	허결가작	false	false
虛線	허선	false	false
虛虛	허허	false	false
虜獲	로획	false	false
虜獲하다	로획하다	false	false
號令지거리	호령지거리	false	false
號召性	호소성	false	false
號園	호원	false	false
號機	호기	false	false
號線	호선	false	false
虹輪	홍륜	false	false
蚘蟲	우충	false	false
蚛孔	중공	false	false
蚩蠢之氓	치준지맹	false	false
蚸蝪	척탕	false	false
蛀齒	주치	false	false
蛇管冷却器	사관랭각기	false	false
蛇紋過石	사문과석	false	false
蛇腹鐵條網	사복철조망	false	false
蛋白效率	단백효률	false	false
蛋白療法	단백료법	false	false
蛋白質效率	단백질효률	false	false
蛋白質最少量	단백질최소량	false	false
蛋白質낟알	단백질낟알	false	false
蛋白質물分解	단백질물분해	false	false
蛋白오줌	단백오줌	false	false
蛋白젖	단백젖	false	false
蛋白풀	단백풀	false	false
蛋白풀먹이	단백풀먹이	false	false
蛾袋	아대	false	false
蜂蜜軟膏	봉밀연고	false	false
蜈蚣酒	오공주	false	false
蜈蚣테	오공테	false	false
蜈躁	오조	false	false
蜓蚞	정목	false	false
蜘蛛膜알갱이	지주막알갱이	false	false
蜜膏藥	밀고약	false	false
蜜花沙器	밀화사기	false	false
蜜花裝飾	밀화장식	false	false
蜜蠟鏡	밀랍경	false	false
蜩螗	조당	false	false
蜩蟬	조선	false	false
蝕二重별	식이중별	false	false
蝟膽	위담	false	false
螂	랑축	false	false
融合核	융합핵	false	false
融和	융화	false	false
融和默過	융화묵과	false	false
融和되다	융화되다	false	false
融和하다	융화하다	false	false
融通手	융통수	false	false
螠蟲	의충	false	false
螢光增白물감	형광증백물감	false	false
螢光漂白	형광표백	false	false
螢光色감	형광색감	false	false
螢光表示器具	형광표시기구	false	false
螢光고기	형광고기	false	false
螭頭	리두	false	false
螭首	리수	false	false
螺旋	라선	false	false
螺旋分給機	라선분급기	false	false
螺旋器管	라선기관	false	false
螺旋層層臺	라선층층대	false	false
螺旋式自動運搬	라선식자동운반	false	false
螺旋形	라선형	false	false
螺旋形層臺	라선형층대	false	false
螺旋形捲線	라선형권선	false	false
螺旋形龍鬚鐵	라선형용수철	false	false
螺旋形짐썰매	라선형짐썰매	false	false
螺旋採炭機	라선채탄기	false	false
螺旋推進機	라선추진기	false	false
螺旋水채選別機	라선수채선별기	false	false
螺旋狀	라선상	false	false
螺旋紋導管	라선문도관	false	false
螺旋菌	라선균	false	false
螺旋選別機	라선선별기	false	false
螺旋鎔接管	라선용접관	false	false
螺旋말뚝棧橋	라선말뚝잔교	false	false
螺旋무늬導管	라선무늬도관	false	false
螺旋물管	라선물관	false	false
螺旋벌레	라선벌레	false	false
螺旋저울	라선저울	false	false
螺旋채찍벌레	라선채찍벌레	false	false
螺毛	라모	false	false
螺絲切削旋盤	나사절삭선반	false	false
螺絲切削盤	나사절삭반	false	false
螺絲壓搾加工盤	나사압착가공반	false	false
螺絲壓縮加工	나사압축가공	false	false
螺絲式延伸機	나사식연신기	false	false
螺絲形供給機	나사형공급기	false	false
螺絲硏磨盤	나사연마반	false	false
螺絲雙	나사쌍	false	false
螺絲齒車	나사치차	false	false
螺絲齒車傳動	나사치차전동	false	false
螺絲날개칼	나사날개칼	false	false
螺絲날개칼盤	나사날개칼반	false	false
螺絲못버섯	나사못버섯	false	false
螺絲못뽑이	나사못뽑이	false	false
螺絲뿔잎벌	나사뿔잎벌	false	false
螺絲쇠	나사쇠	false	false
螺絲이끼	나사이끼	false	false
螺絲이바퀴	나사이바퀴	false	false
螺絲잎이끼	나사잎이끼	false	false
螺絲자물쇠	나사자물쇠	false	false
螺絲치기旋盤	나사치기선반	false	false
螺絲틀개	나사틀개	false	false
螺絲홈	나사홈	false	false
螺線	라선	false	false
螺舟	라주	false	false
螺蝸戰術	라와전술	false	false
螺角	라각	false	false
螺貝	라패	false	false
螺鈿	라전	false	false
螺鈿匠	라전장	false	false
螺鈿漆函	라전칠함	false	false
螺鈿漆器	라전칠기	false	false
螺鈿漆工藝	라전칠공예	false	false
螺階	라계	false	false
螺髻	라계	false	false
螻蛄	루고	false	false
螻蟈	루국	false	false
螻蟻	루의	false	false
蟢蛛	희주	false	false
蟲牙	충아	false	false
蟲病	충병	false	false
蟲除	충제	false	false
蟻王	의왕	false	false
蠕動	윤동	false	false
蠕動運動	윤동운동	false	false
蠟	랍	false	false
蠟丸	랍환	false	false
蠟染	랍염	false	false
蠟染하다	랍염하다	false	false
蠟梅	랍매	false	false
蠟熟期	랍숙기	false	false
蠟燭	랍촉	false	false
蠟石	랍석	false	false
蠟紙	랍지	false	false
蠟腺	랍선	false	false
蠟花	랍화	false	false
蠟衣초	랍의초	false	false
蠣灰	려회	false	false
蠦蜰	로비	false	false
蠱石배기	고석배기	false	false
蠲除	견제	false	false
蠶業原種場	잠업원종장	false	false
蠶業農場	잠업농장	false	false
蠶業모種場	잠업모종장	false	false
蠶豆싸리	잠두싸리	false	false
蠻敵	만적	false	false
血史	혈사	false	false
血噴	혈분	false	false
血噴하다	혈분하다	false	false
血壓낮춤藥	혈압낮춤약	false	false
血小板減少性紫斑病	혈소판감소성자반병	false	false
血戰萬里	혈전만리	false	false
血斑알	혈반알	false	false
血海	혈해	false	false
血液循環系統	혈액순환계통	false	false
血液空氣管門	혈액공기관문	false	false
血淋巴	혈림파	false	false
血淸蛋白檢査	혈청단백검사	false	false
血環卵	혈환란	false	false
血痢散	혈리산	false	false
血管性머리아픔	혈관성머리아픔	false	false
血管性피나기病	혈관성피나기병	false	false
血管神經性붓기	혈관신경성붓기	false	false
血管網	혈관망	false	false
血脈	혈맥	false	false
血脈相通	혈맥상통	false	false
血色素量測定	혈색소량측정	false	false
血跡	혈적	false	false
血點	혈점	false	false
血붙이	혈붙이	false	false
衄血	뉵혈	false	false
衆口同音	중구동음	false	false
行世式共産主義者	행세식공산주의자	false	false
行事	행사	false	false
行事式	행사식	false	false
行事하다	행사하다	false	false
行動副詞	행동부사	false	false
行動準則	행동준칙	false	false
行年數	행년수	false	false
行悖받이	행패받이	false	false
行揖	행읍	false	false
行揖하다	행읍하다	false	false
行政代行	행정대행	false	false
行政副演出家	행정부연출가	false	false
行政式事業作風	행정식사업작풍	false	false
行政式事業方法	행정식사업방법	false	false
行政演出	행정연출	false	false
行政演出家	행정연출가	false	false
行政的事業方法	행정적사업방법	false	false
行政的責罰	행정적책벌	false	false
行政管理費	행정관리비	false	false
行政組織事業	행정조직사업	false	false
行政經濟事業	행정경제사업	false	false
行政經濟監視	행정경제감시	false	false
行星별구름	행성별구름	false	false
行架	행가	false	false
行爲犯	행위범	false	false
行票	행표	false	false
行軍警戒	행군경계	false	false
衍繹	연역	false	false
衍繹하다	연역하다	false	false
術師	술사	false	false
術者	술자	false	false
術속	술속	false	false
街頭	가두	false	false
街頭煽動隊	가두선동대	false	false
街頭細胞	가두세포	false	false
衛兵隊	위병대	false	false
衛星區域	위성구역	false	false
衛星地帶	위성지대	false	false
衛星電子計算機	위성전자계산기	false	false
衛生便宜奉仕	위생편의봉사	false	false
衛生偵察	위생정찰	false	false
衛生函	위생함	false	false
衛生列車	위생렬차	false	false
衛生哨所	위생초소	false	false
衛生室	위생실	false	false
衛生手巾	위생수건	false	false
衛生指導員	위생지도원	false	false
衛生文化事業	위생문화사업	false	false
衛生日	위생일	false	false
衛生月間	위생월간	false	false
衛生檢疫所	위생검역소	false	false
衛生瓷器	위생자기	false	false
衛生紙	위생지	false	false
衛生綿	위생면	false	false
衛生車	위생차	false	false
衛生近衛隊	위생근위대	false	false
衛生通過	위생통과	false	false
衛生防疫所	위생방역소	false	false
衛生飛行機	위생비행기	false	false
衛生香水	위생향수	false	false
衛生體操	위생체조	false	false
衛生가방	위생가방	false	false
衛生베기	위생베기	false	false
衛生솜	위생솜	false	false
衛生저가락	위생저가락	false	false
衛生종이	위생종이	false	false
衝擊成形機	충격성형기	false	false
衝擊放電	충격방전	false	false
衝擊波爆音	충격파폭음	false	false
衝擊試錐	충격시추	false	false
衝擊電壓發生裝置	충격전압발생장치	false	false
衝擊굳기	충격굳기	false	false
衝擊다짐機	충격다짐기	false	false
衝擊짐	충격짐	false	false
衝決	충결	false	false
衝決하다	충결하다	false	false
衣履之所	의리지소	false	false
衣欌什物	의장집물	false	false
衣裾	의거	false	false
衣面	의면	false	false
衣食業	의식업	false	false
表定	표정	false	false
表定하다	표정하다	false	false
表情記號	표정기호	false	false
表現的語彙	표현적어휘	false	false
表示時間設定回路	표시시간설정회로	false	false
表示쇠	표시쇠	false	false
表網	표망	false	false
表罫	표괘	false	false
表裝板	표장판	false	false
表象訓鍊	표상훈련	false	false
表象運動	표상운동	false	false
表象點	표상점	false	false
表達	표달	false	false
表達되다	표달되다	false	false
表達하다	표달하다	false	false
表高投影	표고투영	false	false
衰息	쇠식	false	false
袋接	대접	false	false
袖口부리	수구부리	false	false
袛裯	저주	false	false
被動反射衛星	피동반사위성	false	false
被動回路	피동회로	false	false
被動回路網	피동회로망	false	false
被動回遊	피동회유	false	false
被動相	피동상	false	false
被動衛星	피동위성	false	false
被子器	피자기	false	false
被射體	피사체	false	false
被導機	피도기	false	false
被彈圈	피탄권	false	false
被彈界	피탄계	false	false
被改良種	피개량종	false	false
被服隊	피복대	false	false
被覆格子	피복격자	false	false
被覆造塊	피복조괴	false	false
被規定語	피규정어	false	false
被開數	피개수	false	false
裁判化學的鑑定	재판화학적감정	false	false
裁判外的制裁	재판외적제재	false	false
裁判監視	재판감시	false	false
裁決員	재결원	false	false
裁縫隊	재봉대	false	false
裁縫뜸	재봉뜸	false	false
裁縫코	재봉코	false	false
裂指	렬지	false	false
裂指하다	렬지하다	false	false
裂果	렬과	false	false
裂片	렬편	false	false
裂破	렬파	false	false
裂破되다	렬파되다	false	false
裂破하다	렬파하다	false	false
裂罅	렬하	false	false
裂脚聲	렬각성	false	false
裂開	렬개	false	false
裂開되다	렬개되다	false	false
裂開하다	렬개하다	false	false
裏內庭	리내정	false	false
裏寒症	리한증	false	false
裏實症	리실증	false	false
裏熱症	리열증	false	false
裏絹	리견	false	false
裏罫	리괘	false	false
裏虛	리허	false	false
裏虛症	리허증	false	false
裏許	리허	false	false
裏面	리면	false	false
裏面不汗黨	리면불한당	false	false
裏面不知	리면부지	false	false
裏面史	리면사	false	false
裏面境界	리면경계	false	false
裏面收拾	리면수습	false	false
裏題	리제	false	false
補乘	보승	false	false
補便	보편	false	false
補便하다	보편하다	false	false
補修	보수	false	false
補修係	보수계	false	false
補修工	보수공	false	false
補修度	보수도	false	false
補修期	보수기	false	false
補修率	보수률	false	false
補償器	보상기	false	false
補償操縱體系	보상조종체계	false	false
補償流	보상류	false	false
補償變換器	보상변환기	false	false
補償貿易	보상무역	false	false
補償運動	보상운동	false	false
補充休暇	보충휴가	false	false
補充塹壕	보충참호	false	false
補充層	보충층	false	false
補充法	보충법	false	false
補充率	보충률	false	false
補充的手法	보충적수법	false	false
補充米	보충미	false	false
補充色	보충색	false	false
補充荷重	보충하중	false	false
補充角	보충각	false	false
補充輪	보충륜	false	false
補劑藥	보제약	false	false
補助主審	보조주심	false	false
補助交代	보조교대	false	false
補助信號所	보조신호소	false	false
補助副詞	보조부사	false	false
補助卓	보조탁	false	false
補助印	보조인	false	false
補助品詞	보조품사	false	false
補助器材	보조기재	false	false
補助垂直坑	보조수직갱	false	false
補助打擊	보조타격	false	false
補助操縱軸	보조조종축	false	false
補助時間	보조시간	false	false
補助本	보조본	false	false
補助構圖	보조구도	false	false
補助汽罐	보조기관	false	false
補助演出	보조연출	false	false
補助演出家	보조연출가	false	false
補助生産費	보조생산비	false	false
補助發破구멍	보조발파구멍	false	false
補助的動詞	보조적동사	false	false
補助的品詞	보조적품사	false	false
補助的單語	보조적단어	false	false
補助的形容詞	보조적형용사	false	false
補助職場	보조직장	false	false
補助艦船	보조함선	false	false
補助語	보조어	false	false
補助資材	보조자재	false	false
補助運動	보조운동	false	false
補助눈	보조눈	false	false
補助동발	보조동발	false	false
補坑	보갱	false	false
補坑工	보갱공	false	false
補坑되다	보갱되다	false	false
補坑하다	보갱하다	false	false
補強줄다리	보강줄다리	false	false
補柱	보주	false	false
補網실	보망실	false	false
補網칼	보망칼	false	false
補線	보선	false	false
補線夫	보선부	false	false
補緝	보즙	false	false
補緝하다	보즙하다	false	false
補習班	보습반	false	false
補藥湯	보약탕	false	false
補語部門	보어부문	false	false
補身強壯丸	보신강장환	false	false
補銃砲射擊	보총포사격	false	false
裝入臺車	장입대차	false	false
裝入팔	장입팔	false	false
裝置師	장치사	false	false
裝藥坑道	장약갱도	false	false
裝藥機	장약기	false	false
裝藥곁數	장약곁수	false	false
裝蹄망치	장제망치	false	false
裝蹄칼	장제칼	false	false
裝送	장송	false	false
裝飾木質板	장식목질판	false	false
裝飾燈	장식등	false	false
裡幕	리막	false	false
裡急症	리급증	false	false
裡水	리수	false	false
裸像	라상	false	false
裸出	라출	false	false
裸出하다	라출하다	false	false
裸地	라지	false	false
裸婦	라부	false	false
裸子植物	라자식물	false	false
裸線	라선	false	false
裸花	라화	false	false
裸芽	라아	false	false
裸葉	라엽	false	false
裸葬	라장	false	false
裸蟲	라충	false	false
裸身枯腸	라신고장	false	false
裸銅線	라동선	false	false
裸體	라체	false	false
裸體畫	라체화	false	false
裸麥	라맥	false	false
製匣機	제갑기	false	false
製圖手	제도수	false	false
製材實數率	제재실수률	false	false
製桶	제통	false	false
製管場	제관장	false	false
製糖	제탕	false	false
製糖하다	제탕하다	false	false
製紙林	제지림	false	false
製絲가마	제사가마	false	false
製送	제송	false	false
製送하다	제송하다	false	false
製鍊實數率	제련실수률	false	false
製鍊廢屑物	제련페설물	false	false
製鍊거둠率	제련거둠률	false	false
複列機關	복렬기관	false	false
複合三部分形式	복합삼부분형식	false	false
複合二部分形式	복합이부분형식	false	false
複合合침法	복합합침법	false	false
複合子音	복합자음	false	false
複合操縱體系	복합조종체계	false	false
複合樂段	복합악단	false	false
複合樂節	복합악절	false	false
複合母音	복합모음	false	false
複合氣象指票	복합기상지표	false	false
複合海流	복합해류	false	false
複合空間	복합공간	false	false
複合通信	복합통신	false	false
複合連結	복합련결	false	false
複合雌蕊	복합자예	false	false
複合高聲器	복합고성기	false	false
複合물들이기	복합물들이기	false	false
複合바늘	복합바늘	false	false
複合살틀	복합살틀	false	false
複合창	복합창	false	false
複合천	복합천	false	false
複寫印刷機	복사인쇄기	false	false
複寫員	복사원	false	false
複寫撮影機	복사촬영기	false	false
複寫종이	복사종이	false	false
複式冷藏法	복식랭장법	false	false
複式埠頭	복식부두	false	false
複式突入	복식돌입	false	false
複式우리	복식우리	false	false
複性巖脈	복성암맥	false	false
複數토	복수토	false	false
複水仙花	복수선화	false	false
複珠	복주	false	false
複綴	복철	false	false
複線車窟	복선차굴	false	false
複線鐵길	복선철길	false	false
複線閘門	복선갑문	false	false
複聲學	복성학	false	false
複聲音樂	복성음악	false	false
複製	복제	false	false
複製누에알	복제누에알	false	false
複製되다	복제되다	false	false
複製하다	복제하다	false	false
複雜勞動	복잡로동	false	false
複雜型鋼	복잡형강	false	false
複雜關節	복잡관절	false	false
複雜騷動	복잡소동	false	false
複雜무늬천	복잡무늬천	false	false
複鹽形錯化合物	복염형착화합물	false	false
褐色乾草	갈색건초	false	false
褐色土壤	갈색토양	false	false
褐色鞭毛蟲	갈색편모충	false	false
褐色간그릇	갈색간그릇	false	false
褐色그릇	갈색그릇	false	false
褐色논土壤	갈색논토양	false	false
褐色마름類	갈색마름류	false	false
褐色밭土壤	갈색밭토양	false	false
褐色뿔나무벌	갈색뿔나무벌	false	false
褐色소	갈색소	false	false
褐色솔새	갈색솔새	false	false
褐色잎말이벌레	갈색잎말이벌레	false	false
褐色작은집벌레	갈색작은집벌레	false	false
褐色참지렁이	갈색참지렁이	false	false
褐色침노린재	갈색침노린재	false	false
褐色큰서리자밤나비	갈색큰서리자밤나비	false	false
褓그물	보그물	false	false
褶曲基盤	습곡기반	false	false
褶曲山줄기	습곡산줄기	false	false
褶曲角	습곡각	false	false
褶曲등줄	습곡등줄	false	false
褻瀆	설독	false	false
襤褸	람루	false	false
襤褸하다	람루하다	false	false
襤褸히	람루히	false	false
襦裌衣	유겹의	false	false
襲擊場	습격장	false	false
襲步行軍	습보행군	false	false
襲步行軍하다	습보행군하다	false	false
西境	서경	false	false
西夕年	서석년	false	false
西安事變	서안사변	false	false
西山草	서산초	false	false
西洋남새	서양남새	false	false
西洋댕기	서양댕기	false	false
西洋좀	서양좀	false	false
西洋풍뎅이	서양풍뎅이	false	false
西海낙지	서해낙지	false	false
西海바다골뱅이	서해바다골뱅이	false	false
西海방축골뱅이	서해방축골뱅이	false	false
西海조개게	서해조개게	false	false
西海큰물벼룩	서해큰물벼룩	false	false
西興湖	서흥호	false	false
西道民謠歌	서도민요가	false	false
西風表流	서풍표류	false	false
西쪽點	서쪽점	false	false
西쪽쏠린바람	서쪽쏠린바람	false	false
西켠	서켠	false	false
要格	요격	false	false
要津通	요진통	false	false
要緊통	요긴통	false	false
要視	요시	false	false
要視되다	요시되다	false	false
要視하다	요시하다	false	false
要請舞臺	요청무대	false	false
要險하다	요험하다	false	false
覆草	복초	false	false
覆莎	부사	false	false
覆面客	복면객	false	false
見卒	견졸	false	false
見本冊	견본책	false	false
見物憂患	견물우환	false	false
見視航法	견시항법	false	false
規則信號	규칙신호	false	false
規則變化	규칙변화	false	false
規則銀河系	규칙은하계	false	false
規則물결	규칙물결	false	false
規則별구름	규칙별구름	false	false
規定	규정	false	false
規定形	규정형	false	false
規定渡河器材	규정도하기재	false	false
規定語	규정어	false	false
規定語部門	규정어부문	false	false
規定運動	규정운동	false	false
規定토	규정토	false	false
規律	규률	false	false
規律的責罰	규률적책벌	false	false
規律賞	규률상	false	false
規格圃田	규격포전	false	false
規格拳銃	규격권총	false	false
規格步銃	규격보총	false	false
規格船	규격선	false	false
規格논	규격논	false	false
規格돌	규격돌	false	false
規格집	규격집	false	false
規矩繩墨	규구승묵	false	false
規範的文件	규범적문건	false	false
規轍	규철	false	false
視丘下部	시구하부	false	false
視丘腦	시구뇌	false	false
視平線	시평선	false	false
視情	시정	false	false
視方器	시방기	false	false
視準盤	시준반	false	false
視準線	시준선	false	false
視準軸	시준축	false	false
視窓口	시창구	false	false
視聽室	시청실	false	false
視距離測量	시거리측량	false	false
覘探	점탐	false	false
覘探군	점탐군	false	false
覘探하다	점탐하다	false	false
親交間	친교간	false	false
親信	친신	false	false
親善都市	친선도시	false	false
親嫂	친수	false	false
親嫂叔	친수숙	false	false
親孫子딸	친손자딸	false	false
親愛롭다	친애롭다	false	false
親柱	친주	false	false
親緣	친연	false	false
親衛隊	친위대	false	false
親近스럽다	친근스럽다	false	false
親近스레	친근스레	false	false
親오랍누이	친오랍누이	false	false
親켠	친켠	false	false
覬窺	개규	false	false
覬窺하다	개규하다	false	false
覲天하다	근천하다	false	false
覶縷하다	라루하다	false	false
覶縷히	라루히	false	false
覺生	각생	false	false
覺醒素	각성소	false	false
覽火匠	람화장	false	false
覽畢	람필	false	false
觀光者	관광자	false	false
觀光臺	관광대	false	false
觀察錐孔	관찰추공	false	false
觀測錐孔	관측추공	false	false
觀覽列車	관람렬차	false	false
觀覽索道	관람삭도	false	false
觀評	관평	false	false
觀賞距離	관상거리	false	false
觀點	관점	false	false
角一	각일	false	false
角三	각삼	false	false
角二	각이	false	false
角修整	각수정	false	false
角印	각인	false	false
角型鋼	각형강	false	false
角廣	각광	false	false
角形木螺絲	각형목나사	false	false
角材	각재	false	false
角材類	각재류	false	false
角板	각판	false	false
角柱試驗體	각주시험체	false	false
角牛	각우	false	false
角眞綿	각진면	false	false
角變形	각변형	false	false
角錢	각전	false	false
角閉差	각페차	false	false
角面	각면	false	false
角體	각체	false	false
角鬪	각투	false	false
角곁數	각곁수	false	false
角기둥試驗體	각기둥시험체	false	false
角나무	각나무	false	false
角나무木枕	각나무목침	false	false
角재기	각재기	false	false
角줄	각줄	false	false
角지붕	각지붕	false	false
角테	각테	false	false
解信機	해신기	false	false
解凍무렵	해동무렵	false	false
解放兒	해방아	false	false
解放節	해방절	false	false
解析力學	해석력학	false	false
解析數學	해석수학	false	false
解析的證明法	해석적증명법	false	false
解析體系	해석체계	false	false
解産傍助	해산방조	false	false
解産傍助하다	해산방조하다	false	false
解産臺	해산대	false	false
解碎室	해쇄실	false	false
解碎機	해쇄기	false	false
解筏	해벌	false	false
解脫	해탈	false	false
解脫하다	해탈하다	false	false
解舒率	해서률	false	false
解車	해차	false	false
解車되다	해차되다	false	false
解車하다	해차하다	false	false
解酲床	해장상	false	false
解除	해제	false	false
解除組	해제조	false	false
解除되다	해제되다	false	false
解除하다	해제하다	false	false
解體	해체	false	false
解體되다	해체되다	false	false
解體하다	해체하다	false	false
觸感	촉감	false	false
觸感되다	촉감되다	false	false
觸感하다	촉감하다	false	false
觸撥	촉발	false	false
觸撥器	촉발기	false	false
觸殺띠	촉살띠	false	false
觸氣	촉기	false	false
觸覺毛	촉각모	false	false
觸鬚바다지렁이	촉수바다지렁이	false	false
言形素	언형소	false	false
言正理順하다	언정리순하다	false	false
言爭군	언쟁군	false	false
言行凡節	언행범절	false	false
言語作業	언어작업	false	false
言語基地	언어기지	false	false
言語學的辭典	언어학적사전	false	false
言語學說史	언어학설사	false	false
言語年代學	언어년대학	false	false
言語情報探索	언어정보탐색	false	false
言語情報論	언어정보론	false	false
言語手段	언어수단	false	false
言語敎養	언어교양	false	false
言語文化運動	언어문화운동	false	false
言語族	언어족	false	false
言語確率論	언어확률론	false	false
言語補助資料	언어보조자료	false	false
言語資料銀行	언어자료은행	false	false
言語頻度數辭典	언어빈도수사전	false	false
言調	언조	false	false
計劃利潤	계획리윤	false	false
計劃數字	계획수자	false	false
計劃的契約	계획적계약	false	false
計劃細胞	계획세포	false	false
計劃線	계획선	false	false
計劃規律	계획규률	false	false
計數方式相似數字變換機	계수방식상사수자변환기	false	false
計示案	계시안	false	false
計窮力盡하다	계궁력진하다	false	false
計算中心	계산중심	false	false
計算器具	계산기구	false	false
計算器支援設計	계산기지원설계	false	false
計算器械	계산기계	false	false
計算器模型化	계산기모형화	false	false
計算器言語學	계산기언어학	false	false
計算回轉數	계산회전수	false	false
計算圖式	계산도식	false	false
計算手	계산수	false	false
計算日氣豫報	계산일기예보	false	false
計算航海	계산항해	false	false
計算裝置	계산장치	false	false
計算要素	계산요소	false	false
計算물흐름量	계산물흐름량	false	false
計算세기	계산세기	false	false
計算자리	계산자리	false	false
計算자리表	계산자리표	false	false
計算자리왼쪽	계산자리왼쪽	false	false
計算잰자리	계산잰자리	false	false
計算짐	계산짐	false	false
計量尺	계량척	false	false
討伐陣	토벌진	false	false
訓鍊密度	훈련밀도	false	false
託兒服	탁아복	false	false
託兒期	탁아기	false	false
託宣	탁선	false	false
託宣하다	탁선하다	false	false
託迹	탁적	false	false
託迹하다	탁적하다	false	false
記憶住所登錄器	기억주소등록기	false	false
記憶保護	기억보호	false	false
記憶器素片	기억기소편	false	false
記憶循環時間	기억순환시간	false	false
記憶效果	기억효과	false	false
記憶模型化	기억모형화	false	false
記憶細胞	기억세포	false	false
記憶錯誤症	기억착오증	false	false
記號合成語	기호합성어	false	false
記號法	기호법	false	false
記號셈法	기호셈법	false	false
記號풀이法	기호풀이법	false	false
記錄放送	기록방송	false	false
訛寫	와사	false	false
訛寫하다	와사하다	false	false
訟體	송체	false	false
訪問錄	방문록	false	false
設備經歷書	설비경력서	false	false
設備職場	설비직장	false	false
設營隊	설영대	false	false
設置運動	설치운동	false	false
設計卓	설계탁	false	false
設計線	설계선	false	false
設計물결	설계물결	false	false
設謨做計	설모주계	false	false
設謨做計하다	설모주계하다	false	false
許出	허출	false	false
許容放射量	허용방사량	false	false
訴權時效	소권시효	false	false
診察마치	진찰마치	false	false
註釋辭典	주석사전	false	false
詐欺挾雜군	사기협잡군	false	false
詖辭	피사	false	false
詞彙	사휘	false	false
試作瓣	시작변	false	false
試土	시토	false	false
試射砲	시사포	false	false
試探군	시탐군	false	false
試聽室	시청실	false	false
試藥工	시약공	false	false
試藥體制	시약체제	false	false
試金分析	시금분석	false	false
試錐工	시추공	false	false
試間飛行	시간비행	false	false
試驗信號板	시험신호판	false	false
試驗圃田	시험포전	false	false
試驗學校	시험학교	false	false
試驗戰爭	시험전쟁	false	false
試驗票	시험표	false	false
試驗設計	시험설계	false	false
試驗雙	시험쌍	false	false
試驗갈이	시험갈이	false	false
試驗쪼각	시험쪼각	false	false
詩傑	시걸	false	false
詩債	시채	false	false
詩律	시률	false	false
詩聯	시련	false	false
詩酒客	시주객	false	false
詩가락	시가락	false	false
詩말	시말	false	false
詮索	전색	false	false
詮索하다	전색하다	false	false
詮解	전해	false	false
話中音	화중음	false	false
話術幕間劇	화술막간극	false	false
誄詞	뢰사	false	false
誅伐	주벌	false	false
誅伐되다	주벌되다	false	false
誅伐하다	주벌하다	false	false
誘導型濾波器	유도형려파기	false	false
誘導度	유도도	false	false
誘導度式	유도도식	false	false
誘導度式變換器	유도도식변환기	false	false
誘導指揮官	유도지휘관	false	false
誘導木	유도목	false	false
誘導漁撈	유도어로	false	false
誘導爐製鋼	유도로제강	false	false
誘導襲擊	유도습격	false	false
誘導襲擊하다	유도습격하다	false	false
誘導軍官	유도군관	false	false
誘導魚雷射擊	유도어뢰사격	false	false
誘導미세기	유도미세기	false	false
誘導알쓸이	유도알쓸이	false	false
誘引拉致	유인랍치	false	false
誘引拉致하다	유인랍치하다	false	false
誘磁率	유자률	false	false
誘陷	유함	false	false
誘電履歷	유전리력	false	false
誘電率	유전률	false	false
誘電發熱體	유전발열체	false	false
誘電選別	유전선별	false	false
語幹格	어간격	false	false
語幹辭典	어간사전	false	false
語彙層	어휘층	false	false
語彙手帖	어휘수첩	false	false
語彙整理	어휘정리	false	false
語彙文體論	어휘문체론	false	false
語彙論的古語	어휘론적고어	false	false
語根的單語	어근적단어	false	false
語病	어병	false	false
語音交替	어음교체	false	false
語音學	어음학	false	false
語音法則	어음법칙	false	false
語音變化	어음변화	false	false
語音體系	어음체계	false	false
語順移動	어순이동	false	false
語順轉換	어순전환	false	false
語順顚倒	어순전도	false	false
語順뒤집음	어순뒤집음	false	false
語順바꿈	어순바꿈	false	false
語새	어새	false	false
誠意스럽다	성의스럽다	false	false
誠金塔	성금탑	false	false
誤國亡社	오국망사	false	false
誤字檢査	오자검사	false	false
誤引渡	오인도	false	false
誤診率	오진률	false	false
誤謬	오유	false	false
誤謬修正	오유수정	false	false
誤謬率	오유률	false	false
誤送	오송	false	false
說明副文	설명부문	false	false
說明畫面	설명화면	false	false
課外勞動	과외로동	false	false
課外小組	과외소조	false	false
課外敎育敎養機關	과외교육교양기관	false	false
課外敎養	과외교양	false	false
課程案	과정안	false	false
課題設計	과제설계	false	false
調動	조동	false	false
調動되다	조동되다	false	false
調動하다	조동하다	false	false
調合場	조합장	false	false
調和合列	조화합렬	false	false
調和器	조화기	false	false
調和波信號	조화파신호	false	false
調式	조식	false	false
調律	조률	false	false
調律器	조률기	false	false
調律法	조률법	false	false
調性標	조성표	false	false
調整劑	조정제	false	false
調整器	조정기	false	false
調整軸	조정축	false	false
調溫器	조온기	false	false
調溫室	조온실	false	false
調理室	조리실	false	false
調節劑	조절제	false	false
調節勤務	조절근무	false	false
調節地點	조절지점	false	false
調節士	조절사	false	false
調節手	조절수	false	false
調節池	조절지	false	false
調節法則	조절법칙	false	false
調節界線	조절계선	false	false
調節肥料	조절비료	false	false
調節試藥	조절시약	false	false
調節門	조절문	false	false
調節뚝	조절뚝	false	false
調節못	조절못	false	false
調節사슬	조절사슬	false	false
調節틀	조절틀	false	false
調經알藥	조경알약	false	false
調音臺	조음대	false	false
調맞댐	조맞댐	false	false
調비낌	조비낌	false	false
諂氣	첨기	false	false
談話臺	담화대	false	false
談說	담설	false	false
談說하다	담설하다	false	false
請品	청품	false	false
請군	청군	false	false
諏謀	추모	false	false
諏謀하다	추모하다	false	false
諒知	량지	false	false
諒知하다	량지하다	false	false
諒解	량해	false	false
諒解되다	량해되다	false	false
諒解하다	량해하다	false	false
諒闇	량암	false	false
諒陰	량음	false	false
論	론	false	false
論下	론하	false	false
論人長短	론인장단	false	false
論價	론가	false	false
論價하다	론가하다	false	false
論列	론렬	false	false
論列되다	론렬되다	false	false
論列하다	론렬하다	false	false
論功	론공	false	false
論功行賞	론공행상	false	false
論功行賞하다	론공행상하다	false	false
論劾	론핵	false	false
論劾疏	론핵소	false	false
論劾되다	론핵되다	false	false
論劾하다	론핵하다	false	false
論勘	론감	false	false
論及	론급	false	false
論及되다	론급되다	false	false
論及하다	론급하다	false	false
論叢	론총	false	false
論告	론고	false	false
論告狀	론고장	false	false
論告되다	론고되다	false	false
論告하다	론고하다	false	false
論啓	론계	false	false
論啓하다	론계하다	false	false
論執	론집	false	false
論執하다	론집하다	false	false
論報	론보	false	false
論報되다	론보되다	false	false
論報하다	론보하다	false	false
論壇	론단	false	false
論士	론사	false	false
論外	론외	false	false
論奏	론주	false	false
論奏하다	론주하다	false	false
論孟	론맹	false	false
論定	론정	false	false
論定되다	론정되다	false	false
論定하다	론정하다	false	false
論客	론객	false	false
論心	론심	false	false
論心하다	론심하다	false	false
論戰	론전	false	false
論戰하다	론전하다	false	false
論摘	론적	false	false
論摘하다	론적하다	false	false
論據	론거	false	false
論敵	론적	false	false
論文	론문	false	false
論文集	론문집	false	false
論斷	론단	false	false
論斷되다	론단되다	false	false
論斷하다	론단하다	false	false
論旨	론지	false	false
論明	론명	false	false
論決	론결	false	false
論決되다	론결되다	false	false
論決하다	론결하다	false	false
論法	론법	false	false
論爭	론쟁	false	false
論爭家	론쟁가	false	false
論爭者	론쟁자	false	false
論爭點	론쟁점	false	false
論爭되다	론쟁되다	false	false
論爭터	론쟁터	false	false
論爭하다	론쟁하다	false	false
論理	론리	false	false
論理代數	론리대수	false	false
論理函數簡單化	론리함수간단화	false	false
論理合	론리합	false	false
論理否定回路	론리부정회로	false	false
論理回路	론리회로	false	false
論理學	론리학	false	false
論理性	론리성	false	false
論理探索言語	론리탐색언어	false	false
論理數學	론리수학	false	false
論理演算	론리연산	false	false
論理的	론리적	false	false
論理的力點	론리적력점	false	false
論理的實證主義	론리적실증주의	false	false
論理的抑揚	론리적억양	false	false
論理的認識	론리적인식	false	false
論理的誤謬	론리적오유	false	false
論理的마루	론리적마루	false	false
論理積	론리적	false	false
論理記號	론리기호	false	false
論理設計	론리설계	false	false
論理變數	론리변수	false	false
論理集積回路	론리집적회로	false	false
論理곱하기	론리곱하기	false	false
論理곱하기回路	론리곱하기회로	false	false
論理더하기	론리더하기	false	false
論理더하기回路	론리더하기회로	false	false
論甘	론감	false	false
論症	론증	false	false
論症되다	론증되다	false	false
論症하다	론증하다	false	false
論盡	론진	false	false
論盡되다	론진되다	false	false
論盡하다	론진하다	false	false
論破	론파	false	false
論破되다	론파되다	false	false
論破하다	론파하다	false	false
論示	론시	false	false
論究	론구	false	false
論究되다	론구되다	false	false
論究하다	론구하다	false	false
論策	론책	false	false
論結	론결	false	false
論結되다	론결되다	false	false
論結하다	론결하다	false	false
論綱	론강	false	false
論纂	론찬	false	false
論續	론속	false	false
論續하다	론속하다	false	false
論罪	론죄	false	false
論罪狀	론죄장	false	false
論罪하다	론죄하다	false	false
論者	론자	false	false
論著	론저	false	false
論著하다	론저하다	false	false
論術	론술	false	false
論訓	론훈	false	false
論訓하다	론훈하다	false	false
論評	론평	false	false
論評員	론평원	false	false
論評欄	론평란	false	false
論評하다	론평하다	false	false
論詰	론힐	false	false
論詰하다	론힐하다	false	false
論誤	론오	false	false
論誤하다	론오하다	false	false
論說	론설	false	false
論說員	론설원	false	false
論說報道文體	론설보도문체	false	false
論說文	론설문	false	false
論說體	론설체	false	false
論調	론조	false	false
論談	론담	false	false
論談하다	론담하다	false	false
論講	론강	false	false
論講하다	론강하다	false	false
論證	론증	false	false
論證되다	론증되다	false	false
論證하다	론증하다	false	false
論警	론경	false	false
論警하다	론경하다	false	false
論議	론의	false	false
論議되다	론의되다	false	false
論議하다	론의하다	false	false
論責	론책	false	false
論責하다	론책하다	false	false
論辯	론변	false	false
論述	론술	false	false
論述되다	론술되다	false	false
論述하다	론술하다	false	false
論進	론진	false	false
論過	론과	false	false
論過하다	론과하다	false	false
論鋒	론봉	false	false
論關	론관	false	false
論陣	론진	false	false
論陳	론진	false	false
論難	론난	false	false
論難하다	론난하다	false	false
論題	론제	false	false
論駁	론박	false	false
論駁되다	론박되다	false	false
論駁하다	론박하다	false	false
論點	론점	false	false
諭札	유찰	false	false
諷刺小品	풍자소품	false	false
諷刺小評	풍자소평	false	false
諷刺그림	풍자그림	false	false
謀利化	모리화	false	false
謀利化되다	모리화되다	false	false
謀利化하다	모리화하다	false	false
謀利商人	모리상인	false	false
謄寫版굴대	등사판굴대	false	false
謄寫雜誌	등사잡지	false	false
謄寫기름	등사기름	false	false
謄寫먹	등사먹	false	false
謄寫밀대	등사밀대	false	false
謙讓家	겸양가	false	false
講卓	강탁	false	false
講室	강실	false	false
講座長	강좌장	false	false
講演區	강연구	false	false
講演宣傳網	강연선전망	false	false
講演提綱	강연제강	false	false
講演網	강연망	false	false
講義마당	강의마당	false	false
講習提綱	강습제강	false	false
講習院	강습원	false	false
講評員	강평원	false	false
講談	강담	false	false
謝恩節	사은절	false	false
謬見	류견	false	false
證見者	증견자	false	false
識字班	식자반	false	false
警務	경무	false	false
警務員	경무원	false	false
警務官	경무관	false	false
警務長	경무장	false	false
警告票	경고표	false	false
警報信號	경보신호	false	false
警報裝置	경보장치	false	false
警官隊	경관대	false	false
警察獨裁	경찰독재	false	false
警戒哨	경계초	false	false
警戒道標	경계도표	false	false
警火	경화	false	false
警衛部	경위부	false	false
警衛隊	경위대	false	false
警護艦	경호함	false	false
警鐸	경탁	false	false
警音機	경음기	false	false
譯製	역제	false	false
譯製資料	역제자료	false	false
譯製하다	역제하다	false	false
議會鬪爭	의회투쟁	false	false
護喪人	호상인	false	false
護喪都監	호상도감	false	false
護安	호안	false	false
護岸工	호안공	false	false
護田林	호전림	false	false
護身寶	호신보	false	false
護送便	호송편	false	false
護送砲	호송포	false	false
護送砲兵	호송포병	false	false
讀報	독보	false	false
讀報員	독보원	false	false
讀報會	독보회	false	false
讀報하다	독보하다	false	false
讀書感	독서감	false	false
讀書者	독서자	false	false
讀書行軍	독서행군	false	false
讀經聲	독경성	false	false
讀者網	독자망	false	false
變位補償變換器	변위보상변환기	false	false
變位試藥	변위시약	false	false
變信機	변신기	false	false
變信紙	변신지	false	false
變側	변측	false	false
變分方法	변분방법	false	false
變壓器기름	변압기기름	false	false
變形式	변형식	false	false
變形式家具	변형식가구	false	false
變形理論	변형리론	false	false
變形곁數	변형곁수	false	false
變形이음줄	변형이음줄	false	false
變性塔	변성탑	false	false
變怪스럽다	변괴스럽다	false	false
變成농마	변성농마	false	false
變換誘導度	변환유도도	false	false
變母音化	변모음화	false	false
變溫浴	변온욕	false	false
變溫浴하다	변온욕하다	false	false
變異圃	변이포	false	false
變緯	변위	false	false
變色鸚鵡	변색앵무	false	false
變覆	변복	false	false
變覆하다	변복하다	false	false
變調障礙	변조장애	false	false
變調이지러짐	변조이지러짐	false	false
變質鑛床	변질광상	false	false
變速函	변속함	false	false
變速表語	변속표어	false	false
變針	변침	false	false
變針路	변침로	false	false
變音標	변음표	false	false
變體	변체	false	false
讓書	양서	false	false
讓書하다	양서하다	false	false
豁達하다	활달하다	false	false
豁達히	활달히	false	false
豆腐商	두부상	false	false
豆腐湯	두부탕	false	false
豆腐網질	두부망질	false	false
豆腐醬	두부장	false	false
豆腐醬찌개	두부장찌개	false	false
豆腐물	두부물	false	false
豆腐볶음	두부볶음	false	false
豆腐자루	두부자루	false	false
豆腐지지개	두부지지개	false	false
豉酒	시주	false	false
豌豆바구미	완두바구미	false	false
豌豆진디물	완두진디물	false	false
豐年歌장단	풍년가장단	false	false
豐年비	풍년비	false	false
豐書郡	풍서군	false	false
豐淸里무덤떼	풍청리무덤떼	false	false
象嵌粉粧瓷器	상감분장자기	false	false
象徵的舞踊	상징적무용	false	false
象徵詞	상징사	false	false
象毛박새	상모박새	false	false
象毛춤	상모춤	false	false
象멱	상멱	false	false
豪勢스럽다	호세스럽다	false	false
豪勢스레	호세스레	false	false
豪華燦爛스럽다	호화찬란스럽다	false	false
豪賊	호적	false	false
豫備分級	예비분급	false	false
豫備應力構造	예비응력구조	false	false
豫備應力鋼鐵構造	예비응력강철구조	false	false
豫備應力鐵筋引張機	예비응력철근인장기	false	false
豫備應力나무構造	예비응력나무구조	false	false
豫備排水量	예비배수량	false	false
豫備探索	예비탐색	false	false
豫備數字	예비수자	false	false
豫備炭밭	예비탄밭	false	false
豫備登校	예비등교	false	false
豫備科	예비과	false	false
豫備穀	예비곡	false	false
豫備線	예비선	false	false
豫備防禦手	예비방어수	false	false
豫備단추	예비단추	false	false
豫備주머니	예비주머니	false	false
豫備채질	예비채질	false	false
豫告射擊	예고사격	false	false
豫告機	예고기	false	false
豫婚制	예혼제	false	false
豫察圃田	예찰포전	false	false
豫察豫報	예찰예보	false	false
豫審員	예심원	false	false
豫審返送	예심반송	false	false
豫期命中數	예기명중수	false	false
豫算法	예산법	false	false
豫算總和	예산총화	false	false
豫評	예평	false	false
豫評하다	예평하다	false	false
豫鐘	예종	false	false
豫防院	예방원	false	false
豬苓버섯	저령버섯	false	false
豹紋나비	표문나비	false	false
豹紋도마뱀	표문도마뱀	false	false
豹變無雙하다	표변무쌍하다	false	false
貂皮冠	초피관	false	false
貌色	모색	false	false
貍頭瘟	리두온	false	false
貞石	정석	false	false
負傷處	부상처	false	false
負方	부방	false	false
負荷不均衡性	부하불균형성	false	false
負荷不均衡性곁數	부하불균형성곁수	false	false
負荷時電壓調節變壓器	부하시전압조절변압기	false	false
負變調	부변조	false	false
負還	부환	false	false
負鞍	부안	false	false
財政檢閱	재정검열	false	false
財政檢閱하다	재정검열하다	false	false
財政的統制	재정적통제	false	false
財數놀음	재수놀음	false	false
財物구멍	재물구멍	false	false
財産擔保處分	재산담보처분	false	false
財産略取罪	재산략취죄	false	false
貢數	공수	false	false
貧化率	빈화률	false	false
貧心	빈심	false	false
貧核精子	빈핵정자	false	false
貧民家	빈민가	false	false
貧窮民	빈궁민	false	false
貧窮線	빈궁선	false	false
貧脂性	빈지성	false	false
貧貧하다	빈빈하다	false	false
貧門窮戶	빈문궁호	false	false
貧雇農	빈고농	false	false
貧魔	빈마	false	false
貨幣	화페	false	false
貨幣交換	화폐교환	false	false
貨幣僞造罪	화페위조죄	false	false
貨幣指標	화페지표	false	false
貨物上架	화물상가	false	false
貨物循環	화물순환	false	false
貨物輸送	화물수송	false	false
貨貝	화패	false	false
貨車回歸日數	화차회귀일수	false	false
貨車標	화차표	false	false
貨車顚覆機	화차전복기	false	false
貨車모임	화차모임	false	false
販賣協同組合	판매협동조합	false	false
貪位主義	탐위주의	false	false
貪位分子	탐위분자	false	false
貪汚浪費	탐오랑비	false	false
貪汚浪費하다	탐오랑비하다	false	false
貪食鳥	탐식조	false	false
貫流	관류	false	false
貫珠	관주	false	false
貫甲皮	관갑피	false	false
貫通丘陵	관통구릉	false	false
貫通礙子	관통애자	false	false
貫通練習	관통연습	false	false
貫通谷	관통곡	false	false
責任祕書	책임비서	false	false
責任일군	책임일군	false	false
責罰감	책벌감	false	false
責課	책과	false	false
責課하다	책과하다	false	false
責賦	책부	false	false
貯水池保護林	저수지보호림	false	false
貯水池系	저수지계	false	false
貯水움	저수움	false	false
貯藏藥劑	저장약제	false	false
貯金契約	저금계약	false	false
貯金所	저금소	false	false
貰房살이군	세방살이군	false	false
貰돈	세돈	false	false
貰집	세집	false	false
貰집살이	세집살이	false	false
貴公主	귀공주	false	false
貴州省	구주성	false	false
貴族勞動者	귀족로동자	false	false
貴材	귀재	false	false
貴童兒	귀동아	false	false
貴童딸	귀동딸	false	false
貴童아기	귀동아기	false	false
貴童아들	귀동아들	false	false
貴鉛	귀연	false	false
貴閨	귀규	false	false
買食군	매식군	false	false
貸付利子率	대부리자률	false	false
貸與穀	대여곡	false	false
費力	비력	false	false
貿易偏差金	무역편차금	false	false
貿易時勢	무역시세	false	false
貿易附加金	무역부가금	false	false
賂囑	뢰촉	false	false
賂掠	뢰략	false	false
賂物	뢰물	false	false
賂物받이	뢰물받이	false	false
賃耕所	임경소	false	false
賃耕料	임경료	false	false
賃貰	임세	false	false
賃貰하다	임세하다	false	false
賃金勞力者	임금로력자	false	false
賃金奴隷	임금노예	false	false
賃銀奴隷	임은노예	false	false
賃소	임소	false	false
資料	자료	false	false
資料分析器	자료분석기	false	false
資料分配器	자료분배기	false	false
資料書庫	자료서고	false	false
資料素子	자료소자	false	false
資料蒐集體系	자료수집체계	false	false
資料記錄綴	자료기록철	false	false
資料電話	자료전화	false	false
資料나르개	자료나르개	false	false
資料묶음體系	자료묶음체계	false	false
資望	자망	false	false
資本主義鐵鎖	자본주의철쇄	false	false
資本主義革命	자본주의혁명	false	false
資本主義때	자본주의때	false	false
資本閥	자본벌	false	false
資本革命	자본혁명	false	false
資材供給	자재공급	false	false
資材供給所	자재공급소	false	false
資材供給體系	자재공급체계	false	false
資材員	자재원	false	false
資材商社	자재상사	false	false
資材販賣所	자재판매소	false	false
資格잃기	자격잃기	false	false
資源豫報	자원예보	false	false
資裝	자장	false	false
資裝되다	자장되다	false	false
資裝하다	자장하다	false	false
資貨	자화	false	false
資金	자금	false	false
賊軍	적군	false	false
賓格	빈격	false	false
賚咨官	뢰자관	false	false
賞美	상미	false	false
賢圖	현도	false	false
賢圖되다	현도되다	false	false
賢圖하다	현도하다	false	false
賣倫	매륜	false	false
賣國分子	매국분자	false	false
賣國奸凶	매국간흉	false	false
賣國徒黨	매국도당	false	false
賣國者	매국자	false	false
賣國背族	매국배족	false	false
賣店網	매점망	false	false
賣票制	매표제	false	false
賤侮	천모	false	false
賤侮하다	천모하다	false	false
賤卑하다	천비하다	false	false
賤待살이	천대살이	false	false
賤待스럽다	천대스럽다	false	false
賤隷	천예	false	false
賤齡	천령	false	false
賦	부	false	false
賦役길	부역길	false	false
賦役판	부역판	false	false
質朴하다	질박하다	false	false
質樸하다	질박하다	false	false
質番數	질번수	false	false
質重스럽다	질중스럽다	false	false
質量磁氣感受率	질량자기감수률	false	false
質量힘	질량힘	false	false
質鈍하다	질둔하다	false	false
賭地논	도지논	false	false
賭地돈	도지돈	false	false
賭地밭	도지밭	false	false
賭地소	도지소	false	false
賴力	뢰력	false	false
賴力하다	뢰력하다	false	false
賴德	뢰덕	false	false
賴德하다	뢰덕하다	false	false
購買時勢	구매시세	false	false
贅瘤	췌류	false	false
贅言	취언	false	false
贅言하다	취언하다	false	false
贊襄	찬양	false	false
贊襄하다	찬양하다	false	false
贋天子	안천자	false	false
贖罪卷	속죄권	false	false
赤地난탕	적지난탕	false	false
赤外線合成撮影	적외선합성촬영	false	false
赤外線濾光器	적외선려광기	false	false
赤外線視準器	적외선시준기	false	false
赤熱安定性	적열안정성	false	false
赤皮	적피	false	false
赤脚	적각	false	false
赤色草原種	적색초원종	false	false
赤色메닭	적색메닭	false	false
赤衛隊	적위대	false	false
赤道濕潤林	적도습윤림	false	false
赤道자리標系	적도자리표계	false	false
赭山	자산	false	false
赭面	자면	false	false
走査圖形	주사도형	false	false
走査測定體系	주사측정체계	false	false
走火	주화	false	false
走筆질	주필질	false	false
走筆질하다	주필질하다	false	false
走行式昇降機	주행식승강기	false	false
走行設備	주행설비	false	false
起動初期電流	기동초기전류	false	false
起動捲線	기동권선	false	false
起居運動	기거운동	false	false
起爆性爆發藥	기폭성폭발약	false	false
起爆手段	기폭수단	false	false
起爆藥封紙	기폭약봉지	false	false
起程經度	기정경도	false	false
起程緯度	기정위도	false	false
起算線	기산선	false	false
起聲	기성	false	false
起臥部	기와부	false	false
起重機掘鑿機	기중기굴착기	false	false
起重機갈구리	기중기갈구리	false	false
起重機밑보	기중기밑보	false	false
起重機배	기중기배	false	false
起重機저울	기중기저울	false	false
超低音波武器	초저음파무기	false	false
超完成加工	초완성가공	false	false
超完成盤	초완성반	false	false
超小型電子計算機	초소형전자계산기	false	false
超抑壓遺傳子	초억압유전자	false	false
超期	초기	false	false
超流動	초류동	false	false
超無煙炭	초무연탄	false	false
超短波管	초단파관	false	false
超級團體	초급단체	false	false
超過剩餘價値	초과잉여가치	false	false
超過排卵	초과배란	false	false
超遠心分析	초원심분석	false	false
超遮波受信	초차파수신	false	false
超遮波受信機	초차파수신기	false	false
超酸性巖	초산성암	false	false
超限界날개	초한계날개	false	false
超革命性	초혁명성	false	false
超革命的	초혁명적	false	false
超音波加工盤	초음파가공반	false	false
超音波流量計	초음파류량계	false	false
超音波熱處理	초음파열처리	false	false
超音波缺陷探知	초음파결함탐지	false	false
超音波缺陷探知機	초음파결함탐지기	false	false
超音波遲延線記憶裝置	초음파지연선기억장치	false	false
超音波集中子	초음파집중자	false	false
超鹽基性火成巖	초염기성화성암	false	false
越冬池	월동지	false	false
越冬남새	월동남새	false	false
越峯車窟	월봉차굴	false	false
越嶺車窟	월령차굴	false	false
越川군	월천군	false	false
越年性	월년성	false	false
越年性蠶種	월년성잠종	false	false
趣向	추향	false	false
趣味롭다	취미롭다	false	false
足恭	주공	false	false
足板	족판	false	false
足長木	족장목	false	false
足다리	족다리	false	false
足다리질	족다리질	false	false
足다리질하다	족다리질하다	false	false
足장아찌	족장아찌	false	false
跌宕껏	질탕껏	false	false
距離感	거리감	false	false
距離泳	거리영	false	false
距離防禦	거리방어	false	false
距離限界線	거리한계선	false	false
距離點	거리점	false	false
距離너비線	거리너비선	false	false
距離헤염	거리헤염	false	false
跟骨腱	근골건	false	false
路上	로상	false	false
路上顔面	로상안면	false	false
路中	로중	false	false
路人	로인	false	false
路傍	로방	false	false
路傍土	로방토	false	false
路傍殘邑	로방잔읍	false	false
路困	로곤	false	false
路奠	로전	false	false
路床	로상	false	false
路引	로인	false	false
路文	로문	false	false
路村	로촌	false	false
路柳牆花	로류장화	false	false
路次	로차	false	false
路毒	로독	false	false
路盤	로반	false	false
路盤어깨	로반어깨	false	false
路盤턱	로반턱	false	false
路祭	로제	false	false
路程	로정	false	false
路程圖	로정도	false	false
路程標	로정표	false	false
路程記	로정기	false	false
路線	로선	false	false
路線測量	로선측량	false	false
路線選定	로선선정	false	false
路肩	로견	false	false
路費	로비	false	false
路資	로자	false	false
路資돈	로자돈	false	false
路資벌이	로자벌이	false	false
路資푼	로자푼	false	false
路邊	로변	false	false
路需	로수	false	false
路需돈	로수돈	false	false
路面	로면	false	false
路頭	로두	false	false
路馬	로마	false	false
路鼓	로고	false	false
路鼗	로도	false	false
跳彈射擊	도탄사격	false	false
跳彈爆擊	도탄폭격	false	false
跳水	도수	false	false
跳汰	조태	false	false
跳汰循環	조태순환	false	false
跳汰機	조태기	false	false
跳躍	조약	false	false
跳躍競技	조약경기	false	false
跳躍臺	조약대	false	false
跳躍舞	조약무	false	false
跳躍進行	조약진행	false	false
跳躍공	조약공	false	false
跳躍넣기	조약넣기	false	false
踏山	답산	false	false
踏山하다	답산하다	false	false
踏平	답평	false	false
踏板	답판	false	false
踏査宿營閣	답사숙영각	false	false
踏査閣	답사각	false	false
蹄形斷面水路	제형단면수로	false	false
蹄形홈대패	제형홈대패	false	false
蹄病	제병	false	false
蹤跡	종적	false	false
蹤迹	종적	false	false
蹻摩	교마	false	false
躁躁症	조조증	false	false
躇階	저계	false	false
躇階하다	저계하다	false	false
躐等	렵등	false	false
躐等하다	렵등하다	false	false
身邊器材	신변기재	false	false
身邊策	신변책	false	false
軀幹쪽	구간쪽	false	false
軀體	구체	false	false
車修理線	차수리선	false	false
車入	차입	false	false
車入豫報	차입예보	false	false
車夫소	차부소	false	false
車客	차객	false	false
車渠	차거	false	false
車窟	차굴	false	false
車窟限界	차굴한계	false	false
車筒	차통	false	false
車號	차호	false	false
車號員	차호원	false	false
車貰	차세	false	false
車貰실이	차세실이	false	false
車起重機	차기중기	false	false
車車式	거차식	false	false
車輛隊	차량대	false	false
車輪雙	차륜쌍	false	false
車道工	차도공	false	false
車間	차간	false	false
車電所	차전소	false	false
車가름半언덕	차가름반언덕	false	false
車가름線	차가름선	false	false
車가름驛	차가름역	false	false
車가름길	차가름길	false	false
車가름언덕	차가름언덕	false	false
車갈이	차갈이	false	false
車갈이信號	차갈이신호	false	false
車갈이回路	차갈이회로	false	false
車갈이機關車	차갈이기관차	false	false
車갈이알림信號	차갈이알림신호	false	false
車군	차군	false	false
車길	차길	false	false
車길너비	차길너비	false	false
車끌어내기	차끌어내기	false	false
車넣기	차넣기	false	false
車닿기標	차닿기표	false	false
車돌림臺	차돌림대	false	false
車돌림틀	차돌림틀	false	false
車마당	차마당	false	false
車멎기	차멎기	false	false
車몰이군	차몰이군	false	false
車무이	차무이	false	false
車무이하다	차무이하다	false	false
車바퀴旋盤	차바퀴선반	false	false
車바퀴雙	차바퀴쌍	false	false
車삯	차삯	false	false
車옮김틀	차옮김틀	false	false
車칸	차칸	false	false
車타기	차타기	false	false
車판	차판	false	false
車판짐	차판짐	false	false
車풀이	차풀이	false	false
車풀이하다	차풀이하다	false	false
軌道停留所	궤도정류소	false	false
軌道爆擊	궤도폭격	false	false
軌道爆擊系統	궤도폭격계통	false	false
軌道飛行機	궤도비행기	false	false
軌道깔板	궤도깔판	false	false
軌道디디개	궤도디디개	false	false
軌틀	궤틀	false	false
軍事三種競技	군사삼종경기	false	false
軍事事業	군사사업	false	false
軍事侵略基地	군사침략기지	false	false
軍事化	군사화	false	false
軍事化되다	군사화되다	false	false
軍事化하다	군사화하다	false	false
軍事器材	군사기재	false	false
軍事地形學	군사지형학	false	false
軍事委員	군사위원	false	false
軍事學院	군사학원	false	false
軍事封建的帝國主義	군사봉건적제국주의	false	false
軍事將棋	군사장기	false	false
軍事水力工學	군사수력공학	false	false
軍事物映畵	군사물영화	false	false
軍事理論	군사리론	false	false
軍事稱號	군사칭호	false	false
軍事規律	군사규률	false	false
軍事路線	군사로선	false	false
軍事遊戲	군사유희	false	false
軍事郵便通信	군사우편통신	false	false
軍事깡패	군사깡패	false	false
軍事놀이	군사놀이	false	false
軍事놀이춤	군사놀이춤	false	false
軍事놀이하다	군사놀이하다	false	false
軍人商店	군인상점	false	false
軍刀敬禮	군도경례	false	false
軍務者	군무자	false	false
軍商	군상	false	false
軍器術	군기술	false	false
軍士名簿	군사명부	false	false
軍官	군관	false	false
軍弊	군페	false	false
軍政幹部	군정간부	false	false
軍政訓鍊	군정훈련	false	false
軍樂團	군악단	false	false
軍檢	군검	false	false
軍檢手	군검수	false	false
軍檢하다	군검하다	false	false
軍民力	군민력	false	false
軍牌	군패	false	false
軍犬手	군견수	false	false
軍用列車	군용렬차	false	false
軍用米	군용미	false	false
軍用다리	군용다리	false	false
軍醫偵察	군의정찰	false	false
軍醫所	군의소	false	false
軍醫長	군의장	false	false
軍隊室	군대실	false	false
軍隊배	군대배	false	false
軍隊어른	군대어른	false	false
軍隊옷	군대옷	false	false
軍需長	군수장	false	false
軍靴발	군화발	false	false
軍風	군풍	false	false
軟刺網	연자망	false	false
軟反結合校正	연반결합교정	false	false
軟唐木	연당목	false	false
軟寢	연침	false	false
軟席車	연석차	false	false
軟性構造	연성구조	false	false
軟文	연문	false	false
軟硫酸	연류산	false	false
軟米	연미	false	false
軟米하다	연미하다	false	false
軟紫朱빛	연자주빛	false	false
軟脚風	연각풍	false	false
軟色	연색	false	false
軟變化	연변화	false	false
軟質堰提	연질언제	false	false
軟바닥줄	연바닥줄	false	false
軟주름	연주름	false	false
軟한色그림	연한색그림	false	false
軟한김地衣	연한김지의	false	false
軟한끈地衣	연한끈지의	false	false
軟한납	연한납	false	false
軟한몸	연한몸	false	false
軟한몸動物	연한몸동물	false	false
軟한물	연한물	false	false
軟한손톱地衣	연한손톱지의	false	false
軟흙	연흙	false	false
軸函구두	축함구두	false	false
軸加工自動線	축가공자동선	false	false
軸勢輪	축세륜	false	false
軸對稱	축대칭	false	false
軸斑	축반	false	false
軸柱	축주	false	false
軸流通風機	축류통풍기	false	false
軸當荷重	축당하중	false	false
軸當짐	축당짐	false	false
軸筒	축통	false	false
軸腔	축강	false	false
軸頸	축경	false	false
軸齒車	축치차	false	false
軸길	축길	false	false
軸돌이	축돌이	false	false
軸떨이	축떨이	false	false
軸목	축목	false	false
軸받이合金	축받이합금	false	false
軸받치개	축받치개	false	false
軸빼기돌쩌귀	축빼기돌쩌귀	false	false
軸이을손	축이을손	false	false
輅路	로로	false	false
輓輸	만수	false	false
輓輸하다	만수하다	false	false
輔輪	보륜	false	false
輔輪하다	보륜하다	false	false
輕便列車	경편렬차	false	false
輕便車	경편차	false	false
輕利	경리	false	false
輕制動	경제동	false	false
輕勞動	경로동	false	false
輕合金배	경합금배	false	false
輕喜劇	경희극	false	false
輕型築成物	경형축성물	false	false
輕壓流體	경압류체	false	false
輕巧藝	경교예	false	false
輕床	경상	false	false
輕擧妄行	경거망행	false	false
輕樂劇	경악극	false	false
輕機射手	경기사수	false	false
輕皮門	경피문	false	false
輕石層	경석층	false	false
輕稀有金屬	경희유금속	false	false
輕質	경질	false	false
輕防毒服	경방독복	false	false
輕霎하다	경삽하다	false	false
輕써레	경써레	false	false
輕써레질	경써레질	false	false
輕하다	경하다	false	false
輝幕	휘막	false	false
輝銅銀鑛	휘동은광	false	false
輝長巖	휘장암	false	false
輦	련	false	false
輦下	련하	false	false
輦路	련로	false	false
輦轂	련곡	false	false
輦轂下	련곡하	false	false
輦轂之下	련곡지하	false	false
輦메군	련메군	false	false
輦추대	련추대	false	false
輩流	배류	false	false
輪	륜	false	false
輪伐期	륜벌기	false	false
輪作	륜작	false	false
輪作制	륜작제	false	false
輪作法	륜작법	false	false
輪作物	륜작물	false	false
輪作農法	륜작농법	false	false
輪作體系	륜작체계	false	false
輪作하다	륜작하다	false	false
輪入	륜입	false	false
輪入되다	륜입되다	false	false
輪入하다	륜입하다	false	false
輪刑	륜형	false	false
輪周	륜주	false	false
輪唱	륜창	false	false
輪回時運	륜회시운	false	false
輪圖	륜도	false	false
輪奐	륜환	false	false
輪姦	륜간	false	false
輪對	륜대	false	false
輪尺	륜척	false	false
輪差	륜차	false	false
輪差하다	륜차하다	false	false
輪座	륜좌	false	false
輪廓	륜곽	false	false
輪廻	륜회	false	false
輪廻所當	륜회소당	false	false
輪廻說	륜회설	false	false
輪廻轉生說	륜회전생설	false	false
輪廻하다	륜회하다	false	false
輪形	륜형	false	false
輪彩	륜채	false	false
輪採	륜채	false	false
輪採하다	륜채하다	false	false
輪換	륜환	false	false
輪換하다	륜환하다	false	false
輪栽	륜재	false	false
輪栽하다	륜재하다	false	false
輪次	륜차	false	false
輪爐	륜로	false	false
輪牒	륜첩	false	false
輪狀	륜상	false	false
輪環	륜환	false	false
輪環式灌漑體系	륜환식관개체계	false	false
輪環式聯盟戰	륜환식련맹전	false	false
輪環線	륜환선	false	false
輪環線網	륜환선망	false	false
輪環線鐵길	륜환선철길	false	false
輪環輪生	륜환륜생	false	false
輪環輪生하다	륜환륜생하다	false	false
輪環道路	륜환도로	false	false
輪環하다	륜환하다	false	false
輪生	륜생	false	false
輪生花	륜생화	false	false
輪生葉	륜생엽	false	false
輪生葉序	륜생엽서	false	false
輪番	륜번	false	false
輪番制	륜번제	false	false
輪當	륜당	false	false
輪疾	륜질	false	false
輪病	륜병	false	false
輪症	륜증	false	false
輪直	륜직	false	false
輪示	륜시	false	false
輪示하다	륜시하다	false	false
輪積法	륜적법	false	false
輪納	륜납	false	false
輪舞	륜무	false	false
輪舞曲	륜무곡	false	false
輪舞歌	륜무가	false	false
輪船	륜선	false	false
輪襲	륜습	false	false
輪襲하다	륜습하다	false	false
輪讀	륜독	false	false
輪車	륜거	false	false
輪轉	륜전	false	false
輪轉印刷	륜전인쇄	false	false
輪轉印刷機	륜전인쇄기	false	false
輪轉機	륜전기	false	false
輪轉機材	륜전기재	false	false
輪轉機械	륜전기계	false	false
輪轉謄寫機	륜전등사기	false	false
輪轉하다	륜전하다	false	false
輪運動	륜운동	false	false
輪道	륜도	false	false
輪郭	륜곽	false	false
輪郭團體	륜곽단체	false	false
輪郭線	륜곽선	false	false
輪郭美	륜곽미	false	false
輪銜	륜함	false	false
輪銜하다	륜함하다	false	false
輪關	륜관	false	false
輪體	륜체	false	false
輪體操	륜체조	false	false
輪끼고달리기	륜끼고달리기	false	false
輸入病	수입병	false	false
輸後送路	수후송로	false	false
輸送氣體	수송기체	false	false
輸送組織	수송조직	false	false
輸送遲延	수송지연	false	false
輻射率	복사률	false	false
輻射묶음	복사묶음	false	false
輿地學	여지학	false	false
輿臣	여신	false	false
輿薪	여신	false	false
轆轤	록로	false	false
轆轤器	록로기	false	false
轆轤轉關	록로전관	false	false
轉倒對位法	전도대위법	false	false
轉化公式	전화공식	false	false
轉回倒立	전회도립	false	false
轉回動作	전회동작	false	false
轉回巧藝	전회교예	false	false
轉回機	전회기	false	false
轉恃	전시	false	false
轉恃하다	전시하다	false	false
轉換性貨幣	전환성화페	false	false
轉機	전기	false	false
轉痛法	전통법	false	false
轉石探査	전석탐사	false	false
轉結合	전결합	false	false
轉輪羅針器	전륜라침기	false	false
轉轉流浪	전전류랑	false	false
轉轉無休	전전무휴	false	false
轉轉無休하다	전전무휴하다	false	false
轉轍角	전철각	false	false
轉飭	전칙	false	false
轉飭하다	전칙하다	false	false
轎子燈	교자등	false	false
轢死	력사	false	false
轢死者	력사자	false	false
轢死하다	력사하다	false	false
轢殺	력살	false	false
轢殺되다	력살되다	false	false
轢殺하다	력살하다	false	false
辦事處	판사처	false	false
辨出	변출	false	false
辨出하다	변출하다	false	false
辨明無地하다	변명무지하다	false	false
辨說調	변설조	false	false
辨難	변난	false	false
辨難하다	변난하다	false	false
辯技	변기	false	false
辰沙沙器	진사사기	false	false
辱다구니	욕다구니	false	false
辱다구니하다	욕다구니하다	false	false
辱덩어리	욕덩어리	false	false
辱되박	욕되박	false	false
辱몽둥이	욕몽둥이	false	false
辱찜질	욕찜질	false	false
辱찜질하다	욕찜질하다	false	false
農事군	농사군	false	false
農事손	농사손	false	false
農圃遺跡	농포유적	false	false
農土産物	농토산물	false	false
農地人	농지인	false	false
農場	농장	false	false
農場員	농장원	false	false
農場員手帖	농장원수첩	false	false
農場圃田	농장포전	false	false
農場大學	농장대학	false	false
農場林	농장림	false	false
農場마을	농장마을	false	false
農場벌	농장벌	false	false
農家戶	농가호	false	false
農工複合企業	농공복합기업	false	false
農幕살이	농막살이	false	false
農幕집	농막집	false	false
農村勞力	농촌로력	false	false
農村勞力協助班	농촌로력협조반	false	false
農村勞動階級	농촌로동계급	false	false
農村建設隊	농촌건설대	false	false
農村思想革命	농촌사상혁명	false	false
農村技術革命	농촌기술혁명	false	false
農村文化住宅	농촌문화주택	false	false
農村文化革命	농촌문화혁명	false	false
農村核心	농촌핵심	false	false
農村機械化哨兵	농촌기계화초병	false	false
農村無産階級	농촌무산계급	false	false
農村經理	농촌경리	false	false
農村道路	농촌도로	false	false
農村金融事業	농촌금융사업	false	false
農村陣地	농촌진지	false	false
農村革命	농촌혁명	false	false
農村말	농촌말	false	false
農業事業費	농업사업비	false	false
農業企業所	농업기업소	false	false
農業勤勞者節	농업근로자절	false	false
農業協同化	농업협동화	false	false
農業協同化運動	농업협동화운동	false	false
農業司令體系	농업사령체계	false	false
農業合作社	농업합작사	false	false
農業圖	농업도	false	false
農業土壤圖	농업토양도	false	false
農業地圖	농업지도	false	false
農業工業國家	농업공업국가	false	false
農業建物	농업건물	false	false
農業建設	농업건설	false	false
農業技術學校	농업기술학교	false	false
農業指導體系	농업지도체계	false	false
農業氣候地區	농업기후지구	false	false
農業氣候指標	농업기후지표	false	false
農業水文學	농업수문학	false	false
農業現物稅	농업현물세	false	false
農業現物稅制	농업현물세제	false	false
農業部門構造	농업부문구조	false	false
農業集團化	농업집단화	false	false
農樂갖춤새	농악갖춤새	false	false
農樂군	농악군	false	false
農樂노래	농악노래	false	false
農樂장단	농악장단	false	false
農樂쟁이	농악쟁이	false	false
農機械作業所	농기계작업소	false	false
農機械學	농기계학	false	false
農機械賃耕所	농기계임경소	false	false
農民問題	농민문제	false	false
農民型	농민형	false	false
農民市場	농민시장	false	false
農民成分	농민성분	false	false
農民服	농민복	false	false
農民英雄	농민영웅	false	false
農民銀行	농민은행	false	false
農民離村	농민리촌	false	false
農民비옷	농민비옷	false	false
農牧場	농목장	false	false
農産作業班	농산작업반	false	false
農産學部	농산학부	false	false
農産技士	농산기사	false	false
農産技術	농산기술	false	false
農産日誌	농산일지	false	false
農産班	농산반	false	false
迂儒俗士	우유속사	false	false
迂廻線構成	우회선구성	false	false
迅速冷却器	신속랭각기	false	false
迎接事	영접사	false	false
迎接卓	영접탁	false	false
迎接報告	영접보고	false	false
迎接辭	영접사	false	false
迎接들어銃	영접들어총	false	false
近代歷史	근대력사	false	false
近接類	근접류	false	false
近海날치	근해날치	false	false
近衛	근위	false	false
近衛工場	근위공장	false	false
近衛師團	근위사단	false	false
近衛旗	근위기	false	false
近衛旗발	근위기발	false	false
近衛稱號	근위칭호	false	false
近衛聯隊	근위련대	false	false
近衛軍旗	근위군기	false	false
近衛部隊	근위부대	false	false
近親交配곁數	근친교배곁수	false	false
近親繁殖	근친번식	false	false
近親繁殖되다	근친번식되다	false	false
近親繁殖하다	근친번식하다	false	false
近音速飛行	근음속비행	false	false
返照代名詞	반조대명사	false	false
返送對照方式	반송대조방식	false	false
迫擊砲手	박격포수	false	false
迫至	박지	false	false
迫至하다	박지하다	false	false
述語副文	술어부문	false	false
述語性	술어성	false	false
述辭	술사	false	false
迷信꾸러기	미신꾸러기	false	false
迷信딱지	미신딱지	false	false
迷園	미원	false	false
迷路庭園	미로정원	false	false
迷路狀河系	미로상하계	false	false
迸出	병출	false	false
迸出하다	병출하다	false	false
追律	추률	false	false
追律하다	추률하다	false	false
追從射擊	추종사격	false	false
追從操縱	추종조종	false	false
追從電動裝置	추종전동장치	false	false
追從體系	추종체계	false	false
追擊戰鬪	추격전투	false	false
追漁戰	추어전	false	false
追褒	추포	false	false
追褒되다	추포되다	false	false
追褒하다	추포하다	false	false
追跡機	추적기	false	false
退勢	퇴세	false	false
退勢하다	퇴세하다	false	false
退却式採掘	퇴각식채굴	false	false
退場票	퇴장표	false	false
退嬰萎縮	퇴영위축	false	false
退嬰萎縮하다	퇴영위축하다	false	false
退水	퇴수	false	false
退水利用	퇴수리용	false	false
退水場	퇴수장	false	false
退水門	퇴수문	false	false
退水목	퇴수목	false	false
退水물	퇴수물	false	false
退油	퇴유	false	false
退物	퇴물	false	false
退가락	퇴가락	false	false
退기둥	퇴기둥	false	false
退도리	퇴도리	false	false
退물리기	퇴물리기	false	false
送彈	송탄	false	false
送彈하다	송탄하다	false	false
送本	송본	false	false
送本하다	송본하다	false	false
送流臺	송류대	false	false
送球門	송구문	false	false
送球門지기	송구문지기	false	false
送達奉仕	송달봉사	false	false
送電線電磁誘導	송전선전자유도	false	false
送電線靜電誘導	송전선정전유도	false	false
逃奴	도노	false	false
逃散度	도산도	false	false
逃避	도피	false	false
逃避하다	도피하다	false	false
逆二極素子	역이극소자	false	false
逆交雜	역교잡	false	false
逆倒	역도	false	false
逆倒하다	역도하다	false	false
逆偏位電壓	역편위전압	false	false
逆利用	역리용	false	false
逆利用되다	역리용되다	false	false
逆利用하다	역리용하다	false	false
逆反命題	역반명제	false	false
逆反定理	역반정리	false	false
逆取	역취	false	false
逆取되다	역취되다	false	false
逆取하다	역취하다	false	false
逆子	역자	false	false
逆張力	역장력	false	false
逆影響	역영향	false	false
逆效	역효	false	false
逆施倒行	역시도행	false	false
逆止변	역지변	false	false
逆流冷却器	역류랭각기	false	false
逆浮選되다	역부선되다	false	false
逆浮選하다	역부선하다	false	false
逆溫法	역온법	false	false
逆狀法	역상법	false	false
逆症스럽다	역증스럽다	false	false
逆症스레	역증스레	false	false
逆算法	역산법	false	false
逆者	역자	false	false
逆耳	역이	false	false
逆虜	역로	false	false
逆行波管	역행파관	false	false
逆行的過程	역행적과정	false	false
逆變換器	역변환기	false	false
逆電動力	역전동력	false	false
逆風裝置	역풍장치	false	false
逆가름눈	역가름눈	false	false
逆놈	역놈	false	false
逆두제곱法則	역두제곱법칙	false	false
逆스럽다	역스럽다	false	false
透刻裝飾	투각장식	false	false
透明帶	투명대	false	false
透明하다	투명하다	false	false
透磁率	투자률	false	false
透視寫眞	투시사진	false	false
透視投影圖	투시투영도	false	false
透視投影法	투시투영법	false	false
透過곁數	투과곁수	false	false
逐條鎔鍊	축조용련	false	false
逐涼	축량	false	false
逐涼하다	축량하다	false	false
逐號	축호	false	false
逐號하다	축호하다	false	false
逐角戰	축각전	false	false
途中取水口	도중취수구	false	false
途中밥	도중밥	false	false
通乳	통유	false	false
通俗的歸納推理	통속적귀납추리	false	false
通俗音	통속음	false	false
通信區分	통신구분	false	false
通信檢査	통신검사	false	false
通信班	통신반	false	false
通信生	통신생	false	false
通信登校	통신등교	false	false
通信結束所	통신결속소	false	false
通信網密度指標	통신망밀도지표	false	false
通信車	통신차	false	false
通信가방	통신가방	false	false
通勤券	통근권	false	false
通匪分子	통비분자	false	false
通匪者	통비자	false	false
通報	통보	false	false
通報文	통보문	false	false
通報符號	통보부호	false	false
通報論	통보론	false	false
通將	통장	false	false
通將훈	통장훈	false	false
通徹하다	통철하다	false	false
通檢	통검	false	false
通氣圖	통기도	false	false
通票	통표	false	false
通節	통절	false	false
通融	통융	false	false
通融되다	통융되다	false	false
通融하다	통융하다	false	false
通行暗號	통행암호	false	false
通話數	통화수	false	false
通話豫告	통화예고	false	false
通貨評價	통화평가	false	false
通路坑	통로갱	false	false
通路通過能力	통로통과능력	false	false
通過半徑	통과반경	false	false
通過性	통과성	false	false
通過暗號	통과암호	false	false
通過能力	통과능력	false	false
通過車回期	통과차회기	false	false
通過너비	통과너비	false	false
通邑	통읍	false	false
通間집	통간집	false	false
通風帶	통풍대	false	false
通風짐函	통풍짐함	false	false
通귀사개	통귀사개	false	false
通칸	통칸	false	false
逞志	정지	false	false
速報員	속보원	false	false
速寫集	속사집	false	false
速度函	속도함	false	false
速度感覺	속도감각	false	false
速度數列	속도수렬	false	false
速度檢層法	속도검층법	false	false
速度氷上場	속도빙상장	false	false
速度氷上競技	속도빙상경기	false	false
速度表	속도표	false	false
速度맞추개	속도맞추개	false	false
速度물키	속도물키	false	false
速度자욱	속도자욱	false	false
速度헤염	속도헤염	false	false
速成成人學校	속성성인학교	false	false
速成국수	속성국수	false	false
速成모	속성모	false	false
速記員	속기원	false	false
速記手	속기수	false	false
造化桶	조화통	false	false
造化속	조화속	false	false
造型	조형	false	false
造型效果	조형효과	false	false
造塊甓돌	조괴벽돌	false	false
造塊남비	조괴남비	false	false
造延孔形	조연공형	false	false
造弓쟁이	조궁쟁이	false	false
造形巧藝	조형교예	false	false
造形性	조형성	false	false
造形製管	조형제관	false	false
造形解剖學	조형해부학	false	false
造形遊戲	조형유희	false	false
造形運動	조형운동	false	false
造材比率	조재비률	false	false
造林野溪工事	조림야계공사	false	false
造格토	조격토	false	false
造機職場	조기직장	false	false
造波물桶	조파물통	false	false
造鑛作用	조광작용	false	false
造馬	조마	false	false
逢亂	봉란	false	false
逢亂하다	봉란하다	false	false
逢春	봉춘	false	false
逢春하다	봉춘하다	false	false
逢甘雨	봉감우	false	false
連	련	false	false
連中	련중	false	false
連中되다	련중되다	false	false
連中하다	련중하다	false	false
連乘積	련승적	false	false
連亘	련긍	false	false
連亘하다	련긍하다	false	false
連任	련임	false	false
連任하다	련임하다	false	false
連作	련작	false	false
連作小說	련작소설	false	false
連作被害	련작피해	false	false
連信	련신	false	false
連信하다	련신하다	false	false
連借	련차	false	false
連借하다	련차하다	false	false
連共	련공	false	false
連凶	련흉	false	false
連分數	련분수	false	false
連判	련판	false	false
連判狀	련판장	false	false
連判하다	련판하다	false	false
連動	련동	false	false
連動하다	련동하다	false	false
連勝	련승	false	false
連勝하다	련승하다	false	false
連勤	련근	false	false
連名	련명	false	false
連名하다	련명하다	false	false
連呼	련호	false	false
連呼하다	련호하다	false	false
連命	련명	false	false
連命하다	련명하다	false	false
連唱	련창	false	false
連啓	련계	false	false
連啓하다	련계하다	false	false
連喪	련상	false	false
連坐	련좌	false	false
連坐되다	련좌되다	false	false
連坐하다	련좌하다	false	false
連境	련경	false	false
連境되다	련경되다	false	false
連境하다	련경하다	false	false
連墳	련분	false	false
連墻	련장	false	false
連墻하다	련장하다	false	false
連夜	련야	false	false
連夜하다	련야하다	false	false
連姻接族	련인접족	false	false
連婚	련혼	false	false
連婚하다	련혼하다	false	false
連宵	련소	false	false
連將	련장	false	false
連將軍	련장군	false	false
連山連峯	련산련봉	false	false
連峯	련봉	false	false
連巒	련만	false	false
連席	련석	false	false
連帶	련대	false	false
連帶保證	련대보증	false	false
連帶債務	련대채무	false	false
連帶性	련대성	false	false
連帶感	련대감	false	false
連帶的	련대적	false	false
連帶責任	련대책임	false	false
連帶輸送	련대수송	false	false
連帶辭	련대사	false	false
連幅	련폭	false	false
連幅하다	련폭하다	false	false
連年	련년	false	false
連年生	련년생	false	false
連延	련연	false	false
連延하다	련연하다	false	false
連引	련인	false	false
連戰	련전	false	false
連戰連勝	련전련승	false	false
連戰連敗	련전련패	false	false
連抱之木	련포지목	false	false
連接	련접	false	false
連接되다	련접되다	false	false
連接하다	련접하다	false	false
連放	련방	false	false
連敗	련패	false	false
連日	련일	false	false
連日連夜	련일련야	false	false
連日하다	련일하다	false	false
連星團	련성단	false	false
連時調	련시조	false	false
連曲	련곡	false	false
連書	련서	false	false
連月	련월	false	false
連月하다	련월하다	false	false
連服	련복	false	false
連服하다	련복하다	false	false
連枝	련지	false	false
連枷	련가	false	false
連査	련사	false	false
連査間	련사간	false	false
連梯	련제	false	false
連檐	련첨	false	false
連次	련차	false	false
連比	련비	false	false
連比例	련비례	false	false
連牆	련장	false	false
連牆接屋	련장접옥	false	false
連牆하다	련장하다	false	false
連珠	련주	false	false
連珠瘡	련주창	false	false
連珠瘰癧	련주라력	false	false
連珠箭	련주전	false	false
連理枝	련리지	false	false
連環	련환	false	false
連環計	련환계	false	false
連番	련번	false	false
連番號	련번호	false	false
連痕	련흔	false	false
連發	련발	false	false
連發彈	련발탄	false	false
連發裝置	련발장치	false	false
連發銃	련발총	false	false
連發되다	련발되다	false	false
連發하다	련발하다	false	false
連窓門	련창문	false	false
連筇	련공	false	false
連累	련루	false	false
連累者	련루자	false	false
連累되다	련루되다	false	false
連累하다	련루하다	false	false
連結	련결	false	false
連結値數	련결치수	false	false
連結員	련결원	false	false
連結器	련결기	false	false
連結子音	련결자음	false	false
連結寢臺	련결침대	false	false
連結式鋪設機	련결식포설기	false	false
連結曲	련결곡	false	false
連結曲形式	련결곡형식	false	false
連結材	련결재	false	false
連結棒	련결봉	false	false
連結構圖	련결구도	false	false
連結構造物	련결구조물	false	false
連結機	련결기	false	false
連結機높이	련결기높이	false	false
連結母音	련결모음	false	false
連結活字	련결활자	false	false
連結版	련결판	false	false
連結符	련결부	false	false
連結符號	련결부호	false	false
連結線	련결선	false	false
連結路	련결로	false	false
連結車	련결차	false	false
連結農機械	련결농기계	false	false
連結運動	련결운동	false	false
連結運河	련결운하	false	false
連結部	련결부	false	false
連結部分	련결부분	false	false
連結대	련결대	false	false
連結되다	련결되다	false	false
連結떼	련결떼	false	false
連結보습	련결보습	false	false
連結하다	련결하다	false	false
連絡	련락	false	false
連絡不絕	련락부절	false	false
連絡代表	련락대표	false	false
連絡兵	련락병	false	false
連絡函	련락함	false	false
連絡員	련락원	false	false
連絡官	련락관	false	false
連絡將校	련락장교	false	false
連絡所	련락소	false	false
連絡手	련락수	false	false
連絡會	련락회	false	false
連絡機	련락기	false	false
連絡索	련락삭	false	false
連絡網	련락망	false	false
連絡線	련락선	false	false
連絡船	련락선	false	false
連絡艇	련락정	false	false
連絡處	련락처	false	false
連絡飛行機	련락비행기	false	false
連絡돌다리	련락돌다리	false	false
連絡바줄	련락바줄	false	false
連絡줄	련락줄	false	false
連絡하다	련락하다	false	false
連綿하다	련면하다	false	false
連綿히	련면히	false	false
連繫	련계	false	false
連繫地	련계지	false	false
連繫性	련계성	false	false
連繫者	련계자	false	false
連繫되다	련계되다	false	false
連繫하다	련계하다	false	false
連續	련속	false	false
連續不絕	련속부절	false	false
連續函數	련속함수	false	false
連續分布	련속분포	false	false
連續分析	련속분석	false	false
連續反應	련속반응	false	false
連續反應系列	련속반응계렬	false	false
連續培養	련속배양	false	false
連續基礎	련속기초	false	false
連續壓延	련속압연	false	false
連續媒質力學	련속매질력학	false	false
連續定格出力	련속정격출력	false	false
連續寫像	련속사상	false	false
連續式冷間壓延機	련속식랭간압연기	false	false
連續式加熱爐	련속식가열로	false	false
連續式壓延機	련속식압연기	false	false
連續式引拔機	련속식인발기	false	false
連續式抵抗爐	련속식저항로	false	false
連續式混合機	련속식혼합기	false	false
連續式燒結爐	련속식소결로	false	false
連續式積載機	련속식적재기	false	false
連續心電圖	련속심전도	false	false
連續性	련속성	false	false
連續性降水	련속성강수	false	false
連續捲線	련속권선	false	false
連續掘鑿機	련속굴착기	false	false
連續撮影	련속촬영	false	false
連續操縱體系	련속조종체계	false	false
連續放送劇	련속방송극	false	false
連續方程式	련속방정식	false	false
連續滴定	련속적정	false	false
連續漫畫	련속만화	false	false
連續潤滑	련속윤활	false	false
連續灌漑	련속관개	false	false
連續犯	련속범	false	false
連續畫	련속화	false	false
連續畫板	련속화판	false	false
連續的	련속적	false	false
連續突擊	련속돌격	false	false
連續窓	련속창	false	false
連續篇	련속편	false	false
連續繡	련속수	false	false
連續纖維	련속섬유	false	false
連續裝荷	련속장하	false	false
連續製鋼	련속제강	false	false
連續變異	련속변이	false	false
連續造塊法	련속조괴법	false	false
連續醱酵	련속발효	false	false
連續鑄造	련속주조	false	false
連續기르기	련속기르기	false	false
連續나눔法	련속나눔법	false	false
連續넘기기	련속넘기기	false	false
連續되다	련속되다	false	false
連續두番競技	련속두번경기	false	false
連續무늬	련속무늬	false	false
連續보	련속보	false	false
連續보다리	련속보다리	false	false
連續치기	련속치기	false	false
連續하다	련속하다	false	false
連署	련서	false	false
連署되다	련서되다	false	false
連署하다	련서하다	false	false
連翹	련교	false	false
連行	련행	false	false
連袂	련메	false	false
連袂하다	련메하다	false	false
連記	련기	false	false
連記되다	련기되다	false	false
連記하다	련기하다	false	false
連詩	련시	false	false
連誦	련송	false	false
連誦하다	련송하다	false	false
連譜記號	련보기호	false	false
連讀	련독	false	false
連豐	련풍	false	false
連貫	련관	false	false
連載	련재	false	false
連載小說	련재소설	false	false
連載物	련재물	false	false
連載되다	련재되다	false	false
連載하다	련재하다	false	false
連辭	련사	false	false
連通	련통	false	false
連通管	련통관	false	false
連通되다	련통되다	false	false
連通하다	련통하다	false	false
連連하다	련련하다	false	false
連連히	련련히	false	false
連錢草	련전초	false	false
連錢驄	련전총	false	false
連鎖	련쇄	false	false
連鎖函	련쇄함	false	false
連鎖劇	련쇄극	false	false
連鎖反應	련쇄반응	false	false
連鎖回路	련쇄회로	false	false
連鎖店	련쇄점	false	false
連鎖曲	련쇄곡	false	false
連鎖曲形式	련쇄곡형식	false	false
連鎖核反應	련쇄핵반응	false	false
連鎖狀	련쇄상	false	false
連鎖狀球菌	련쇄상구균	false	false
連鎖球菌	련쇄구균	false	false
連鎖網	련쇄망	false	false
連鎖點	련쇄점	false	false
連鎖되다	련쇄되다	false	false
連鎖무리	련쇄무리	false	false
連鎖하다	련쇄하다	false	false
連防	련방	false	false
連防하다	련방하다	false	false
連除法	련제법	false	false
連陰	련음	false	false
連陸	련륙	false	false
連雀	련작	false	false
連雨	련우	false	false
連霸	련패	false	false
連音	련음	false	false
連音符	련음부	false	false
連類	련류	false	false
連飮	련음	false	false
連飮하다	련음하다	false	false
連餠	련병	false	false
連馬	련마	false	false
連馬하다	련마하다	false	false
連鷄魯蟹	련계로해	false	false
連거퍼	연거퍼	false	false
連달다	련달다	false	false
連달리다	련달리다	false	false
連닿다	련닿다	false	false
連별떼	련별떼	false	false
連이어가지치기	련이어가지치기	false	false
連잇다	련잇다	false	false
連잦다	련잦다	false	false
連하다	련하다	false	false
週幼稚園	주유치원	false	false
週日幼稚園	주일유치원	false	false
週日託兒所	주일탁아소	false	false
週期外損失時間	주기외손실시간	false	false
週期式混合機	주기식혼합기	false	false
週期式여러位置機械	주기식여러위치기계	false	false
週期式한位置機械	주기식한위치기계	false	false
週期損失時間	주기손실시간	false	false
週期的潤滑	주기적윤활	false	false
週期샘	주기샘	false	false
週期흐름	주기흐름	false	false
週託兒所	주탁아소	false	false
進取之望	진취지망	false	false
進行期癌	진행기암	false	false
遁世家	둔세가	false	false
遁甲縮地	둔갑축지	false	false
遂行機構	수행기구	false	false
遂行要素	수행요소	false	false
遂行電動機	수행전동기	false	false
遊休貨幣	유휴화페	false	false
遊園燈	유원등	false	false
遊戲	유희	false	false
遊戲劇	유희극	false	false
遊戲娛樂室	유희오락실	false	false
遊戲隊	유희대	false	false
遊星粉碎機	유성분쇄기	false	false
遊標	유표	false	false
遊標線	유표선	false	false
遊步道	유보도	false	false
遊膝風	유슬풍	false	false
遊臺	유대	false	false
遊覽군	유람군	false	false
遊賞地	유상지	false	false
遊閑民	유한민	false	false
遊間尺	유간척	false	false
遊間자	유간자	false	false
運動	운동	false	false
運動公園	운동공원	false	false
運動學的構成圖	운동학적구성도	false	false
運動學的精密度	운동학적정밀도	false	false
運動學的還元溫度	운동학적환원온도	false	false
運動客	운동객	false	false
運動系統圖	운동계통도	false	false
運動自動症	운동자동증	false	false
運動螺絲	운동나사	false	false
運動긴洋襪	운동긴양말	false	false
運動마당	운동마당	false	false
運捧	운봉	false	false
運捧하다	운봉하다	false	false
運搬機	운반기	false	false
運搬食事	운반식사	false	false
運搬食事하다	운반식사하다	false	false
運材車	운재차	false	false
運材길	운재길	false	false
運材터	운재터	false	false
運漕業	운조업	false	false
運用짐函	운용짐함	false	false
運算놀이	운산놀이	false	false
運費	운비	false	false
運輸問題	운수문제	false	false
運輸地理學	운수지리학	false	false
運輸工學	운수공학	false	false
運輸機材	운수기재	false	false
運輸船	운수선	false	false
運輸費	운수비	false	false
運輸起動隊	운수기동대	false	false
運輸路	운수로	false	false
運輸車	운수차	false	false
運輸隊	운수대	false	false
運轉員	운전원	false	false
運轉士服	운전사복	false	false
運轉接地	운전접지	false	false
運轉調整器	운전조정기	false	false
運轉변	운전변	false	false
運送집	운송집	false	false
運鑛	운광	false	false
運鑛構造	운광구조	false	false
運鑛車	운광차	false	false
運鑛되다	운광되다	false	false
運鑛하다	운광하다	false	false
過乘車	과승차	false	false
過乘車하다	과승차하다	false	false
過乾燥	과건조	false	false
過冬性	과동성	false	false
過冬性作物	과동성작물	false	false
過冬池	과동지	false	false
過冬率	과동률	false	false
過冬舍	과동사	false	false
過冷却器	과랭각기	false	false
過剩空氣곁數	과잉공기곁수	false	false
過剩論理式	과잉론리식	false	false
過剩電荷나르개	과잉전하나르개	false	false
過剩나르개	과잉나르개	false	false
過加觀念	과가관념	false	false
過勝하다	과승하다	false	false
過勞症	과로증	false	false
過半生	과반생	false	false
過去勞動	과거로동	false	false
過去持續	과거지속	false	false
過增音程	과증음정	false	false
過客살이	과객살이	false	false
過寵	과총	false	false
過差	과차	false	false
過度學習	과도학습	false	false
過強하다	과강하다	false	false
過急하다	과급하다	false	false
過捲揚	과권양	false	false
過望大悅	과망대열	false	false
過減音程	과감음정	false	false
過渡元素	과도원소	false	false
過渡的地帶	과도적지대	false	false
過渡種	과도종	false	false
過渡蜂房	과도봉방	false	false
過濕地	과습지	false	false
過熟林	과숙림	false	false
過熟알	과숙알	false	false
過甚하다	과심하다	false	false
過石肥料	과석비료	false	false
過謝	과사	false	false
過謝하다	과사하다	false	false
過責	과책	false	false
過責하다	과책하다	false	false
過辭	과사	false	false
過辭하다	과사하다	false	false
過酒	과주	false	false
過酒하다	과주하다	false	false
過酸性胃炎	과산성위염	false	false
過酸性胃病	과산성위병	false	false
遏血	알혈	false	false
遐道	하도	false	false
遒豪하다	주호하다	false	false
遒麗하다	주려하다	false	false
道中記錄	도중기록	false	false
道具活動	도구활동	false	false
道學詩歌	도학시가	false	false
道床다짐機	도상다짐기	false	false
道德敎養	도덕교양	false	false
道日報	도일보	false	false
道營	도영	false	false
道童	도동	false	false
道級	도급	false	false
道路保護林	도로보호림	false	false
道路基礎層	도로기초층	false	false
道路曲線	도로곡선	false	false
道路標識	도로표식	false	false
道路沿邊	도로연변	false	false
道路環	도로환	false	false
道路通過能力	도로통과능력	false	false
道路遠程標識	도로원정표식	false	false
道路鋪裝겉層	도로포장겉층	false	false
道路다리	도로다리	false	false
道路다짐機	도로다짐기	false	false
道路달리기	도로달리기	false	false
道路물매	도로물매	false	false
道路사귐點	도로사귐점	false	false
道高性	도고성	false	false
道黨學校	도당학교	false	false
道일군	도일군	false	false
達尊	달존	false	false
達暢하다	달창하다	false	false
違差	위차	false	false
遙遙하다	요요하다	false	false
遙遙히	요요히	false	false
遞信支店	체신지점	false	false
遞信簿記學	체신부기학	false	false
遞信統計學	체신통계학	false	false
遞信經濟學	체신경제학	false	false
遞信經營學	체신경영학	false	false
遞送中繼局	체송중계국	false	false
遞送方式	체송방식	false	false
遞送缺便	체송결편	false	false
遠心塗布機	원심도포기	false	false
遠心潤滑	원심윤활	false	false
遠心通風機	원심통풍기	false	false
遠心짐	원심짐	false	false
遠心틈막이	원심틈막이	false	false
遠志沙糖물藥	원지사탕물약	false	false
遠志단물	원지단물	false	false
遠洋배군	원양배군	false	false
遠海漁船	원해어선	false	false
遠疏하다	원소하다	false	false
遠親交接	원친교접	false	false
遠親間交接	원친간교접	false	false
遠親間雜種	원친간잡종	false	false
遠隔機雷敷設	원격기뢰부설	false	false
遠隔測定體系	원격측정체계	false	false
遠隔處理體系	원격처리체계	false	false
遣忘	견망	false	false
遣忘하다	견망하다	false	false
遨遊	오유	false	false
遨遊하다	오유하다	false	false
適均之勢	적균지세	false	false
適應化	적응화	false	false
適應操縱	적응조종	false	false
適應操縱體系	적응조종체계	false	false
適期適樹	적기적수	false	false
適視距離	적시거리	false	false
遭運	조운	false	false
遮斷信號機	차단신호기	false	false
遮斷城	차단성	false	false
遮斷壕	차단호	false	false
遮斷所	차단소	false	false
遮斷物	차단물	false	false
遮斷物密度	차단물밀도	false	false
遮斷組	차단조	false	false
遮斷綠地	차단록지	false	false
遮斷防禦	차단방어	false	false
遮日峯뱀눈나비	차일봉뱀눈나비	false	false
遮日풍	차일풍	false	false
遮蔽	차페	false	false
遮蔽地帶	차페지대	false	false
遮蔽室	차페실	false	false
遮蔽層	차페층	false	false
遮蔽巖石	차페암석	false	false
遮蔽幕	차페막	false	false
遮蔽格子	차페격자	false	false
遮蔽火力陣地	차페화력진지	false	false
遮蔽界	차페계	false	false
遮蔽線	차페선	false	false
遮蔽衣服	차페의복	false	false
遮蔽高	차페고	false	false
遮蔽되다	차페되다	false	false
遮蔽살窓	차페살창	false	false
遮蔽하다	차페하다	false	false
遮音指數	차음지수	false	false
遲延和音	지연화음	false	false
遲後	지후	false	false
遲後되다	지후되다	false	false
遲後하다	지후하다	false	false
遲滯發射	지체발사	false	false
遲發電氣雷管	지발전기뢰관	false	false
遷居	천거	false	false
遷居하다	천거하다	false	false
遷易	천이	false	false
遷葬군	천장군	false	false
遷鋪	천포	false	false
選別性	선별성	false	false
選別水채	선별수채	false	false
選手本位主義	선수본위주의	false	false
選擇指數法	선택지수법	false	false
選擇運動	선택운동	false	false
選擇물잡이	선택물잡이	false	false
選擧分區	선거분구	false	false
選擧劇	선거극	false	false
選擧桶	선거통	false	false
選擧票	선거표	false	false
選擧鬪爭	선거투쟁	false	false
選材	선재	false	false
選材工	선재공	false	false
選材하다	선재하다	false	false
選科	선과	false	false
選鑛實收率	선광실수률	false	false
選鑛系統圖	선광계통도	false	false
遺傳手術	유전수술	false	false
遺傳的危險率	유전적위험률	false	false
遺傳的腫瘍	유전적종양	false	false
遺家族年金	유가족년금	false	false
遺物動態	유물동태	false	false
遺留地形	유류지형	false	false
遺留種	유류종	false	false
遼東城	료동성	false	false
遼東城무덤	료동성무덤	false	false
遼遠視	료원시	false	false
遼遠하다	료원하다	false	false
遼遠히	료원히	false	false
遼나라	료나라	false	false
避巖窟	피암굴	false	false
避巖車窟	피암차굴	false	false
避彈界	피탄계	false	false
避身室	피신실	false	false
避身臺	피신대	false	false
邂逅致斃	해후치페	false	false
還世	환세	false	false
還元團鑛	환원단광	false	false
還元團鑛法	환원단광법	false	false
還元團鑛爐	환원단광로	false	false
還元期	환원기	false	false
還元率	환원률	false	false
還元球團鑛	환원구단광	false	false
還元精鍊	환원정련	false	false
還元精鍊되다	환원정련되다	false	false
還元精鍊하다	환원정련하다	false	false
還元鎔鍊	환원용련	false	false
還元鎔鍊되다	환원용련되다	false	false
還元鎔鍊하다	환원용련하다	false	false
還元녹임	환원녹임	false	false
還元불길	환원불길	false	false
還子쌀	환자쌀	false	false
還宅	환댁	false	false
還弊	환페	false	false
邇來	이래	false	false
邊側	변측	false	false
邊僻하다	변벽하다	false	false
邊利돈	변리돈	false	false
邊夷	변이	false	false
邊方貿易	변방무역	false	false
邊疆貿易	변강무역	false	false
邊端效果	변단효과	false	false
邊놓이	변놓이	false	false
邊놓이하다	변놓이하다	false	false
邊돈놀이	변돈놀이	false	false
邊돈놓이	변돈놓이	false	false
邊두리초籠이끼	변두리초롱이끼	false	false
邏兵	라병	false	false
邏卒	라졸	false	false
邪氣	사기	false	false
邪義	사의	false	false
邸宅	저택	false	false
郊外列車	교외렬차	false	false
郎中	랑중	false	false
郎君	랑군	false	false
郎將	랑장	false	false
郎幢	랑당	false	false
郎廳	랑청	false	false
郎廳坐起	랑청좌기	false	false
郎署	랑서	false	false
郞子	랑자	false	false
郞官	랑관	false	false
郞徒	랑도	false	false
郞扇	랑선	false	false
郞材	랑재	false	false
郞舍	랑사	false	false
郞騎馬	랑기마	false	false
郡協同農場經營委員會	군협동농장경영위원회	false	false
郡營	군영	false	false
郡經營委員會	군경영위원회	false	false
郡綜合農場	군종합농장	false	false
郡黨學校	군당학교	false	false
郡일군	군일군	false	false
部下將卒	부하장졸	false	false
部分分數展開	부분분수전개	false	false
部分體系	부분체계	false	false
部分모임	부분모임	false	false
部數印刷	부수인쇄	false	false
部數性	부수성	false	false
部材場	부재장	false	false
部材成型機	부재성형기	false	false
部門展覽會	부문전람회	false	false
部門平均原價	부문평균원가	false	false
部門統計學	부문통계학	false	false
部門黨	부문당	false	false
郭山郡	곽산군	false	false
郵便取扱便	우편취급편	false	false
郵便通信員	우편통신원	false	false
郵便集配路	우편집배로	false	false
郵務員	우무원	false	false
郵物	우물	false	false
郵票業	우표업	false	false
郵遞官	우체관	false	false
都團長	도단장	false	false
都市園林化	도시원림화	false	false
都市密度	도시밀도	false	false
都市文學	도시문학	false	false
都市環	도시환	false	false
都市綠化	도시록화	false	false
都市總計劃	도시총계획	false	false
都市風	도시풍	false	false
都市안개	도시안개	false	false
都提調	도제주	false	false
都會城	도회성	false	false
都會美	도회미	false	false
都看守	도간수	false	false
都精神	도정신	false	false
都給制	도급제	false	false
都給勞動	도급로동	false	false
都給勞動賃金形態	도급로동임금형태	false	false
都給支拂制	도급지불제	false	false
都給쟁이	도급쟁이	false	false
都貰집	도세집	false	false
都賣값	도매값	false	false
都賣치기	도매치기	false	false
鄕土愛護近衛隊	향토애호근위대	false	false
鄕土꾸리기運動	향토꾸리기운동	false	false
鄕弊	향페	false	false
鄕衙前	향아전	false	false
鄕飮射	향음사	false	false
鄙陋無雙하다	비루무쌍하다	false	false
鄰交	린교	false	false
鄰保	린보	false	false
鄰兒	린아	false	false
鄰友	린우	false	false
鄰國	린국	false	false
鄰地	린지	false	false
鄰境	린경	false	false
鄰好	린호	false	false
鄰家	린가	false	false
鄰徵	린징	false	false
鄰接	린접	false	false
鄰接同化	린접동화	false	false
鄰接科目	린접과목	false	false
鄰接角	린접각	false	false
鄰接點	린접점	false	false
鄰曲	린곡	false	false
鄰村	린촌	false	false
鄰比	린비	false	false
鄰洞	린동	false	false
鄰誼	린의	false	false
鄰近	린근	false	false
鄰近洞	린근동	false	false
鄰近處	린근처	false	false
鄰邑	린읍	false	false
鄰邦	린방	false	false
鄰郡	린군	false	false
鄰里	린리	false	false
鄰里徵	린리징	false	false
配備變更	배비변경	false	false
配備變更하다	배비변경하다	false	false
配列線	배렬선	false	false
配合式壓出器具	배합식압출기구	false	false
配合景	배합경	false	false
配合法	배합법	false	false
配合的手法	배합적수법	false	false
配合管絃樂	배합관현악	false	false
配合고무汁	배합고무즙	false	false
配合먹이	배합먹이	false	false
配定品	배정품	false	false
配定本	배정본	false	false
配彈	배탄	false	false
配彈機	배탄기	false	false
配彈하다	배탄하다	false	false
配役案	배역안	false	false
配炭	배탄	false	false
配炭場	배탄장	false	false
配炭하다	배탄하다	false	false
配置密度	배치밀도	false	false
配置狀	배치장	false	false
配電板	배전판	false	false
配電部	배전부	false	false
配音	배음	false	false
配音士	배음사	false	false
酒幕장	주막장	false	false
酒瓢	주표	false	false
酒用	주용	false	false
酒軍	주군	false	false
酒逋	주포	false	false
酒酊풀이	주정풀이	false	false
酒酊풀이하다	주정풀이하다	false	false
酒酣	주감	false	false
酣熟	감숙	false	false
酥灸	소구	false	false
酪素	락소	false	false
酪農	락농	false	false
酪農業	락농업	false	false
酪酸	락산	false	false
酵母沙糖	효모사탕	false	false
酵母먹이	효모먹이	false	false
酵母알藥	효모알약	false	false
酵素柔軟化	효소유연화	false	false
酸價蛋白質	산가단백질	false	false
酸化團鑛	산화단광	false	false
酸化期	산화기	false	false
酸化減量	산화감량	false	false
酸化瀝靑	산화력청	false	false
酸化焙燒球團鑛	산화배소구단광	false	false
酸化球團鑛	산화구단광	false	false
酸化發光熱分析	산화발광열분석	false	false
酸化還元방울재기	산화환원방울재기	false	false
酸化鑛石	산화광석	false	false
酸化농마	산화농마	false	false
酸化쇠껍질	산화쇠껍질	false	false
酸度常數	산도상수	false	false
酸性平爐行程	산성평로행정	false	false
酸性製鋼	산성제강	false	false
酸性電氣爐製鋼	산성전기로제강	false	false
酸性電爐製鋼	산성전로제강	false	false
酸性먹이	산성먹이	false	false
酸性불견딜감	산성불견딜감	false	false
酸浴	산욕	false	false
酸浴室	산욕실	false	false
酸素不足症	산소부족증	false	false
酸素分離機	산소분리기	false	false
酸素吹入法	산소취입법	false	false
酸素吹入管	산소취입관	false	false
酸素孵化法	산소부화법	false	false
酸素工	산소공	false	false
酸素水素鎔接	산소수소용접	false	false
酸素沐浴	산소목욕	false	false
酸素浴	산소욕	false	false
酸素濃化空氣	산소농화공기	false	false
酸素濃化送風	산소농화송풍	false	false
酸素石油鎔接	산소석유용접	false	false
酸素轉爐製鋼	산소전로제강	false	false
酸素酸鹽鑛物	산소산염광물	false	false
酸素電弧자름	산소전호자름	false	false
酸素꺼림性	산소꺼림성	false	false
酸素꺼림性腸中毒病	산소꺼림성장중독병	false	false
酸素따름性	산소따름성	false	false
酸素떼기	산소떼기	false	false
酸素바람爐	산소바람로	false	false
酸素빼기	산소빼기	false	false
酸素빼기감	산소빼기감	false	false
酸素숨쉬기	산소숨쉬기	false	false
酸素즐김性	산소즐김성	false	false
酸腐蝕彫刻	산부식조각	false	false
酸蝕症	산식증	false	false
酸견딜合金	산견딜합금	false	false
酸견딜性	산견딜성	false	false
酸견딜鋼	산견딜강	false	false
酸빼기	산빼기	false	false
酸썩음	산썩음	false	false
酸절임	산절임	false	false
酹酒	뢰주	false	false
酹酒하다	뢰주하다	false	false
醋국	초국	false	false
醋밑	초밑	false	false
醜亡	추망	false	false
醜亡하다	추망하다	false	false
醜像	추상	false	false
醜夷	추이	false	false
醜文	추문	false	false
醞釀期	온양기	false	false
醫務卓	의무탁	false	false
醫務成員	의무성원	false	false
醫務隊	의무대	false	false
醫學的監視	의학적감시	false	false
醫師協議制	의사협의제	false	false
醫師擔當制	의사담당제	false	false
醫師擔當區域制	의사담당구역제	false	false
醫林	의림	false	false
醫用高分子膜	의용고분자막	false	false
醫療奉仕網	의료봉사망	false	false
醫療機具工業	의료기구공업	false	false
醫療處分	의료처분	false	false
醫療隊	의료대	false	false
醫療일군	의료일군	false	false
醬工學	장공학	false	false
醬工業	장공업	false	false
醬沙器	장사기	false	false
醬甁	장병	false	false
醬가시	장가시	false	false
醬거품	장거품	false	false
醬고기	장고기	false	false
醬독자배기	장독자배기	false	false
醬물	장물	false	false
醬밥	장밥	false	false
醬볶음	장볶음	false	false
醬볶이	장볶이	false	false
醬장군	장장군	false	false
醬졸임	장졸임	false	false
醬찌개	장찌개	false	false
醱酵간醬	발효간장	false	false
醱酵먹이	발효먹이	false	false
醴酒	례주	false	false
釀具	양구	false	false
釀甕	양옹	false	false
釀酒業	양주업	false	false
里	리	false	false
里丁	리정	false	false
里中	리중	false	false
里中契	리중계	false	false
里任	리임	false	false
里坊	리방	false	false
里坊制	리방제	false	false
里徵	리징	false	false
里徵하다	리징하다	false	false
里會	리회	false	false
里正	리정	false	false
里民	리민	false	false
里的	리적	false	false
里程	리정	false	false
里程標	리정표	false	false
里級	리급	false	false
里長	리장	false	false
里門	리문	false	false
里黨	리당	false	false
重	중	false	false
重中聲	중중성	false	false
重來	중래	false	false
重來하다	중래하다	false	false
重光	중광	false	false
重力式垌뚝	중력식동뚝	false	false
重力式바다作業臺	중력식바다작업대	false	false
重力무너짐	중력무너짐	false	false
重力물결	중력물결	false	false
重包圍	중포위	false	false
重包圍陣	중포위진	false	false
重包圍되다	중포위되다	false	false
重包圍하다	중포위하다	false	false
重奏音樂	중주음악	false	false
重幕	중막	false	false
重彩畫	중채화	false	false
重懸濁液	중현탁액	false	false
重懸濁液選別	중현탁액선별	false	false
重懸濁液選別機	중현탁액선별기	false	false
重數	중수	false	false
重機防楯	중기방순	false	false
重沙探査法	중사탐사법	false	false
重浪	중랑	false	false
重火點	중화점	false	false
重生之恩	중생지은	false	false
重硫酸鹽	중류산염	false	false
重磁作用	중자작용	false	false
重絲	중사	false	false
重裀	중인	false	false
重複順列	중복순렬	false	false
重複무이	중복무이	false	false
重複뿌리	중복뿌리	false	false
重要度	중요도	false	false
重譴	중견	false	false
重讀	중독	false	false
重讀하다	중독하다	false	false
重車	중거	false	false
重輓馬	중만마	false	false
重農軍	중농군	false	false
重連牽引	중련견인	false	false
重量列車	중량렬차	false	false
重量品	중량품	false	false
重量復元性	중량복원성	false	false
重量復元팔	중량복원팔	false	false
重量感	중량감	false	false
重量物메고달리기	중량물메고달리기	false	false
重量貨物	중량화물	false	false
重量體	중량체	false	false
重동밥	중동밥	false	false
重모래	중모래	false	false
野卑스럽다	야비스럽다	false	false
野地놈	야지놈	false	false
野坰	야경	false	false
野外積載場	야외적재장	false	false
野外雞舍	야외계사	false	false
野外걸床	야외걸상	false	false
野店	야점	false	false
野心군	야심군	false	false
野心궂다	야심궂다	false	false
野心데기	야심데기	false	false
野心바가지	야심바가지	false	false
野性	야성	false	false
野戰坑道	야전갱도	false	false
野戰監視所	야전감시소	false	false
野戰築城物	야전축성물	false	false
野戰가마	야전가마	false	false
野戰밥桶	야전밥통	false	false
野戰밥가마	야전밥가마	false	false
野會	야회	false	false
野渡	야도	false	false
野溪工事	야계공사	false	false
野激하다	야격하다	false	false
野煙	야연	false	false
野營所	야영소	false	false
野營放牧	야영방목	false	false
野營舍	야영사	false	false
野營衛生	야영위생	false	false
野營閣	야영각	false	false
野營隊	야영대	false	false
野獸군	야수군	false	false
野生果實	야생과실	false	false
野生纖維	야생섬유	false	false
野生花草	야생화초	false	false
野生먹이	야생먹이	false	false
野生풀	야생풀	false	false
野界	야계	false	false
野稜線	야릉선	false	false
野聲	야성	false	false
野菜밭	야채밭	false	false
野蔓	야만	false	false
野蠻期	야만기	false	false
野蠻統治	야만통치	false	false
野諺	야언	false	false
野駝脂	야타지	false	false
野鬼	야귀	false	false
野鴨肉	야압육	false	false
野鵞	야아	false	false
野鷄冠花	야계관화	false	false
野鷄舍	야계사	false	false
量	량	false	false
量交	량교	false	false
量入計出	량입계출	false	false
量入計出하다	량입계출하다	false	false
量地	량지	false	false
量地하다	량지하다	false	false
量子	량자	false	false
量子假設	량자가설	false	false
量子力學	량자력학	false	false
量子化	량자화	false	false
量子化學	량자화학	false	false
量子數	량자수	false	false
量子數率	량자수률	false	false
量子條件	량자조건	false	false
量子發進機	량자발진기	false	false
量子移行	량자이행	false	false
量子系統物理學	량자계통물리학	false	false
量子論	량자론	false	false
量子電子學	량자전자학	false	false
量子電氣力學	량자전기력학	false	false
量子點	량자점	false	false
量子마당論	량자마당론	false	false
量宜	량의	false	false
量宜하다	량의하다	false	false
量度	량도	false	false
量度하다	량도하다	false	false
量感	량감	false	false
量案	량안	false	false
量水	량수	false	false
量水器	량수기	false	false
量水標	량수표	false	false
量水計	량수계	false	false
量水點	량수점	false	false
量水하다	량수하다	false	false
量田	량전	false	false
量田尺	량전척	false	false
量田廳	량전청	false	false
量田監官	량전감관	false	false
量田하다	량전하다	false	false
量的	량적	false	false
量的形質	량적형질	false	false
量的指標	량적지표	false	false
量的規定性	량적규정성	false	false
量的變化	량적변화	false	false
量的豫報	량적예보	false	false
量移	량이	false	false
量移하다	량이하다	false	false
量窄하다	량착하다	false	false
量재기	량재기	false	false
量재기하다	량재기하다	false	false
釐政廳	리정청	false	false
金井	금정	false	false
金亨權郡	김형권군	false	false
金亨稷郡	김형직군	false	false
金光菊	금광국	false	false
金入宅	금입댁	false	false
金具	금구	false	false
金冠무덤	금관무덤	false	false
金冠채찍벌레	금관채찍벌레	false	false
金利生活國家	금리생활국가	false	false
金剛力士	금강력사	false	false
金剛山橘빛숫돌나비	금강산귤빛숫돌나비	false	false
金剛戲弄나비	금강희롱나비	false	false
金剛紬	금강주	false	false
金剛郡	금강군	false	false
金剛국수	금강국수	false	false
金剛꽃농어	금강꽃농어	false	false
金剛내기	금강내기	false	false
金剛뽕	금강뽕	false	false
金剛작은戲弄나비	금강작은희롱나비	false	false
金力者	금력자	false	false
金堂中心式	금당중심식	false	false
金密陀	금밀타	false	false
金屑	금설	false	false
金屬刻版畫	금속각판화	false	false
金屬勞動者節	금속로동자절	false	false
金屬抵抗감	금속저항감	false	false
金屬沙器	금속사기	false	false
金屬燒結法	금속소결법	false	false
金屬腐蝕版畫	금속부식판화	false	false
金屬鐵率	금속철률	false	false
金屬鑛	금속광	false	false
金屬黑鉛솔	금속흑연솔	false	false
金屬겉面準備	금속겉면준비	false	false
金屬겉面處理	금속겉면처리	false	false
金屬박이	금속박이	false	false
金屬새김版畫	금속새김판화	false	false
金屬솔	금속솔	false	false
金屬이	금속이	false	false
金屬추서기	금속추서기	false	false
金屬환	금속환	false	false
金屬흐름性	금속흐름성	false	false
金店구뎅이	금점구뎅이	false	false
金廛군	금전군	false	false
金房	금방	false	false
金日成廣場	김일성광장	false	false
金日成競技場	김일성경기장	false	false
金曜勞動	금요로동	false	false
金正淑郡	김정숙군	false	false
金毛蟲	금모충	false	false
金毛蟲病	금모충병	false	false
金灘里遺跡	금탄리유적	false	false
金癩	금뢰	false	false
金石之學	금석지학	false	false
金石之文	금석지문	false	false
金粉종이	금분종이	false	false
金精鍊法	금정련법	false	false
金紗華衣	금사화의	false	false
金線囊	금선낭	false	false
金蓋陽傘	금개양산	false	false
金蓮花膾	금련화회	false	false
金蓮花김치	금련화김치	false	false
金蘭	금란	false	false
金蘭草	금란초	false	false
金融巨頭	금융거두	false	false
金象毛박새	금상모박새	false	false
金貯藏	금저장	false	false
金輪	금륜	false	false
金酸半集積回路	금산반집적회로	false	false
金野	금야	false	false
金野郡	금야군	false	false
金銀日色	금은일색	false	false
金銅棒	금동봉	false	false
金鑛구뎅이	금광구뎅이	false	false
金구뎅이	금구뎅이	false	false
金꿩	금꿩	false	false
金나락	금나락	false	false
金노을	금노을	false	false
金눈도미	금눈도미	false	false
金닭	금닭	false	false
金댕기새	금댕기새	false	false
金돌비늘	금돌비늘	false	false
金딸	금딸	false	false
金무늬가는밤나비	금무늬가는밤나비	false	false
金방울새	금방울새	false	false
金별勳章	금별훈장	false	false
金붕어풀	금붕어풀	false	false
金비	금비	false	false
金비둘기	금비둘기	false	false
金빛굴통벌레	금빛굴통벌레	false	false
金빛그릇버섯	금빛그릇버섯	false	false
金빛채찍벌레	금빛채찍벌레	false	false
金살조개	금살조개	false	false
金솔	금솔	false	false
金송아지	금송아지	false	false
金실魚	금실어	false	false
金싸락	금싸락	false	false
金이	금이	false	false
金이박이	금이박이	false	false
金이발	금이발	false	false
金일	금일	false	false
金쟁이	금쟁이	false	false
金줄박이	금줄박이	false	false
釘切刀	정절도	false	false
釘眼器	정안기	false	false
針盤	침판	false	false
針箱	침상	false	false
針葉毒나비	침엽독나비	false	false
針路方位法	침로방위법	false	false
針路角	침로각	false	false
釣名慾	조명욕	false	false
釣緡	조민	false	false
釣蓬	조봉	false	false
鈍劣하다	둔렬하다	false	false
鈍敏	둔민	false	false
鈍濁스럽다	둔탁스럽다	false	false
鈍濁하다	둔탁하다	false	false
鈒金	삽금	false	false
鈒金하다	삽금하다	false	false
鈴燈	령등	false	false
鈴蒸餠	령증병	false	false
鈿針	전침	false	false
鉛冶金	연야금	false	false
鉛刀	연도	false	false
鉛刀一割	연도일할	false	false
鉛沈降鎔鍊	연침강용련	false	false
鉛燒結덩어리	연소결덩어리	false	false
鉛版校正機	연판교정기	false	false
鉛版臺	연판대	false	false
鉛版鍍金	연판도금	false	false
鉛版못	연판못	false	false
鉛球	연구	false	false
鉛筆匣	연필갑	false	false
鉛筆槨	연필곽	false	false
鉛筆깎개	연필깎개	false	false
鉛筆나무	연필나무	false	false
鉛筆방아	연필방아	false	false
鉛筆속	연필속	false	false
鉛還元鎔鍊	연환원용련	false	false
鉛鎔鑛爐鎔鍊	연용광로용련	false	false
鉛鑛山	연광산	false	false
鉛電解澱物	연전해전물	false	false
鉛電解精鍊	연전해정련	false	false
鉛駑	연노	false	false
鉛黛	연대	false	false
鉛가마	연가마	false	false
鉛덩어리	연덩어리	false	false
鉛물	연물	false	false
鉛종이	연종이	false	false
銀五色나비	은오색나비	false	false
銀光色진드기	은광색진드기	false	false
銀唐鞋	은당혜	false	false
銀帳	은장	false	false
銀帳幕	은장막	false	false
銀店군	은점군	false	false
銀房집	은방집	false	false
銀斑絹	은반견	false	false
銀杏羽	은행우	false	false
銀杏따기	은행따기	false	false
銀松魚	은송어	false	false
銀樽	은준	false	false
銀水	은수	false	false
銀河별떼	은하별떼	false	false
銀泉	은천	false	false
銀泉郡	은천군	false	false
銀波	은파	false	false
銀波萬頃	은파만경	false	false
銀波郡	은파군	false	false
銀漢魚	은한어	false	false
銀甁	은병	false	false
銀箔종이	은박종이	false	false
銀粉종이	은분종이	false	false
銀紋굴통밤나비	은문굴통밤나비	false	false
銀絲紗	은사사	false	false
銀絲素紗	은사소사	false	false
銀絲실	은사실	false	false
銀綃紗	은초사	false	false
銀肥料	은비료	false	false
銀色깔따구	은색깔따구	false	false
銀蘭草	은란초	false	false
銀行統制	은행통제	false	false
銀釵法	은차법	false	false
銀鉤	은구	false	false
銀鹽滴定	은염적정	false	false
銀노을	은노을	false	false
銀닭	은닭	false	false
銀동곳	은동곳	false	false
銀무늬가는밤나비	은무늬가는밤나비	false	false
銀무늬잎굴밤나비	은무늬잎굴밤나비	false	false
銀무늬흰금날개밤나비	은무늬흰금날개밤나비	false	false
銀별豹紋나비	은별표문나비	false	false
銀별金날개밤나비	은별금날개밤나비	false	false
銀별서리밤나비	은별서리밤나비	false	false
銀보라	은보라	false	false
銀숭어	은숭어	false	false
銀싸락	은싸락	false	false
銀이	은이	false	false
銀이발	은이발	false	false
銀잎참이끼	은잎참이끼	false	false
銀줄各散무늬밤나비	은줄각산무늬밤나비	false	false
銀줄戲弄나비	은줄희롱나비	false	false
銀줄豹紋나비	은줄표문나비	false	false
銀줄무늬金날개밤나비	은줄무늬금날개밤나비	false	false
銃匣	총갑	false	false
銃口印	총구인	false	false
銃托	총탁	false	false
銃托板	총탁판	false	false
銃架木	총가목	false	false
銃榴彈	총류탄	false	false
銃水平	총수평	false	false
銃瘡	총창	false	false
銃負革	총부혁	false	false
銃身腔軸	총신강축	false	false
銃구멍자국	총구멍자국	false	false
銃끈	총끈	false	false
銃다리	총다리	false	false
銃닦개	총닦개	false	false
銃마개	총마개	false	false
銃밥	총밥	false	false
銃불	총불	false	false
銃세우개	총세우개	false	false
銃알마개	총알마개	false	false
銃알막이防牌	총알막이방패	false	false
銃자루	총자루	false	false
銃잡이	총잡이	false	false
銃질군	총질군	false	false
銃춤	총춤	false	false
銃칼政治	총칼정치	false	false
銃타박	총타박	false	false
銃타박하다	총타박하다	false	false
銃타발	총타발	false	false
銃타발하다	총타발하다	false	false
銅價	동가	false	false
銅冶金	동야금	false	false
銅懸垂式鎔鍊	동현수식용련	false	false
銅牆鐵壁	동장철벽	false	false
銅版彫刻機	동판조각기	false	false
銅版撮影	동판촬영	false	false
銅版校正機	동판교정기	false	false
銅版電子彫刻機	동판전자조각기	false	false
銅版새김그림	동판새김그림	false	false
銅硫黃鎔鍊	동류황용련	false	false
銅硫黃쇠	동류황쇠	false	false
銅箔	동박	false	false
銅箔紙	동박지	false	false
銅肥料	동비료	false	false
銅鐘	동종	false	false
銅鑄物彫刻	동주물조각	false	false
銅鑼	동라	false	false
銅電氣量計	동전기량계	false	false
銅電解澱物	동전해전물	false	false
銅빼기	동빼기	false	false
銑鐵덩이	선철덩이	false	false
銳利하다	예리하다	false	false
鋒先	봉선	false	false
鋒鋩	봉망	false	false
鋸齒狀海岸線	거치상해안선	false	false
鋼塊供給操縱	강괴공급조종	false	false
鋼塊겁	강괴겁	false	false
鋼心銅線	강심동선	false	false
鋼板글	강판글	false	false
鋼管壓延機	강관압연기	false	false
鋼鐵堰堤	강철언제	false	false
鋼鐵建具	강철건구	false	false
鋼鐵構造	강철구조	false	false
鋼鐵보	강철보	false	false
鋼鐵토시	강철토시	false	false
鋼덩이	강덩이	false	false
鋼뽈	강뽈	false	false
鋼쇠	강쇠	false	false
錄	록	false	false
錄券	록권	false	false
錄勳	록훈	false	false
錄勳되다	록훈되다	false	false
錄勳하다	록훈하다	false	false
錄名	록명	false	false
錄囚	록수	false	false
錄差	록차	false	false
錄片	록편	false	false
錄畫	록화	false	false
錄畫報道	록화보도	false	false
錄畫實況放送	록화실황방송	false	false
錄畫敎育	록화교육	false	false
錄畫機	록화기	false	false
錄畫物	록화물	false	false
錄畫講義	록화강의	false	false
錄畫되다	록화되다	false	false
錄畫띠	록화띠	false	false
錄畫하다	록화하다	false	false
錄紙	록지	false	false
錄錄하다	록록하다	false	false
錄錄히	록록히	false	false
錄音	록음	false	false
錄音便紙	록음편지	false	false
錄音員	록음원	false	false
錄音器	록음기	false	false
錄音報道	록음보도	false	false
錄音室	록음실	false	false
錄音師	록음사	false	false
錄音放送	록음방송	false	false
錄音文獻	록음문헌	false	false
錄音板	록음판	false	false
錄音物	록음물	false	false
錄音磁頭	록음자두	false	false
錄音臺本	록음대본	false	false
錄音講義	록음강의	false	false
錄音車	록음차	false	false
錄音電蓄	록음전축	false	false
錄音電送室	록음전송실	false	false
錄音音樂	록음음악	false	false
錄音體	록음체	false	false
錄音되다	록음되다	false	false
錄音하다	록음하다	false	false
錐孔干涉	추공간섭	false	false
錐孔洗滌	추공세척	false	false
錐孔流量計	추공류량계	false	false
錐孔硏究	추공연구	false	false
錐孔補修車	추공보수차	false	false
錐孔補壁	추공보벽	false	false
錐孔試料採取機	추공시료채취기	false	false
錐孔逆洗滌	추공역세척	false	false
錐孔酸處理	추공산처리	false	false
錐孔막장	추공막장	false	false
錐環	추환	false	false
錐채찍벌레	추채찍벌레	false	false
錘重	추중	false	false
錘드림線	추드림선	false	false
錚錚	쟁쟁	false	false
錚錚하다	쟁쟁하다	false	false
錢放	전방	false	false
錢放하다	전방하다	false	false
錢政	전정	false	false
錢文	전문	false	false
錢票制	전표제	false	false
錢票값	전표값	false	false
錢鈔	전초	false	false
錢망나니	전망나니	false	false
錢짝	전짝	false	false
錦綺羅紈	금기라환	false	false
錨泊場	묘박장	false	false
錨鎖갈고리	묘쇄갈고리	false	false
錨鎖받치개	묘쇄받치개	false	false
錫鍍金板	석도금판	false	false
錫靑銅	석청동	false	false
錫돌	석돌	false	false
錫종이	석종이	false	false
錯定	착정	false	false
錯定되다	착정되다	false	false
錯定하다	착정하다	false	false
錯核	착핵	false	false
錯見	착견	false	false
錯記症	착기증	false	false
鍊丹	련단	false	false
鍊丹하다	련단하다	false	false
鍊匠	련장	false	false
鍊操	련조	false	false
鍊操하다	련조하다	false	false
鍊正	련정	false	false
鍊武	련무	false	false
鍊武場	련무장	false	false
鍊武하다	련무하다	false	false
鍊熟하다	련숙하다	false	false
鍊石堰堤	련석언제	false	false
鍊磨	련마	false	false
鍊磨되다	련마되다	false	false
鍊磨하다	련마하다	false	false
鍊粗紡機	련조방기	false	false
鍊紙	련지	false	false
鍊絲匠	련사장	false	false
鍊造	련조	false	false
鍊造工	련조공	false	false
鍊造機	련조기	false	false
鍊達	련달	false	false
鍊達되다	련달되다	false	false
鍊達하다	련달하다	false	false
鍊金	련금	false	false
鍊金師	련금사	false	false
鍊金術	련금술	false	false
鍊金하다	련금하다	false	false
鍊銳	련예	false	false
鍊鍛	련단	false	false
鍊鍛되다	련단되다	false	false
鍊鍛하다	련단하다	false	false
鍍金	도금	false	false
鍍金板	도금판	false	false
鍍金鉛版	도금연판	false	false
鍍金하다	도금하다	false	false
鍛冶間	단야간	false	false
鍛造萬能집게	단조만능집게	false	false
鍛造行程	단조행정	false	false
鍛造거둠率	단조거둠률	false	false
鍛造마치	단조마치	false	false
鍛造망치	단조망치	false	false
鍛造보냄量	단조보냄량	false	false
鍵盤	건반	false	false
鍵盤鑿孔機	건반착공기	false	false
鍼柄灸	침병구	false	false
鍼놓이	침놓이	false	false
鍼놓이하다	침놓이하다	false	false
鎔射	용사	false	false
鎔射機	용사기	false	false
鎔成燐肥料	용성린비료	false	false
鎔成物	용성물	false	false
鎔接工肺症	용접공페증	false	false
鎔接效率	용접효률	false	false
鎔接熱週期	용접열주기	false	false
鎔接連結	용접련결	false	false
鎔接電弧	용접전호	false	false
鎔接革命	용접혁명	false	false
鎔接가위	용접가위	false	false
鎔接머리部	용접머리부	false	false
鎔接바가지	용접바가지	false	false
鎔接받치개	용접받치개	false	false
鎔接불	용접불	false	false
鎔接불光	용접불광	false	false
鎔接찌	용접찌	false	false
鎔接터짐	용접터짐	false	false
鎔熱	용열	false	false
鎔解場	용해장	false	false
鎔解工	용해공	false	false
鎔金	용금	false	false
鎔銑길	용선길	false	false
鎔銑남비	용선남비	false	false
鎔鋼남비	용강남비	false	false
鎔鑛爐利用곁數	용광로리용곁수	false	false
鎖肛	쇄홍	false	false
鎧鈀	개파	false	false
鎭壓密度	진압밀도	false	false
鎭水井	진수정	false	false
鎭水壁	진수벽	false	false
鎭西樓	진서루	false	false
鏃	촉	false	false
鏃귀사개	촉귀사개	false	false
鏃무음	촉무음	false	false
鏃무이	촉무이	false	false
鏃집게	촉집게	false	false
鏃홈	촉홈	false	false
鏡裏	경리	false	false
鏡鑑工藝	경감공예	false	false
鏤刻	루각	false	false
鏤金	루금	false	false
鏤金細工	루금세공	false	false
鏤金하다	루금하다	false	false
鐘手	종수	false	false
鐘時計	종시계	false	false
鐘時間表	종시간표	false	false
鐘模樣꽃갓	종모양꽃갓	false	false
鐘針	종침	false	false
鐘떡다리버섯	종떡다리버섯	false	false
鐘망치	종망치	false	false
鐘바늘	종바늘	false	false
鐘수레벌레	종수레벌레	false	false
鐵共振電壓安定器	철공진전압안정기	false	false
鐵原郡	철원군	false	false
鐵帽子	철모자	false	false
鐵彩釉	철채유	false	false
鐵板屈曲機	철판굴곡기	false	false
鐵板彎曲機	철판만곡기	false	false
鐵板防水	철판방수	false	false
鐵板대기	철판대기	false	false
鐵板딱지조개	철판딱지조개	false	false
鐵板보	철판보	false	false
鐵桶魚雷	철통어뢰	false	false
鐵條壓延機	철조압연기	false	false
鐵椎	철추	false	false
鐵椎던지기	철추던지기	false	false
鐵槌던지기	철퇴던지기	false	false
鐵渠	철거	false	false
鐵甲	철갑	false	false
鐵甲核心彈	철갑핵심탄	false	false
鐵甲自動車	철갑자동차	false	false
鐵甲艦	철갑함	false	false
鐵皮	철피	false	false
鐵石心臟	철석심장	false	false
鐵砲臺	철포대	false	false
鐵示板	철시판	false	false
鐵筆그림	철필그림	false	false
鐵筋延伸機	철근연신기	false	false
鐵筋引拔機	철근인발기	false	false
鐵筋彎曲機	철근만곡기	false	false
鐵筋矯正切斷機	철근교정절단기	false	false
鐵筋구부리개	철근구부리개	false	false
鐵筋그물	철근그물	false	false
鐵筋발대	철근발대	false	false
鐵筋살틀	철근살틀	false	false
鐵精鑛	철정광	false	false
鐵系燒結쓸림材料	철계소결쓸림재료	false	false
鐵線그물	철선그물	false	false
鐵質硅巖	철질규암	false	false
鐵路뚝	철로뚝	false	false
鐵路품	철로품	false	false
鐵軀金心	철구금심	false	false
鐵車	철차	false	false
鐵軍	철군	false	false
鐵道專用線	철도전용선	false	false
鐵道自動化	철도자동화	false	false
鐵道電氣化	철도전기화	false	false
鐵道건늠길	철도건늠길	false	false
鐵道짐	철도짐	false	false
鐵鑛가시뼈벌레	철광가시뼈벌레	false	false
鐵陣	철진	false	false
鐵隕石	철운석	false	false
鐵頭具	철두구	false	false
鐵길員	철길원	false	false
鐵길標	철길표	false	false
鐵길立體다리	철길립체다리	false	false
鐵길等級	철길등급	false	false
鐵길自動車	철길자동차	false	false
鐵길補修	철길보수	false	false
鐵길距離標	철길거리표	false	false
鐵길車	철길차	false	false
鐵길隊	철길대	false	false
鐵길가름標	철길가름표	false	false
鐵길건늠다리	철길건늠다리	false	false
鐵길다리	철길다리	false	false
鐵길들개	철길들개	false	false
鐵길들기	철길들기	false	false
鐵길뚝	철길뚝	false	false
鐵길막이	철길막이	false	false
鐵길받침木	철길받침목	false	false
鐵길보	철길보	false	false
鐵길자	철길자	false	false
鐵껍질	철껍질	false	false
鐵동발	철동발	false	false
鐵띠	철띠	false	false
鐵뭉치	철뭉치	false	false
鐵배	철배	false	false
鐵보	철보	false	false
鐵불	철불	false	false
鐵의論理	철의론리	false	false
鐵집	철집	false	false
鐵쪼박	철쪼박	false	false
鑄塊型	주괴형	false	false
鑄物型	주물형	false	false
鑄物沙落	주물사락	false	false
鑄物겁	주물겁	false	false
鑄物찰흙	주물찰흙	false	false
鑄造工藝	주조공예	false	false
鑄鐵부음機	주철부음기	false	false
鑑賞모임	감상모임	false	false
鑛夫節	광부절	false	false
鑛山壓縮機	광산압축기	false	false
鑛山捲楊機	광산권양기	false	false
鑛山長	광산장	false	false
鑛山電車	광산전차	false	false
鑛床水文地質學	광상수문지질학	false	false
鑛床生成時代	광상생성시대	false	false
鑛族	광족	false	false
鑛業地區	광업지구	false	false
鑛泉吸入	광천흡입	false	false
鑛泉灌腸	광천관장	false	false
鑛泉療養地	광천료양지	false	false
鑛泉療養所	광천료양소	false	false
鑛液分配機	광액분배기	false	false
鑛液攪拌	광액교반	false	false
鑛液攪拌機	광액교반기	false	false
鑛滓口	광재구	false	false
鑛滓肥料	광재비료	false	false
鑛滓솜	광재솜	false	false
鑛物化段階	광물화단계	false	false
鑛物性東藥劑	광물성동약제	false	false
鑛物性顔料	광물성안료	false	false
鑛物性기름	광물성기름	false	false
鑛物段丘	광물단구	false	false
鑛物物理化學	광물물리화학	false	false
鑛物質化	광물질화	false	false
鑛物質먹이	광물질먹이	false	false
鑛物거품	광물거품	false	false
鑛物결	광물결	false	false
鑛物굳기	광물굳기	false	false
鑛物깬자리	광물깬자리	false	false
鑛石露頭	광석로두	false	false
鑛石體	광석체	false	false
鑛石내기	광석내기	false	false
鑛石벌	광석벌	false	false
鑛石뽑기	광석뽑기	false	false
鑛石싹	광석싹	false	false
鑛石씻기	광석씻기	false	false
鑛石앙금	광석앙금	false	false
鑛石채워캐기法	광석채워캐기법	false	false
鑛石캐기	광석캐기	false	false
鑛車뒤집개	광차뒤집개	false	false
鑛體追跡	광체추적	false	false
鑛鹽	광염	false	false
鑛구뎅이	광구뎅이	false	false
鑛굴	광굴	false	false
鑛줄기	광줄기	false	false
鑞染	랍염	false	false
鑞染하다	랍염하다	false	false
鑞牌	랍패	false	false
鑞箋紙	랍전지	false	false
鑞衣	랍의	false	false
鑢紙	려지	false	false
鑼	라	false	false
鑼手	라수	false	false
鑽灼	찬작	false	false
鑽灼하다	찬작하다	false	false
鑿巖臺車	착암대차	false	false
長	장	false	false
長人	장인	false	false
長倚音	장의음	false	false
長利말	장리말	false	false
長壽山城	장수산성	false	false
長婦	장부	false	false
長字	장자	false	false
長安	장안	false	false
長安城	장안성	false	false
長尺	장척	false	false
長尾닭	장미닭	false	false
長幕歌劇	장막가극	false	false
長幕輕戲劇	장막경희극	false	false
長弟	장제	false	false
長所美點	장소미점	false	false
長技動作	장기동작	false	false
長提	장제	false	false
長提하다	장제하다	false	false
長斫모태	장작모태	false	false
長日性남새	장일성남새	false	false
長期세기	장기세기	false	false
長樂	장락	false	false
長樂하다	장락하다	false	false
長江郡	장강군	false	false
長物	장물	false	false
長留	장류	false	false
長留하다	장류하다	false	false
長眉꼬리	장미꼬리	false	false
長短繡	장단수	false	false
長纓	장영	false	false
長聲	장성	false	false
長處	장처	false	false
長講談	장강담	false	false
長谷流水	장곡류수	false	false
長距離陸上選手	장거리륙상선수	false	false
長銃隊	장총대	false	false
長鑱	장참	false	false
長間	장간	false	false
長鬚고래	장수고래	false	false
長鼓	장고	false	false
長가지	장가지	false	false
長겨울	장겨울	false	false
長길이	장길이	false	false
長길이床	장길이상	false	false
長낮	장낮	false	false
長눈섭	장눈섭	false	false
長대	장대	false	false
長대木	장대목	false	false
長대治粧	장대치장	false	false
長대病	장대병	false	false
長대盜賊	장대도적	false	false
長대나무	장대나무	false	false
長대너비뛰기	장대너비뛰기	false	false
長대뛰기臺	장대뛰기대	false	false
長대벼	장대벼	false	false
長대통	장대통	false	false
長떼	장떼	false	false
長못	장못	false	false
長밤	장밤	false	false
長솔	장솔	false	false
長지레대	장지레대	false	false
門前哨	문전초	false	false
門前結束	문전결속	false	false
門前고논	문전고논	false	false
門區域	문구역	false	false
門回路	문회로	false	false
門境板	문경판	false	false
門外人	문외인	false	false
門帳褓	문장보	false	false
門投	문투	false	false
門摺鐵	문접철	false	false
門簾子	문렴자	false	false
門線	문선	false	false
門脈高壓症	문맥고압증	false	false
門褓	문보	false	false
門蹴	문축	false	false
門通	문통	false	false
門가름대	문가름대	false	false
門녘	문녘	false	false
門던지기	문던지기	false	false
門밖차림	문밖차림	false	false
門어구	문어구	false	false
門지기	문지기	false	false
門지기技術	문지기기술	false	false
門지기掌匣	문지기장갑	false	false
門지기공	문지기공	false	false
門지기공던지기	문지기공던지기	false	false
門짬	문짬	false	false
門쩌귀	문쩌귀	false	false
門차기	문차기	false	false
門칸	문칸	false	false
門턱稅	문턱세	false	false
門틀동발	문틀동발	false	false
門틀보	문틀보	false	false
閃互光	섬호광	false	false
閃光셈管	섬광셈관	false	false
閃暗光	섬암광	false	false
閉口無言하다	페구무언하다	false	false
閉塞電話	페색전화	false	false
閉室鐘	페실종	false	false
閉幕式	페막식	false	false
閉幕辭	페막사	false	false
閉講式	페강식	false	false
閉講辭	페강사	false	false
閉鎖經濟	페쇄경제	false	false
開俵機	개표기	false	false
開剃	개제	false	false
開剃하다	개제하다	false	false
開化層	개화층	false	false
開化杖찜질	개화장찜질	false	false
開化重合	개화중합	false	false
開化군	개화군	false	false
開城直割市	개성직할시	false	false
開始劑效率	개시제효률	false	false
開始樂	개시악	false	false
開始音樂	개시음악	false	false
開放式돼지우리	개방식돼지우리	false	false
開放式우리	개방식우리	false	false
開放性運動	개방성운동	false	false
開放敎授	개방교수	false	false
開放敎育	개방교육	false	false
開放試驗	개방시험	false	false
開放除塵室	개방제진실	false	false
開書	개서	false	false
開營	개영	false	false
開營式	개영식	false	false
開營辭	개영사	false	false
開發坑道	개발갱도	false	false
開管試驗	개관시험	false	false
開簡	개간	false	false
開繭機	개견기	false	false
開豁陣地	개활진지	false	false
開通伐	개통벌	false	false
開閉	개페	false	false
開閉器	개페기	false	false
開閉式	개페식	false	false
開閉所	개페소	false	false
開閉橋	개페교	false	false
開閉門	개페문	false	false
開閉되다	개페되다	false	false
開閉하다	개페하다	false	false
開離配置	개리배치	false	false
閏冬至달	윤동지달	false	false
閑丁	한정	false	false
閑散勞動	한산로동	false	false
閑談文	한담문	false	false
間壁門	간벽문	false	false
間層	간층	false	false
間帶性	간대성	false	false
間接傳達	간접전달	false	false
間接傳達法	간접전달법	false	false
間接傳達語	간접전달어	false	false
間接勞力	간접로력	false	false
間接勞動	간접로동	false	false
間接反則	간접반칙	false	false
間接操縱方式	간접조종방식	false	false
間接故意	간접고의	false	false
間接格	간접격	false	false
間接測定	간접측정	false	false
間接熱源	간접열원	false	false
間接罰차기	간접벌차기	false	false
間接補語	간접보어	false	false
間接製版	간접제판	false	false
間接談話法	간접담화법	false	false
間接都給支拂制	간접도급지불제	false	false
間接附加稅	간접부가세	false	false
間接말새기	간접말새기	false	false
間歇浴	간헐욕	false	false
間歇湖	간헐호	false	false
間歲	간세	false	false
間直	간직	false	false
間色질	간색질	false	false
間諜暗害分者	간첩암해분자	false	false
間諜機	간첩기	false	false
間諜破壞分者	간첩파괴분자	false	false
間諜衛星網	간첩위성망	false	false
間諜走狗	간첩주구	false	false
間諜飛行機	간첩비행기	false	false
間諜잡이	간첩잡이	false	false
間閣	간각	false	false
間隔損失	간격손실	false	false
間隙嵌合	간극감합	false	false
間걸이	간걸이	false	false
間두렁	간두렁	false	false
間막紙	간막지	false	false
間막이壁	간막이벽	false	false
間막이琉璃	간막이유리	false	false
間막이널	간막이널	false	false
間막종이	간막종이	false	false
間살	간살	false	false
閘室案內壁	갑실안내벽	false	false
閘室門	갑실문	false	false
閘門信號	갑문신호	false	false
閘門化	갑문화	false	false
閘門埠頭	갑문부두	false	false
閘門堰堤	갑문언제	false	false
閘門接近水路	갑문접근수로	false	false
閘門發電所	갑문발전소	false	false
閘門貯水池	갑문저수지	false	false
閘門머리部	갑문머리부	false	false
閘門물消費量	갑문물소비량	false	false
閘門물키	갑문물키	false	false
閣下	각하	false	false
閤下	합하	false	false
閨奧	규오	false	false
閨裏	규리	false	false
閭家	려가	false	false
閭家奪入	려가탈입	false	false
閭巷	려항	false	false
閭巷人	려항인	false	false
閭巷坊曲	려항방곡	false	false
閭巷間	려항간	false	false
閭里	려리	false	false
閭閻	려염	false	false
閭閻家	려염가	false	false
閭閻집	려염집	false	false
閱兵	열병	false	false
閱兵示威	열병시위	false	false
閱兵行進	열병행진	false	false
閱兵隊伍	열병대오	false	false
閹然하다	엄연하다	false	false
閻羅老子	염라로자	false	false
閻魔귀뚜라미	염마귀뚜라미	false	false
闊紬布	활주포	false	false
闋服者	결복자	false	false
闌入	란입	false	false
闌入하다	란입하다	false	false
闌門	란문	false	false
闒茸하다	탑용하다	false	false
闕到	궐도	false	false
闕損	궐손	false	false
闕點	궐점	false	false
闖敵	츰적	false	false
關	관	false	false
關係形容詞	관계형용사	false	false
關山隔絕	관산격절	false	false
關稅地域	관세지역	false	false
關稅律	관세률	false	false
關稅標準價格	관세표준가격	false	false
關稅率表	관세률표	false	false
關節半달盤	관절반달반	false	false
關節盤	관절반	false	false
關鍵裝置	관건장치	false	false
關門主義	관문주의	false	false
關門都市	관문도시	false	false
防振帶	방진대	false	false
防振構造	방진구조	false	false
防水材	방수재	false	false
防潮堤法線	방조제법선	false	false
防潮堤豫定線	방조제예정선	false	false
防潮堤마감막이	방조제마감막이	false	false
防濕管	방습관	false	false
防火彈	방화탄	false	false
防火系統	방화계통	false	false
防熱신	방열신	false	false
防爆뚝	방폭뚝	false	false
防牌地	방패지	false	false
防牌동발	방패동발	false	false
防牌받이	방패받이	false	false
防牌받이하다	방패받이하다	false	false
防牌손톱地衣	방패손톱지의	false	false
防牌조개	방패조개	false	false
防疫通報	방역통보	false	false
防禦前緣	방어전연	false	false
防禦地帶	방어지대	false	false
防禦手	방어수	false	false
防禦隊	방어대	false	false
防空幕	방공막	false	false
防空窟	방공굴	false	false
防築	방축	false	false
防築뚝	방축뚝	false	false
防綠塗料	방녹도료	false	false
防舷施設	방현시설	false	false
防蝕材	방식재	false	false
防衛戰	방위전	false	false
防遮	방차	false	false
防遮隊	방차대	false	false
防遮하다	방차하다	false	false
防雪布	방설포	false	false
防뚝	방뚝	false	false
阻礙射擊	조애사격	false	false
阻障	조장	false	false
阿仙藥	아선약	false	false
阿仙藥나무	아선약나무	false	false
阿姑	아고	false	false
阿片담배	아편담배	false	false
阿片열매깍지	아편열매깍지	false	false
阿諂分子	아첨분자	false	false
阿諂군	아첨군	false	false
陀羅尼石幢	다라니석당	false	false
附七和音	부칠화음	false	false
附加生殖腺	부가생식선	false	false
附加重縮合	부가중축합	false	false
附屬地	부속지	false	false
附帶判定	부대판정	false	false
附帶勞力	부대로력	false	false
附帶生産	부대생산	false	false
附帶職場	부대직장	false	false
附着卵	부착란	false	false
附缸療法	부항료법	false	false
附聲	부성	false	false
附高氣壓	부고기압	false	false
陋俗	루속	false	false
陋名	루명	false	false
陋室	루실	false	false
陋巷	루항	false	false
陋巷簞瓢	루항단표	false	false
陋德	루덕	false	false
陋習	루습	false	false
陋舍	루사	false	false
陋見	루견	false	false
陋醜하다	루추하다	false	false
陋風	루풍	false	false
降下爆擊	강하폭격	false	false
降下物	강하물	false	false
降神節	강신절	false	false
降雨機灌水	강우기관수	false	false
降雨灌水	강우관수	false	false
降雨裝置	강우장치	false	false
限定語	한정어	false	false
限定量	한정량	false	false
限度行票	한도행표	false	false
限度돈票	한도돈표	false	false
限死決死	한사결사	false	false
限死決死하다	한사결사하다	false	false
限流器	한류기	false	false
限界勾配	한계구배	false	false
限界線標識臺	한계선표식대	false	false
限界門	한계문	false	false
限界顯微鏡	한계현미경	false	false
限界물깊이	한계물깊이	false	false
限界짐	한계짐	false	false
陛見	페견	false	false
陟里	척리	false	false
院士	원사	false	false
陣營	진영	false	false
陣놀이	진놀이	false	false
陣놀이하다	진놀이하다	false	false
陣치기	진치기	false	false
陣치기놀이	진치기놀이	false	false
除塵物	제진물	false	false
除塵窓	제진창	false	false
除法記號	제법기호	false	false
除耗	제모	false	false
除耗하다	제모하다	false	false
除草期	제초기	false	false
除隊休暇	제대휴가	false	false
除隊章	제대장	false	false
除障器	제장기	false	false
除骨	제골	false	false
陰	음	false	false
陰人	음인	false	false
陰形母音	음형모음	false	false
陰影撮影	음영촬영	false	false
陰性平衡	음성평형	false	false
陰性鍍金	음성도금	false	false
陰極地帶	음극지대	false	false
陰極檢波	음극검파	false	false
陰歸	음귀	false	false
陰歸하다	음귀하다	false	false
陰沈맞다	음침맞다	false	false
陰版製版	음판제판	false	false
陰畫寫眞	음화사진	false	false
陰謀쟁이	음모쟁이	false	false
陰質	음질	false	false
陰陽術客	음양술객	false	false
陰陽配合	음양배합	false	false
陰鬱하다	음울하다	false	false
陰달	음달	false	false
陳	진	false	false
陳列	진렬	false	false
陳列臺	진렬대	false	false
陳列되다	진렬되다	false	false
陳列하다	진렬하다	false	false
陳名	진명	false	false
陳外戚	진외척	false	false
陳太	진태	false	false
陳廢田	진페전	false	false
陳述性	진술성	false	false
陳述語	진술어	false	false
陳述部	진술부	false	false
陵	릉	false	false
陵上	릉상	false	false
陵丘	릉구	false	false
陵令	릉령	false	false
陵位田	릉위전	false	false
陵參奉	릉참봉	false	false
陵司	릉사	false	false
陵園	릉원	false	false
陵園墓所	릉원묘소	false	false
陵垓子	릉해자	false	false
陵墓	릉묘	false	false
陵墓彫刻	릉묘조각	false	false
陵官	릉관	false	false
陵寒山城	릉한산성	false	false
陵寢	릉침	false	false
陵屬	릉속	false	false
陵幸	릉행	false	false
陵幸服色	릉행복색	false	false
陵幸하다	릉행하다	false	false
陵役	릉역	false	false
陵復	릉복	false	false
陵所	릉소	false	false
陵畓	릉답	false	false
陵碑	릉비	false	false
陵號	릉호	false	false
陵谷	릉곡	false	false
陵谷之變	릉곡지변	false	false
陵軍	릉군	false	false
陵軍保	릉군보	false	false
陵遲	릉지	false	false
陵遲處斬	릉지처참	false	false
陵遲處死	릉지처사	false	false
陵郞	릉랑	false	false
陶瓷박이	도자박이	false	false
陷地	함지	false	false
陸上	륙상	false	false
陸上堆積物	륙상퇴적물	false	false
陸上標識	륙상표식	false	false
陸上機	륙상기	false	false
陸上生態系	륙상생태계	false	false
陸上競技	륙상경기	false	false
陸上競技場	륙상경기장	false	false
陸上運材學	륙상운재학	false	false
陸上飛行機	륙상비행기	false	false
陸上고무路	륙상고무로	false	false
陸上신	륙상신	false	false
陸兵	륙병	false	false
陸半球	륙반구	false	false
陸圈	륙권	false	false
陸地	륙지	false	false
陸地凍結水	륙지동결수	false	false
陸地水文學	륙지수문학	false	false
陸地輸送	륙지수송	false	false
陸地閘門	륙지갑문	false	false
陸地龍올림	륙지룡올림	false	false
陸地꽃버들	륙지꽃버들	false	false
陸地물	륙지물	false	false
陸地살이	륙지살이	false	false
陸地섬	륙지섬	false	false
陸地쌓임層	륙지쌓임층	false	false
陸島	륙도	false	false
陸帶	륙대	false	false
陸帶型褶曲	륙대형습곡	false	false
陸床모	륙상모	false	false
陸床모板	륙상모판	false	false
陸成層	륙성층	false	false
陸戰	륙전	false	false
陸戰兵	륙전병	false	false
陸戰法規	륙전법규	false	false
陸戰隊	륙전대	false	false
陸揚	륙양	false	false
陸松	륙송	false	false
陸棚崖	륙붕애	false	false
陸棚帶	륙붕대	false	false
陸棚波	륙붕파	false	false
陸棲	륙서	false	false
陸棲하다	륙서하다	false	false
陸標	륙표	false	false
陸橋	륙교	false	false
陸水	륙수	false	false
陸水學	륙수학	false	false
陸水生態系	륙수생태계	false	false
陸沈	륙침	false	false
陸海空軍	륙해공군	false	false
陸海軍	륙해군	false	false
陸源性堆積層	륙원성퇴적층	false	false
陸珍海味	륙진해미	false	false
陸生	륙생	false	false
陸生하다	륙생하다	false	false
陸産	륙산	false	false
陸産物	륙산물	false	false
陸田	륙전	false	false
陸稻	륙도	false	false
陸稻米	륙도미	false	false
陸空軍	륙공군	false	false
陸繫島	륙계도	false	false
陸續	륙속	false	false
陸續하다	륙속하다	false	false
陸行	륙행	false	false
陸行하다	륙행하다	false	false
陸路	륙로	false	false
陸軍	륙군	false	false
陸軍幼年學校	륙군유년학교	false	false
陸軟風	륙연풍	false	false
陸運	륙운	false	false
陸鎭將	륙진장	false	false
陸風	륙풍	false	false
陸駄	륙태	false	false
陸모	륙모	false	false
陸모板	륙모판	false	false
陽傘풍	양산풍	false	false
陽六	양륙	false	false
陽地받이	양지받이	false	false
陽地짝	양지짝	false	false
陽夏	양하	false	false
陽居	양거	false	false
陽居하다	양거하다	false	false
陽山道장단	양산도장단	false	false
陽德콩	양덕콩	false	false
陽性平衡	양성평형	false	false
陽扶陰抑	양부음억	false	false
陽扶陰抑하다	양부음억하다	false	false
陽極保護法	양극보호법	false	false
陽極地帶	양극지대	false	false
陽版	양판	false	false
陽版製版	양판제판	false	false
陽物	양물	false	false
陽福	양복	false	false
陽陽하다	양양하다	false	false
陽달植物	양달식물	false	false
隅側旗	우측기	false	false
隅齒	우치	false	false
隆冬	륭동	false	false
隆冬雪寒	륭동설한	false	false
隆寒	륭한	false	false
隆崇하다	륭숭하다	false	false
隆昌하다	륭창하다	false	false
隆暑	륭서	false	false
隆準	륭준	false	false
隆熱	륭열	false	false
隆盛	륭성	false	false
隆盛期	륭성기	false	false
隆盛繁榮	륭성번영	false	false
隆盛繁榮하다	륭성번영하다	false	false
隆盛하다	륭성하다	false	false
隆老	륭로	false	false
隆老人	륭로인	false	false
隆興	륭흥	false	false
隆興期	륭흥기	false	false
隆興하다	륭흥하다	false	false
隆起	륭기	false	false
隆起型腫瘍	륭기형종양	false	false
隆起山地	륭기산지	false	false
隆起島	륭기도	false	false
隆起海岸	륭기해안	false	false
隆起하다	륭기하다	false	false
隆重하다	륭중하다	false	false
隆隆하다	륭륭하다	false	false
隆顔樂	륭안악	false	false
隆鼻	륭비	false	false
隆鼻術	륭비술	false	false
隊列動作	대렬동작	false	false
隊列感謝	대렬감사	false	false
隊列敬禮	대렬경례	false	false
隊列機	대렬기	false	false
隊列檢閱	대렬검열	false	false
隊列車	대렬차	false	false
隊外	대외	false	false
隊旗	대기	false	false
隊號	대호	false	false
階層集團	계층집단	false	false
階數	계수	false	false
階段式冷凍機	계단식랭동기	false	false
階段式壓延機	계단식압연기	false	false
階段式操縱體系	계단식조종체계	false	false
階段式色그리기	계단식색그리기	false	false
階段式選鑛	계단식선광	false	false
階段式살림집	계단식살림집	false	false
階段昇降機	계단승강기	false	false
階段燒硬	계단소경	false	false
階段狀景觀	계단상경관	false	false
階段詩	계단시	false	false
階段隊形	계단대형	false	false
階段音	계단음	false	false
階段돌	계단돌	false	false
階段쐐기	계단쐐기	false	false
階稱範疇	계칭범주	false	false
階稱토	계칭토	false	false
階級分化	계급분화	false	false
階級協調論	계급협조론	false	false
階級妥協論	계급타협론	false	false
階級廢絕	계급페절	false	false
階級心理	계급심리	false	false
階級性	계급성	false	false
階級政策	계급정책	false	false
階級敎養	계급교양	false	false
階級的分解	계급적분해	false	false
階級的原則	계급적원칙	false	false
階級解放	계급해방	false	false
階級路線	계급로선	false	false
隔室堰堤	격실언제	false	false
隔膜壓力計	격막압력계	false	false
隔膜跳汰機	격막조태기	false	false
隔輪作	격륜작	false	false
隔閉	격페	false	false
隔離同化	격리동화	false	false
隔離板	격리판	false	false
隔離檢疫못	격리검역못	false	false
隔離病房	격리병방	false	false
隔離우리	격리우리	false	false
障塞	장색	false	false
障塞되다	장색되다	false	false
障礙	장애	false	false
障礙安定符號	장애안정부호	false	false
障礙機	장애기	false	false
障礙送信機	장애송신기	false	false
障礙달리기	장애달리기	false	false
障礙틀	장애틀	false	false
障翳	장예	false	false
隨伴員	수반원	false	false
隨伴症	수반증	false	false
隨伴鑛物	수반광물	false	false
隨卽	수즉	false	false
隨從군	수종군	false	false
隨意筋肉	수의근육	false	false
隨身登	수신등	false	false
險턱	험턱	false	false
隱蔽	은페	false	false
隱蔽劑	은페제	false	false
隱蔽築成物	은페축성물	false	false
隱蔽하다	은페하다	false	false
隱蔽홈	은페홈	false	false
隱隱하다	은은하다	false	false
隷僕	례복	false	false
雀蘭花	작란화	false	false
雁帝	안제	false	false
雁影	안영	false	false
雄居	웅거	false	false
雄性붙임性	웅성붙임성	false	false
雄才武略	웅재무략	false	false
雄深깊다	웅심깊다	false	false
雄深깊이	웅심깊이	false	false
雄精器	웅정기	false	false
雄羔	웅고	false	false
雄談峻論	웅담준론	false	false
雄辯客	웅변객	false	false
雄黃石	웅황석	false	false
雄깊다	웅깊다	false	false
雅俗樂	아속악	false	false
雅客	아객	false	false
雅志	아지	false	false
雅文	아문	false	false
雅歌	아가	false	false
雅淡지다	아담지다	false	false
雅淡하다	아담하다	false	false
雅淡히	아담히	false	false
雅澹하다	아담하다	false	false
雅澹히	아담히	false	false
雅鬢	아빈	false	false
集中指導	집중지도	false	false
集中指揮	집중지휘	false	false
集中指揮하다	집중지휘하다	false	false
集中的誤謬	집중적오유	false	false
集中砲火	집중포화	false	false
集中線形	집중선형	false	false
集中線形하다	집중선형하다	false	false
集中編輯	집중편집	false	false
集中編輯되다	집중편집되다	false	false
集中編輯하다	집중편집하다	false	false
集中貨物驛	집중화물역	false	false
集中配置	집중배치	false	false
集中配置하다	집중배치하다	false	false
集光재개	집광재개	false	false
集光쪼임治療法	집광쪼임치료법	false	false
集合管	집합관	false	false
集合語	즙합어	false	false
集團器具運動	집단기구운동	false	false
集團的所有	집단적소유	false	false
集團經理	집단경리	false	false
集團編成	집단편성	false	false
集團部落	집단부락	false	false
集團防禦戰術	집단방어전술	false	false
集團體操造形	집단체조조형	false	false
集團갑작變異	집단갑작변이	false	false
集團달리기	집단달리기	false	false
集團우물	집단우물	false	false
集團추림育種法	집단추림육종법	false	false
集土場	집토장	false	false
集會處	집회처	false	false
集材工	집재공	false	false
集材索道	집재삭도	false	false
集約農法	집약농법	false	false
集結列車	집결렬차	false	false
集緖機	집서기	false	false
集聖香	집성향	false	false
集配列車	집배렬차	false	false
集體	집체	false	false
集體感謝	집체감사	false	false
集體的唯一審議	집체적유일심의	false	false
集體的指導	집체적지도	false	false
集體的談話	집체적담화	false	false
集體的領導	집체적령도	false	false
集體運動	집체운동	false	false
集體飛行	집체비행	false	false
雇傭分子	고용분자	false	false
雇傭勞力	고용로력	false	false
雇傭勞動者	고용로동자	false	false
雇傭學者	고용학자	false	false
雇傭軍	고용군	false	false
雇傭軍隊	고용군대	false	false
雇傭間諜	고용간첩	false	false
雇傭살이根性	고용살이근성	false	false
雇農군	고농군	false	false
雙二極管	쌍이극관	false	false
雙動	쌍동	false	false
雙唱	쌍창	false	false
雙子眞空管	쌍자진공관	false	false
雙對體系	쌍대체계	false	false
雙帆	쌍범	false	false
雙括弧	쌍괄호	false	false
雙方向操縱用整流素子	쌍방향조종용정류소자	false	false
雙暗車	쌍암차	false	false
雙曲線速度	쌍곡선속도	false	false
雙曲齒車	쌍곡치차	false	false
雙極性三極素子	쌍극성삼극소자	false	false
雙槨무덤	쌍곽무덤	false	false
雙櫓	쌍노	false	false
雙櫓박이	쌍노박이	false	false
雙步哨	쌍보초	false	false
雙焜爐	쌍곤로	false	false
雙獵銃	쌍렵총	false	false
雙癭腫管水母	쌍영종관수모	false	false
雙瞬間공때리기	쌍순간공때리기	false	false
雙福	쌍복	false	false
雙童이	쌍동이	false	false
雙競技	쌍경기	false	false
雙筒그물	쌍통그물	false	false
雙簧樂器	쌍황악기	false	false
雙葉形그물치기	쌍엽형그물치기	false	false
雙行	쌍행	false	false
雙行程	쌍행정	false	false
雙行程磁氣增幅器	쌍행정자기증폭기	false	false
雙行程自勵自變換器	쌍행정자려자변환기	false	false
雙行하다	쌍행하다	false	false
雙身高射銃	쌍신고사총	false	false
雙車	쌍차	false	false
雙金屬壓延	쌍금속압연	false	false
雙針制動機	쌍침제동기	false	false
雙鉤吸蟲病	쌍구흡충병	false	false
雙飜譯	쌍번역	false	false
雙馬前進	쌍마전진	false	false
雙가다리	쌍가다리	false	false
雙가달	쌍가달	false	false
雙가지치기	쌍가지치기	false	false
雙가짐	쌍가짐	false	false
雙갈	쌍갈	false	false
雙거푸집	쌍거푸집	false	false
雙귀包	쌍귀포	false	false
雙귀馬	쌍귀마	false	false
雙기둥式平削盤	쌍기둥식평삭반	false	false
雙꼬리숫돌나비	쌍꼬리숫돌나비	false	false
雙나란하다	쌍나란하다	false	false
雙날개	쌍날개	false	false
雙다듬이질	쌍다듬이질	false	false
雙다듬이질하다	쌍다듬이질하다	false	false
雙도르래	쌍도르래	false	false
雙도리깨	쌍도리깨	false	false
雙둥밤	쌍둥밤	false	false
雙둥버들	쌍둥버들	false	false
雙둥이分析法	쌍둥이분석법	false	false
雙둥이별자리	쌍둥이별자리	false	false
雙목도	쌍목도	false	false
雙목도하다	쌍목도하다	false	false
雙무늬길벌	쌍무늬길벌	false	false
雙바가지	쌍바가지	false	false
雙바가지起重機	쌍바가지기중기	false	false
雙발구	쌍발구	false	false
雙병아리	쌍병아리	false	false
雙보배	쌍보배	false	false
雙불	쌍불	false	false
雙붙다	쌍붙다	false	false
雙붙이	쌍붙이	false	false
雙붙이하다	쌍붙이하다	false	false
雙뿔犀牛	쌍뿔서우	false	false
雙손	쌍손	false	false
雙알대	쌍알대	false	false
雙알배기	쌍알배기	false	false
雙알지다	쌍알지다	false	false
雙이발	쌍이발	false	false
雙이발쥐수레벌레	쌍이발쥐수레벌레	false	false
雙짓기	쌍짓기	false	false
雙짝지발이끼	쌍짝지발이끼	false	false
雙태머리	쌍태머리	false	false
雜光	잡광	false	false
雜動植物	잡동식물	false	false
雜器	잡기	false	false
雜妓	잡기	false	false
雜學	잡학	false	false
雜思想	잡사상	false	false
雜擾하다	잡요하다	false	false
雜植	잡식	false	false
雜植하다	잡식하다	false	false
雜油	잡유	false	false
雜湯글	잡탕글	false	false
雜湯집	잡탕집	false	false
雜灌木林	잡관목림	false	false
雜灌木띠	잡관목띠	false	false
雜灌木숲	잡관목숲	false	false
雜灌林	잡관림	false	false
雜界	잡계	false	false
雜症	잡증	false	false
雜皮	잡피	false	false
雜監房	잡감방	false	false
雜糅하다	잡유하다	false	false
雜羽	잡우	false	false
雜良人	잡양인	false	false
雜色分子	잡색분자	false	false
雜菌	잡균	false	false
雜術군	잡술군	false	false
雜襲	잡습	false	false
雜襲하다	잡습하다	false	false
雜道	잡도	false	false
雜邪	잡사	false	false
雜音濾波器	잡음려파기	false	false
雜音누르개	잡음누르개	false	false
雜音누르기	잡음누르기	false	false
雜鬼神	잡귀신	false	false
雜魚젓	잡어젓	false	false
雜고기	잡고기	false	false
雜기름	잡기름	false	false
雜떨기나무	잡떨기나무	false	false
雜바람	잡바람	false	false
雜하다	잡하다	false	false
離	리	false	false
離乳	리유	false	false
離乳期	리유기	false	false
離任	리임	false	false
離側	리측	false	false
離別	리별	false	false
離別情	리별정	false	false
離別歌	리별가	false	false
離別酒	리별주	false	false
離別술	리별술	false	false
離別하다	리별하다	false	false
離卦	리괘	false	false
離却	리각	false	false
離反	리반	false	false
離叛	리반	false	false
離合	리합	false	false
離合集散	리합집산	false	false
離合하다	리합하다	false	false
離婚	리혼	false	false
離婚하다	리혼하다	false	false
離宮	리궁	false	false
離居	리거	false	false
離層	리층	false	false
離巢性	리소성	false	false
離心率	리심률	false	false
離敎會	리교회	false	false
離散	리산	false	false
離散家族	리산가족	false	false
離散積	리산적	false	false
離方	리방	false	false
離核	리핵	false	false
離水滑走	리수활주	false	false
離液順列	리액순렬	false	false
離瓣花	리판화	false	false
離瓣花冠	리판화관	false	false
離瓣花植物	리판화식물	false	false
離生雄蕊	리생웅예	false	false
離生雌蕊	리생자예	false	false
離異	리이	false	false
離發	리발	false	false
離着	리착	false	false
離着陸	리착륙	false	false
離箭	리전	false	false
離箭하다	리전하다	false	false
離籍	리적	false	false
離籍되다	리적되다	false	false
離籍하다	리적하다	false	false
離經脈	리경맥	false	false
離緣	리연	false	false
離緣狀	리연장	false	false
離群索居	리군삭거	false	false
離職	리직	false	false
離脫	리탈	false	false
離脫層	리탈층	false	false
離脫되다	리탈되다	false	false
離脫하다	리탈하다	false	false
離船樂	리선악	false	false
離船樂曲	리선악곡	false	false
離苦	리고	false	false
離苦하다	리고하다	false	false
離角	리각	false	false
離農	리농	false	false
離農家	리농가	false	false
離農民	리농민	false	false
離鄕	리향	false	false
離鄕民	리향민	false	false
離鄕하다	리향하다	false	false
離間	리간	false	false
離間政策	리간정책	false	false
離間策	리간책	false	false
離間질	리간질	false	false
離間질하다	리간질하다	false	false
離間하다	리간하다	false	false
離闈	리위	false	false
離陸	리륙	false	false
離陸加速機	리륙가속기	false	false
離陸場	리륙장	false	false
離陸滑走	리륙활주	false	false
離陸滑走距離	리륙활주거리	false	false
離陸界線	리륙계선	false	false
離陸距離	리륙거리	false	false
離陸速度	리륙속도	false	false
難保	난보	false	false
難保하다	난보하다	false	false
難波濤	난파도	false	false
難溶性稀柔金屬	난용성희유금속	false	false
難田	난전	false	false
雨傘喇叭해파리	우산나팔해파리	false	false
雨傘噴水	우산분수	false	false
雨傘模樣	우산모양	false	false
雨傘발	우산발	false	false
雨傘털	우산털	false	false
雨傘토끼수레벌레	우산토끼수레벌레	false	false
雨後簇生	우후족생	false	false
雨水函	우수함	false	false
雨水網	우수망	false	false
雨火爆擊	우화폭격	false	false
雩時郡	우시군	false	false
雪下草	설하초	false	false
雪冤之秋	설원지추	false	false
雪寒嶺	설한령	false	false
雪寒땅	설한땅	false	false
雪嶺뱀눈나비	설령뱀눈나비	false	false
雪嶽가라木	설악가라목	false	false
雪帽	설모	false	false
雪恥풀이	설치풀이	false	false
雪恥풀이하다	설치풀이하다	false	false
雪綿	설면	false	false
雪花劍	설화검	false	false
雪葬	설장	false	false
雪葬하다	설장하다	false	false
雪際線	설제선	false	false
雲丹	운단	false	false
雲田郡	운전군	false	false
雲興郡	운흥군	false	false
雲蘭草	운란초	false	false
雲車	운차	false	false
零	령	false	false
零丁하다	령정하다	false	false
零丁히	령정히	false	false
零上	령상	false	false
零上成分	령상성분	false	false
零下	령하	false	false
零位	령위	false	false
零位法	령위법	false	false
零元素	령원소	false	false
零出力原子爐	령출력원자로	false	false
零在	령재	false	false
零子午線	령자오선	false	false
零度	령도	false	false
零度音	령도음	false	false
零抑制	령억제	false	false
零敗	령패	false	false
零敗하다	령패하다	false	false
零數	령수	false	false
零星하다	령성하다	false	false
零星히	령성히	false	false
零時	령시	false	false
零替	령체	false	false
零替하다	령체하다	false	false
零材	령재	false	false
零條	령조	false	false
零次反應	령차반응	false	false
零次마디	령차마디	false	false
零瑣하다	령쇄하다	false	false
零簡斷冊	령간단책	false	false
零精	령정	false	false
零細市民	령세시민	false	false
零細輸送	령세수송	false	false
零細하다	령세하다	false	false
零絹殘墨	령견잔묵	false	false
零線	령선	false	false
零線作業	령선작업	false	false
零縮	령축	false	false
零縮하다	령축하다	false	false
零落	령락	false	false
零落되다	령락되다	false	false
零落없다	영낙없다	false	false
零落하다	령락하다	false	false
零資	령자	false	false
零錢	령전	false	false
零長成	령장성	false	false
零雨	령우	false	false
零零瑣瑣하다	령령쇄쇄하다	false	false
零零瑣瑣히	령령쇄쇄히	false	false
零電位	령전위	false	false
零電位線	령전위선	false	false
零電壓繼電器	령전압계전기	false	false
零餘	령여	false	false
零點	령점	false	false
零點震動	령점진동	false	false
零點떠돌이現象	령점떠돌이현상	false	false
零눈금	령눈금	false	false
零토	령토	false	false
雷丸	뢰환	false	false
雷公	뢰공	false	false
雷同	뢰동	false	false
雷同하다	뢰동하다	false	false
雷名	뢰명	false	false
雷塔	뢰탑	false	false
雷擊	뢰격	false	false
雷擊되다	뢰격되다	false	false
雷擊하다	뢰격하다	false	false
雷文	뢰문	false	false
雷文土器	뢰문토기	false	false
雷汞	뢰홍	false	false
雷火	뢰화	false	false
雷神	뢰신	false	false
雷管	뢰관	false	false
雷聲	뢰성	false	false
雷聲大名	뢰성대명	false	false
雷聲霹靂	뢰성벽력	false	false
雷聲나무	뢰성나무	false	false
雷肆	뢰사	false	false
雷芝	뢰지	false	false
雷逢電別	뢰봉전별	false	false
雷酸	뢰산	false	false
雷酸水銀	뢰산수은	false	false
雷金	뢰금	false	false
雷雨	뢰우	false	false
雷電	뢰전	false	false
雷霆	뢰정	false	false
雷霆霹靂	뢰정벽력	false	false
雷震	뢰진	false	false
雷震하다	뢰진하다	false	false
雷頭風	뢰두풍	false	false
雷鳴	뢰명	false	false
雷鳴山崩	뢰명산붕	false	false
雷鼓	뢰고	false	false
雷鼗	뢰도	false	false
電位記錄管	전위기록관	false	false
電光漁撈	전광어로	false	false
電塔	전탑	false	false
電壓事態	전압사태	false	false
電壓安定곁數	전압안정곁수	false	false
電壓線輪	전압선륜	false	false
電壓나누개	전압나누개	false	false
電子反探	전자반탐	false	false
電子報道編輯	전자보도편집	false	false
電子手算器	전자수산기	false	false
電子束錄畫	전자속록화	false	false
電子流量計	전자류량계	false	false
電子現金	전자현금	false	false
電子管電壓計	전자관전압계	false	false
電子線加工裝置	전자선가공장치	false	false
電子線鎔接	전자선용접	false	false
電子線鎔接機	전자선용접기	false	false
電子線鎔接裝置	전자선용접장치	false	false
電子線鎔解爐	전자선용해로	false	false
電子線點	전자선점	false	false
電子線녹임爐	전자선녹임로	false	false
電子線찬빛	전자선찬빛	false	false
電子裝置試驗	전자장치시험	false	false
電子鎔解爐	전자용해로	false	false
電子電信器	전자전신기	false	false
電子電氣잇개	전자전기잇개	false	false
電子가마	전자가마	false	false
電子묶음	전자묶음	false	false
電弧加熱	전호가열	false	false
電弧기둥	전호기둥	false	false
電弧자름	전호자름	false	false
電柱대	전주대	false	false
電極昇降操縱	전극승강조종	false	false
電氣信號板	전기신호판	false	false
電氣制動用勵磁發電機	전기제동용려자발전기	false	false
電氣力學式計器	전기력학식계기	false	false
電氣化學順列	전기화학순렬	false	false
電氣印	전기인	false	false
電氣合金鐵爐	전기합금철로	false	false
電氣式流量計	전기식류량계	false	false
電氣式無階段變速機	전기식무계단변속기	false	false
電氣心臟刺戟器	전기심장자극기	false	false
電氣性눈病	전기성눈병	false	false
電氣性눈알炎	전기성눈알염	false	false
電氣浮選	전기부선	false	false
電氣理髮器	전기리발기	false	false
電氣綜合樂器	전기종합악기	false	false
電氣脫細動	전기탈세동	false	false
電氣製鐵	전기제철	false	false
電氣製鐵爐	전기제철로	false	false
電氣製鐵하다	전기제철하다	false	false
電氣通信士	전기통신사	false	false
電氣鉛	전기연	false	false
電氣雷管	전기뢰관	false	false
電氣電動式內燃機關車	전기전동식내연기관차	false	false
電氣點火器	전기점화기	false	false
電氣가마	전기가마	false	false
電氣귀	전기귀	false	false
電氣그림	전기그림	false	false
電氣글자	전기글자	false	false
電氣나무	전기나무	false	false
電氣내는車	전기내는차	false	false
電氣다리	전기다리	false	false
電氣대	전기대	false	false
電氣떼불	전기떼불	false	false
電氣마당集束	전기마당집속	false	false
電氣마치	전기마치	false	false
電氣밥가마	전기밥가마	false	false
電氣불길	전기불길	false	false
電氣불꽃加工	전기불꽃가공	false	false
電氣삭음	전기삭음	false	false
電氣삿갓	전기삿갓	false	false
電氣스밈물빼기	전기스밈물빼기	false	false
電氣알	전기알	false	false
電氣여닫개	전기여닫개	false	false
電氣잇개	전기잇개	false	false
電氣잠治療	전기잠치료	false	false
電氣키機械	전기키기계	false	false
電氣헤염	전기헤염	false	false
電池불	전지불	false	false
電波信管	전파신관	false	false
電波僞裝	전파위장	false	false
電波探知偵察	전파탐지정찰	false	false
電波探知識別	전파탐지식별	false	false
電波探知障礙	전파탐지장애	false	false
電波搜索機	전파수색기	false	false
電波沈默區域	전파침묵구역	false	false
電波울림	전파울림	false	false
電流遮斷角	전류차단각	false	false
電源濾波器	전원려파기	false	false
電滅	전멸	false	false
電滅하다	전멸하다	false	false
電熱接合機	전열접합기	false	false
電熱짐	전열짐	false	false
電燈삿갓	전등삿갓	false	false
電磁氣型鍛造	전자기형단조	false	false
電磁波透視法	전자파투시법	false	false
電磁石織機	전자석직기	false	false
電磁石造形	전자석조형	false	false
電磁線	전자선	false	false
電磁자리길	전자자리길	false	false
電線대	전선대	false	false
電線자리바꿈	전선자리바꿈	false	false
電荷報償規則	전하보상규칙	false	false
電解工	전해공	false	false
電解浮選	전해부선	false	false
電解갈이	전해갈이	false	false
電解삭임	전해삭임	false	false
電話手	전화수	false	false
電話直日	전화직일	false	false
電話負荷	전화부하	false	false
電話鐘	전화종	false	false
電車삯	전차삯	false	false
電車줄	전차줄	false	false
電送操縱	전송조종	false	false
電送操縱文字	전송조종문자	false	false
電鐵隊	전철대	false	false
霄壤之別	소양지별	false	false
震慄	진률	false	false
震慄하다	진률하다	false	false
霎間	삽간	false	false
霖濕	림습	false	false
霖雨	림우	false	false
霜光	상광	false	false
霜寒	상한	false	false
霜柱害	상주해	false	false
霜風寒雪	상풍한설	false	false
霧天地	무천지	false	false
霧視症	무시증	false	false
露丹	로단	false	false
露井	로정	false	false
露光量	로광량	false	false
露出	로출	false	false
露出症	로출증	false	false
露出管길	로출관길	false	false
露出計	로출계	false	false
露出되다	로출되다	false	false
露出하다	로출하다	false	false
露呈	로정	false	false
露呈되다	로정되다	false	false
露呈하다	로정하다	false	false
露地	로지	false	false
露天	로천	false	false
露天劇場	로천극장	false	false
露天博物館	로천박물관	false	false
露天坑道	로천갱도	false	false
露天式	로천식	false	false
露天掘	로천굴	false	false
露天採掘	로천채굴	false	false
露天採掘場	로천채굴장	false	false
露天文獻庫	로천문헌고	false	false
露天水泳	로천수영	false	false
露天發破	로천발파	false	false
露天開發	로천개발	false	false
露天캐기	로천캐기	false	false
露宿	로숙	false	false
露宿寢牀	로숙침상	false	false
露宿하다	로숙하다	false	false
露布	로포	false	false
露店	로점	false	false
露店商	로점상	false	false
露拙	로졸	false	false
露拙하다	로졸하다	false	false
露文	로문	false	false
露日戰爭	로일전쟁	false	false
露梁海戰	로량해전	false	false
露次	로차	false	false
露次하다	로차하다	false	false
露營	로영	false	false
露營地	로영지	false	false
露珠	로주	false	false
露現	로현	false	false
露現되다	로현되다	false	false
露現하다	로현하다	false	false
露盤	로반	false	false
露盤博士	로반박사	false	false
露砲塔	로포탑	false	false
露祭	로제	false	false
露積	로적	false	false
露積場	로적장	false	false
露積가리	로적가리	false	false
露積담불	로적담불	false	false
露積섬	로적섬	false	false
露積하다	로적하다	false	false
露臀	로둔	false	false
露臀하다	로둔하다	false	false
露臥	로와	false	false
露臥하다	로와하다	false	false
露臺	로대	false	false
露菌病	로균병	false	false
露葵	로규	false	false
露薑汁	로강즙	false	false
露處	로처	false	false
露處하다	로처하다	false	false
露蜂房	로봉방	false	false
露語	로어	false	false
露譯	로역	false	false
露蹤	로종	false	false
露里	로리	false	false
露鋒	로봉	false	false
露霜	로상	false	false
露頭	로두	false	false
露骨	로골	false	false
露骨化	로골화	false	false
露骨化되다	로골화되다	false	false
露骨化하다	로골화하다	false	false
露骨的	로골적	false	false
露體	로체	false	false
露體하다	로체하다	false	false
露點	로점	false	false
露點濕度計	로점습도계	false	false
露點計	로점계	false	false
霸	패	false	false
霸心	패심	false	false
霸王	패왕	false	false
霸者	패자	false	false
霸道	패도	false	false
靈	령	false	false
靈仙	령선	false	false
靈位	령위	false	false
靈几	령궤	false	false
靈前	령전	false	false
靈力	령력	false	false
靈勇하다	령용하다	false	false
靈化	령화	false	false
靈地	령지	false	false
靈域	령역	false	false
靈境	령경	false	false
靈壇	령단	false	false
靈夢	령몽	false	false
靈妙하다	령묘하다	false	false
靈妙히	령묘히	false	false
靈室	령실	false	false
靈寢	령침	false	false
靈將	령장	false	false
靈山	령산	false	false
靈山床	령산상	false	false
靈山會相	령산회상	false	false
靈山놀이	령산놀이	false	false
靈岳	령악	false	false
靈峯	령봉	false	false
靈帳殿	령장전	false	false
靈幄	령악	false	false
靈府	령부	false	false
靈座	령좌	false	false
靈彩	령채	false	false
靈德	령덕	false	false
靈感	령감	false	false
靈感巫	령감무	false	false
靈慧하다	령혜하다	false	false
靈效	령효	false	false
靈敏하다	령민하다	false	false
靈星	령성	false	false
靈星壇	령성단	false	false
靈智	령지	false	false
靈柩	령구	false	false
靈柩車	령구차	false	false
靈柩군	령구군	false	false
靈氣	령기	false	false
靈水	령수	false	false
靈沙	령사	false	false
靈沙丸	령사환	false	false
靈泉	령천	false	false
靈活無比하다	령활무비하다	false	false
靈活無雙하다	령활무쌍하다	false	false
靈活하다	령활하다	false	false
靈液	령액	false	false
靈牀	령상	false	false
靈物	령물	false	false
靈物스럽다	령물스럽다	false	false
靈物스레	령물스레	false	false
靈犀	령서	false	false
靈獸	령수	false	false
靈界	령계	false	false
靈異하다	령이하다	false	false
靈登神	령등신	false	false
靈的	령적	false	false
靈眼	령안	false	false
靈知主義	령지주의	false	false
靈砂	령사	false	false
靈神	령신	false	false
靈神丸	령신환	false	false
靈神床	령신상	false	false
靈積	령적	false	false
靈符	령부	false	false
靈筆	령필	false	false
靈筵	령연	false	false
靈絕스럽다	령절스럽다	false	false
靈絕스레	령절스레	false	false
靈絕하다	령절하다	false	false
靈絕히	령절히	false	false
靈羽	령우	false	false
靈肉	령육	false	false
靈臺	령대	false	false
靈芝	령지	false	false
靈芝草	령지초	false	false
靈草	령초	false	false
靈藥	령약	false	false
靈蟲	령충	false	false
靈覺	령각	false	false
靈跡	령적	false	false
靈蹟	령적	false	false
靈輿	령여	false	false
靈輿군	령여군	false	false
靈通하다	령통하다	false	false
靈都	령도	false	false
靈鑑	령감	false	false
靈長	령장	false	false
靈雨	령우	false	false
靈飯	령반	false	false
靈駕	령가	false	false
靈驗	령험	false	false
靈驗하다	령험하다	false	false
靈體	령체	false	false
靈鬼接	령귀접	false	false
靈魂	령혼	false	false
靈魂說	령혼설	false	false
靈魄	령백	false	false
靈鳥	령조	false	false
靈鼓	령고	false	false
靈鼗	령도	false	false
靈검	령검	false	false
靈검스럽다	령검스럽다	false	false
靈검스레	령검스레	false	false
靈검하다	령검하다	false	false
靑中一點紅	청중일점홍	false	false
靑丹수수	청단수수	false	false
靑便	청변	false	false
靑土丹靑	청토단청	false	false
靑坡	청파	false	false
靑山流水	청산류수	false	false
靑山里方法	청산리방법	false	false
靑山里精神	청산리정신	false	false
靑峯一號體	청봉일호체	false	false
靑峯三號體	청봉삼호체	false	false
靑峯二號體	청봉이호체	false	false
靑峯四號體	청봉사호체	false	false
靑峯體	청봉체	false	false
靑年前衛	청년전위	false	false
靑年問題	청년문제	false	false
靑年坑	청년갱	false	false
靑年幹事	청년간사	false	false
靑年祝典	청년축전	false	false
靑年義勇軍	청년의용군	false	false
靑年近衛隊	청년근위대	false	false
靑年體操	청년체조	false	false
靑春果園	청춘과원	false	false
靑春都市	청춘도시	false	false
靑木綿	청목면	false	false
靑果水	청과수	false	false
靑梧桐	청오동	false	false
靑梧桐나무	청오동나무	false	false
靑樓紅燈	청루홍등	false	false
靑沙果	청사과	false	false
靑沼	청소	false	false
靑浸	청침	false	false
靑炎鬼	청염귀	false	false
靑燔玉	청번옥	false	false
靑玄	청현	false	false
靑瑣	청쇄	false	false
靑生膏	청생고	false	false
靑皮	청피	false	false
靑皮蠶	청피잠	false	false
靑碧	청벽	false	false
靑紬	청주	false	false
靑綃	청초	false	false
靑綿	청면	false	false
靑羅衫	청라삼	false	false
靑胡밀	청호밀	false	false
靑草木	청초목	false	false
靑華沙器	청화사기	false	false
靑萍	청평	false	false
靑蓮	청련	false	false
靑蛇兩刃刀	청사량인도	false	false
靑螺	청라	false	false
靑衣女童	청의녀동	false	false
靑袗	청진	false	false
靑貝	청패	false	false
靑銅치레거리	청동치레거리	false	false
靑錦繡띠	청금수띠	false	false
靑雲	청운	false	false
靑雲落水	청운락수	false	false
靑靑하다	청청하다	false	false
靑靑히	청청히	false	false
靑鳥之信	청조지신	false	false
靑갈	청갈	false	false
靑갈매땅	청갈매땅	false	false
靑고깔조개	청고깔조개	false	false
靑꼴	청꼴	false	false
靑꿩오리꼬치구이	청꿩오리꼬치구이	false	false
靑납저리	청납저리	false	false
靑납주레기	청납주레기	false	false
靑녹	청녹	false	false
靑대	청대	false	false
靑도깨비	청도깨비	false	false
靑물벼룩	청물벼룩	false	false
靑바지저고리	청바지저고리	false	false
靑벌레	청벌레	false	false
靑실레	청실레	false	false
靑쑥	청쑥	false	false
靑얼음	청얼음	false	false
靑조개	청조개	false	false
靑창	청창	false	false
靑취	청취	false	false
靑푸르다	청푸르다	false	false
靜力學	정력학	false	false
靜力學的半徑	정력학적반경	false	false
靜壓흐름體	정압흐름체	false	false
靜女	정녀	false	false
靜影	정영	false	false
靜復元性	정복원성	false	false
靜脈불루기	정맥불루기	false	false
靜電氣感應	정전기감응	false	false
靜電氣治療	정전기치료	false	false
靜電蓄電器	정전축전기	false	false
靜電遮蔽	정전차페	false	false
靜養券	정양권	false	false
靜養生	정양생	false	false
非一致規定語	비일치규정어	false	false
非位置토	비위치토	false	false
非保修系	비보수계	false	false
非公開열쇠	비공개열쇠	false	false
非勞動階級的	비로동계급적	false	false
非印刷要素	비인쇄요소	false	false
非反衝砲	비반충포	false	false
非可逆式壓延機	비가역식압연기	false	false
非同期	비동기	false	false
非地帶性	비지대성	false	false
非基本나르개	비기본나르개	false	false
非奉仕區域	비봉사구역	false	false
非定期航海	비정기항해	false	false
非對稱谷	비대칭곡	false	false
非對稱골	비대칭골	false	false
非展開文	비전개문	false	false
非常備武力	비상비무력	false	false
非常品	비상품	false	false
非常層臺	비상층대	false	false
非常防疫隊	비상방역대	false	false
非常陣	비상진	false	false
非意圖的再生	비의도적재생	false	false
非探知空間	비탐지공간	false	false
非接觸信管	비접촉신관	false	false
非接觸機雷	비접촉기뢰	false	false
非接觸魚雷	비접촉어뢰	false	false
非放水區域	비방수구역	false	false
非敵對的葛藤	비적대적갈등	false	false
非文明하다	비문명하다	false	false
非晶體	비정체	false	false
非本質的聯關	비본질적련관	false	false
非林地	비림지	false	false
非構造龜裂	비구조균렬	false	false
非水溶液방울재기	비수용액방울재기	false	false
非活動體名詞	비활동체명사	false	false
非流出區域	비류출구역	false	false
非減潮區間	비감조구간	false	false
非減潮河川	비감조하천	false	false
非焙燒球團鑛	비배소구단광	false	false
非營養湖	비영양호	false	false
非特殊물뚝	비특수물뚝	false	false
非生産勞力	비생산로력	false	false
非生産的建設	비생산적건설	false	false
非田非畓	비전비답	false	false
非直結	비직결	false	false
非粘質皮膜똥	비점질피막똥	false	false
非結合法	비결합법	false	false
非結晶體	비결정체	false	false
非耕地	비경지	false	false
非自立放電	비자립방전	false	false
非自立的單語	비자립적단어	false	false
非衝擊式打字機	비충격식타자기	false	false
非規範的文件	비규범적문건	false	false
非貿易外貨	비무역외화	false	false
非近距離射擊	비근거리사격	false	false
非透水層	비투수층	false	false
非週期흐름	비주기흐름	false	false
非配偶體	비배우체	false	false
非金屬티	비금속티	false	false
非難	비난	false	false
非難거리	비난거리	false	false
非難하다	비난하다	false	false
非녹음電極	비녹음전극	false	false
面上	면상	false	false
面不知	면부지	false	false
面侵蝕	면침식	false	false
面室立方살窓	면실립방살창	false	false
面密度	면밀도	false	false
面悅	면열	false	false
面悅背憎	면열배증	false	false
面悅하다	면열하다	false	false
面方位目標	면방위목표	false	false
面目標	면목표	false	false
面目손님	면목손님	false	false
面積法	면적법	false	false
面積流量計	면적류량계	false	false
面볼록둥근대패	면볼록둥근대패	false	false
面사이距離	면사이거리	false	false
面오목둥근대패	면오목둥근대패	false	false
革命主權	혁명주권	false	false
革命作品	혁명작품	false	false
革命客	혁명객	false	false
革命小組	혁명소조	false	false
革命戰爭	혁명전쟁	false	false
革命敎養	혁명교양	false	false
革命映畫	혁명영화	false	false
革命村	혁명촌	false	false
革命歌劇	혁명가극	false	false
革命歌謠	혁명가요	false	false
革命的群衆路線	혁명적군중로선	false	false
革屨	혁구	false	false
革新誌	혁신지	false	false
革띠고리	혁띠고리	false	false
鞅掌스럽다	앙장스럽다	false	false
鞍形線	안형선	false	false
鞭楚	편초	false	false
韓日協商條約	한일협상조약	false	false
音區	음구	false	false
音域	음역	false	false
音帶分離現像	음대분리현상	false	false
音樂主題	음악주제	false	false
音樂幕間劇	음악막간극	false	false
音樂敎則本	음악교측본	false	false
音樂紹介映畫	음악소개영화	false	false
音樂組織	음악조직	false	false
音樂總譜	음악총보	false	false
音樂總譜集	음악총보집	false	false
音樂舞踊	음악무용	false	false
音樂舞踊作品	음악무용작품	false	false
音樂舞踊劇	음악무용극	false	false
音樂舞踊敍事詩	음악무용서사시	false	false
音樂舞踊敍事詩劇	음악무용서사시극	false	false
音樂舞踊組曲	음악무용조곡	false	false
音樂舞踊綜合公演	음악무용종합공연	false	false
音樂舞踊이야기	음악무용이야기	false	false
音樂速度재개	음악속도재개	false	false
音波線	음파선	false	false
音義譯	음의역	false	false
音聲圖形	음성도형	false	false
音聲番號方式	음성번호방식	false	false
音複寫	음복사	false	false
音調	음조	false	false
音輻射	음복사	false	false
音韻글字	음운글자	false	false
音響形狀	음향형상	false	false
音響招人鐘	음향초인종	false	false
音響檢層法	음향검층법	false	false
音響氣象學	음향기상학	false	false
音響漁撈	음향어로	false	false
音響質量法則	음향질량법칙	false	false
音響거울	음향거울	false	false
音響닻機雷	음향닻기뢰	false	false
音響부름鐘	음향부름종	false	false
音마당	음마당	false	false
韻律	운률	false	false
韻律套	운률투	false	false
韻調	운조	false	false
頂戴	정대	false	false
頂戴하다	정대하다	false	false
頂端芽	정단아	false	false
頂端葉	정단엽	false	false
頂點信號機	정점신호기	false	false
順付	순부	false	false
順付하다	순부하다	false	false
順便하다	순편하다	false	false
順便히	순편히	false	false
順列	순렬	false	false
順川	순천	false	false
順川市	순천시	false	false
順次平行式흐름線	순차평행식흐름선	false	false
順次操縱	순차조종	false	false
順次滴定	순차적정	false	false
順禽	순금	false	false
順禽舍	순금사	false	false
順降	순강	false	false
順降하다	순강하다	false	false
順順坦坦하다	순순탄탄하다	false	false
順둥이	순둥이	false	false
順한물고기	순한물고기	false	false
順한소리	순한소리	false	false
頌仰	송앙	false	false
頑冥無廉하다	완명무렴하다	false	false
頑固不通	완고불통	false	false
頑固分子	완고분자	false	false
頑癖	완벽	false	false
頓喫	돈긱	false	false
頓喫하다	돈긱하다	false	false
頓嗽	돈수	false	false
領	령	false	false
領中樞府事	령중추부사	false	false
領主	령주	false	false
領事	령사	false	false
領事代表	령사대표	false	false
領事代表部	령사대표부	false	false
領事區	령사구	false	false
領事區域	령사구역	false	false
領事團	령사단	false	false
領事裁判權	령사재판권	false	false
領事館	령사관	false	false
領位	령위	false	false
領內	령내	false	false
領分	령분	false	false
領去	령거	false	false
領去하다	령거하다	false	false
領受	령수	false	false
領受票	령수표	false	false
領受하다	령수하다	false	false
領土	령토	false	false
領土權	령토권	false	false
領土欲	령토욕	false	false
領地	령지	false	false
領域	령역	false	false
領宗正卿	령종정경	false	false
領官	령관	false	false
領客府	령객부	false	false
領導	령도	false	false
領導事蹟	령도사적	false	false
領導力	령도력	false	false
領導權	령도권	false	false
領導的	령도적	false	false
領導線	령도선	false	false
領導者	령도자	false	false
領導藝術	령도예술	false	false
領導術	령도술	false	false
領導階級	령도계급	false	false
領導風貌	령도풍모	false	false
領導되다	령도되다	false	false
領導하다	령도하다	false	false
領座	령좌	false	false
領悟	령오	false	false
領悟하다	령오하다	false	false
領所	령소	false	false
領揆	령규	false	false
領收	령수	false	false
領收人	령수인	false	false
領收員	령수원	false	false
領收證	령수증	false	false
領收하다	령수하다	false	false
領敦寧府事	령돈녕부사	false	false
領春秋館事	령춘추관사	false	false
領會	령회	false	false
領有	령유	false	false
領有權	령유권	false	false
領有하다	령유하다	false	false
領海	령해	false	false
領海權	령해권	false	false
領率	령솔	false	false
領率하다	령솔하다	false	false
領略	령략	false	false
領略하다	령략하다	false	false
領相	령상	false	false
領空	령공	false	false
領空權	령공권	false	false
領章	령장	false	false
領統	령통	false	false
領置品	령치품	false	false
領置金	령치금	false	false
領聖體	령성체	false	false
領職	령직	false	false
領船監官	령선감관	false	false
領袖	령수	false	false
領證	령증	false	false
領議政	령의정	false	false
領軍	령군	false	false
領軍術	령군술	false	false
領軍하다	령군하다	false	false
領運	령운	false	false
領運하다	령운하다	false	false
領選使	령선사	false	false
領閤	령합	false	false
頭偏痛	두편통	false	false
頭腦버섯	두뇌버섯	false	false
頭蓋內高壓症候	두개내고압증후	false	false
頭蓋穹窿部骨折	두개궁륭부골절	false	false
頭藥	두약	false	false
頭語反復	두어반복	false	false
頭語重疊	두어중첩	false	false
頭運	두운	false	false
頸布	경포	false	false
頸毛	경모	false	false
頸肩膊症候群	경견박증후군	false	false
頹廢風潮	퇴페풍조	false	false
頹落	퇴락	false	false
頹落되다	퇴락되다	false	false
頹落하다	퇴락하다	false	false
頻傳	빈전	false	false
頻傳하다	빈전하다	false	false
頻到	빈도	false	false
頻到하다	빈도하다	false	false
頻至	빈지	false	false
頻至하다	빈지하다	false	false
頻觸	빈촉	false	false
頻觸하다	빈촉하다	false	false
顆粒白血球消失症	과립백혈구소실증	false	false
顆鹽	과염	false	false
額	액	false	false
額上	액상	false	false
額上計劃	액상계획	false	false
顎鬚	악수	false	false
顓制	전제	false	false
顔彩	안채	false	false
顔面치기	안면치기	false	false
顔面치기하다	안면치기하다	false	false
顚實하다	전실하다	false	false
顚覆器	전복기	false	false
顚覆機	전복기	false	false
顚連하다	전련하다	false	false
類中風	류중풍	false	false
類丹毒	류단독	false	false
類乾癬	류건선	false	false
類人猿	류인원	false	false
類似宗敎	류사종교	false	false
類似性	류사성	false	false
類似點	류사점	false	false
類例	류례	false	false
類別	류별	false	false
類別되다	류별되다	false	false
類別하다	류별하다	false	false
類化	류화	false	false
類化되다	류화되다	false	false
類化하다	류화하다	false	false
類句	류구	false	false
類型	류형	false	false
類型學	류형학	false	false
類型的	류형적	false	false
類推	류추	false	false
類書	류서	false	false
類槪念	류개념	false	false
類比推理	류비추리	false	false
類澱粉症	류전분증	false	false
類燒	류소	false	false
類症狀	류증상	false	false
類義語	류의어	false	false
類聚	류취	false	false
類聚되다	류취되다	false	false
類聚하다	류취하다	false	false
類萬不同	류만부동	false	false
類萬不得	류만부득	false	false
類藥	류약	false	false
類規	류규	false	false
類語	류어	false	false
類質	류질	false	false
類質同像	류질동상	false	false
類追	류추	false	false
類雜音	류잡음	false	false
類題	류제	false	false
類類相從	류류상종	false	false
類驚風	류경풍	false	false
類다르다	류다르다	false	false
類달리	류달리	false	false
顧問格	고문격	false	false
顯微撮影機	현미촬영기	false	false
顯微構造	현미구조	false	false
顯微鏡映畫撮影機	현미경영화촬영기	false	false
顯色물감	현색물감	false	false
顯花	현화	false	false
顯鎖線	현쇄선	false	false
顱頂骨	로정골	false	false
顱頭風	로두풍	false	false
顱骨	로골	false	false
顴骨지다	관골지다	false	false
風化泥	풍화니	false	false
風媒受粉	풍매수분	false	false
風媒植物	풍매식물	false	false
風帆	풍범	false	false
風成地形	풍성지형	false	false
風扇器	풍선기	false	false
風旗竿	풍기간	false	false
風景繡	풍경수	false	false
風景觀賞點	풍경관상점	false	false
風景詩	풍경시	false	false
風癮疹	풍은진	false	false
風紀	풍기	false	false
風船버섯	풍선버섯	false	false
風船채찍벌레	풍선채찍벌레	false	false
風船해파리	풍선해파리	false	false
風蘭草	풍란초	false	false
風蝕湖	풍식호	false	false
風車	풍차	false	false
風速圖	풍속도	false	false
風鏡	풍경	false	false
風구살	풍구살	false	false
風쟁이	풍쟁이	false	false
風천	풍천	false	false
颺去	양거	false	false
飛來峯	비래봉	false	false
飛散彈	비산탄	false	false
飛散爆發	비산폭발	false	false
飛沫	비말	false	false
飛簾	비염	false	false
飛綿淸掃機	비면청소기	false	false
飛蔘	비삼	false	false
飛行乘組	비행승조	false	false
飛行力學	비행력학	false	false
飛行回轉	비행회전	false	false
飛行安全띠	비행안전띠	false	false
飛行層	비행층	false	false
飛行式切斷機	비행식절단기	false	false
飛行旅程	비행려정	false	false
飛行旋回	비행선회	false	false
飛行機動力學	비행기동력학	false	false
飛行機坐室	비행기좌실	false	false
飛行機尾部砲	비행기미부포	false	false
飛行機庫	비행기고	false	false
飛行機燈	비행기등	false	false
飛行機練習틀	비행기련습틀	false	false
飛行機낚시	비행기낚시	false	false
飛行機높이	비행기높이	false	false
飛行機등골	비행기등골	false	false
飛行機사냥군組	비행기사냥군조	false	false
飛行機자리	비행기자리	false	false
飛行生理	비행생리	false	false
飛行緋緞더미구름	비행비단더미구름	false	false
飛行要素	비행요소	false	false
飛行과荷重	비행과하중	false	false
飛行구름	비행구름	false	false
飛角	비각	false	false
飛躍層	비약층	false	false
飛點	비점	false	false
飜志	번지	false	false
飜志하다	번지하다	false	false
飜揚	번양	false	false
飜檢	번검	false	false
飜檢되다	번검되다	false	false
飜檢하다	번검하다	false	false
飜譯員	번역원	false	false
飜飇	번표	false	false
食前場	식전장	false	false
食前移徙	식전이사	false	false
食客	식객	false	false
食指가락	식지가락	false	false
食料加工工業	식료가공공업	false	false
食料加工業	식료가공업	false	false
食料工業	식료공업	false	false
食料微生物學	식료미생물학	false	false
食料車	식료차	false	false
食案	식안	false	false
食桑量	식상량	false	false
食絶	식절	false	false
食絶되다	식절되다	false	false
食衣住	식의주	false	false
食褓	식보	false	false
食言	식언	false	false
食言하다	식언하다	false	false
食道心電圖	식도심전도	false	false
食道憩室	식도계실	false	false
食道直達	식도직달	false	false
食醯	식혜	false	false
食醯가루	식혜가루	false	false
食醯밥	식혜밥	false	false
食饌감	식찬감	false	false
飢餓性浮腫	기아성부종	false	false
飢餓毛	기아모	false	false
飢餓털	기아털	false	false
飮服	음복	false	false
飮食次例	음식차례	false	false
飮食調理	음식조리	false	false
飮食가리	음식가리	false	false
飮食질	음식질	false	false
飮食치레	음식치레	false	false
飮食치레하다	음식치레하다	false	false
飯비앗	반비앗	false	false
飼料基地	사료기지	false	false
飼養工	사양공	false	false
飽和塔	포화탑	false	false
飽和機	포화기	false	false
飽和水式	포화수식	false	false
飽和水式灌水	포화수식관수	false	false
飽和水式물대기	포화수식물대기	false	false
飽和水蒸氣壓力	포화수증기압력	false	false
飽和灌水	포화관수	false	false
飽和磁力計	포화자력계	false	false
飽和김	포화김	false	false
飽滿하다	포만하다	false	false
飾畫	식화	false	false
餈餌	자이	false	false
養兔工	양토공	false	false
養分	양분	false	false
養成條	양성조	false	false
養殖場動物學	양식장동물학	false	false
養殖주머니	양식주머니	false	false
養牛長農	양우장농	false	false
養生房	양생방	false	false
養生院	양생원	false	false
養老生	양로생	false	false
養蔘圃	양삼포	false	false
養魚分場	양어분장	false	false
養魚工	양어공	false	false
養魚水域權	양어수역권	false	false
養벌	양벌	false	false
餌料	이료	false	false
餓鬼	아귀	false	false
餓鬼修羅場	아귀수라장	false	false
餓鬼地獄	아귀지옥	false	false
餓鬼心	아귀심	false	false
餘哀	여애	false	false
餘技	여기	false	false
餘次	여차	false	false
餘水門	여수문	false	false
餘炎	여염	false	false
餘興舞踊	여흥무용	false	false
餘蔭	여음	false	false
餘裕勞力	여유로력	false	false
餘裕積算溫度	여유적산온도	false	false
餘裕糧穀	여유량곡	false	false
餘裕綽綽하다	여유작작하다	false	false
餘言	여언	false	false
餘酲	여정	false	false
餘金	여금	false	false
餘錄談	여록담	false	false
餘音지다	여음지다	false	false
餘벌	여벌	false	false
餘벌잠	여벌잠	false	false
餘벌치기	여벌치기	false	false
餞迓辭	전아사	false	false
饅頭국	만두국	false	false
饅頭우릉성이	만두우릉성이	false	false
饌楪	찬접	false	false
饌霞	찬하	false	false
饌곽	찬곽	false	false
饒舌	요설	false	false
首冠	수관	false	false
首犯漢	수범한	false	false
首罪人	수죄인	false	false
首都市民	수도시민	false	false
首電極變調回路	수전극변조회로	false	false
香	향	false	false
香山郡	향산군	false	false
香山가죽地衣	향산가죽지의	false	false
香料林	향료림	false	false
香梧桐	향오동	false	false
香氣물	향기물	false	false
香沙果풀	향사과풀	false	false
香蝶蘭	향접란	false	false
香韻	향운	false	false
香鱗	향린	false	false
香나무돌드레	향나무돌드레	false	false
香나무좀	향나무좀	false	false
香보시기	향보시기	false	false
香불	향불	false	false
香비늘	향비늘	false	false
香양념	향양념	false	false
香여뀌	향여뀌	false	false
香차	향차	false	false
香참외	향참외	false	false
香패랭이꽃	향패랭이꽃	false	false
馬力곁數	마력곁수	false	false
馬尾韂	마미첨	false	false
馬脚翅	마각시	false	false
馬舍員	마사원	false	false
馬舍間	마사간	false	false
馬蛤조개	마합조개	false	false
馬蹄師	마제사	false	false
馬韂	마첨	false	false
馬등	마등	false	false
馳車	치거	false	false
馴禽	순금	false	false
駄장군	태장군	false	false
駐軍驚戒	주군경계	false	false
駑劣하다	노렬하다	false	false
駱駝	락타	false	false
駱駝地	락타지	false	false
駿逸하다	준일하다	false	false
駿馬	준마	false	false
騄駬	록이	false	false
騄駬霜蹄	록이상제	false	false
騈儷文	병려문	false	false
騙財律	편재률	false	false
騷亂스러웁다	소란스러웁다	false	false
騷音判定曲線	소음판정곡선	false	false
騷音基準	소음기준	false	false
驂馬	참마	false	false
驅步型	구보형	false	false
驅虐	구학	false	false
驅虐하다	구학하다	false	false
驚惕	경척	false	false
驚惕하다	경척하다	false	false
驚憂	경우	false	false
驛傳繼走	역전계주	false	false
驛前街園	역전가원	false	false
驛區內司令	역구내사령	false	false
驛區內線	역구내선	false	false
驛土場	역토장	false	false
驛改編能力	역개편능력	false	false
驛放送	역방송	false	false
驛時隔	역시격	false	false
驛站길	역참길	false	false
驛通過車	역통과차	false	false
驛道	역도	false	false
驛나무터	역나무터	false	false
驛사이時間	역사이시간	false	false
驛안線	역안선	false	false
驛이름標	역이름표	false	false
驢子	로자	false	false
驢馬	려마	false	false
驪珠	리주	false	false
驪龍	리룡	false	false
骨刻	골각	false	false
骨外科	골외과	false	false
骨子	골자	false	false
骨書房	골서방	false	false
骨立	골립	false	false
骨立하다	골립하다	false	false
骨肉兄弟	골육형제	false	false
骨董器皿	골동기명	false	false
骨董語	골동어	false	false
骨蒸勞熱	골증로열	false	false
骨表	골표	false	false
骨속	골속	false	false
骸炭	해탄	false	false
骸炭하다	해탄하다	false	false
髓質뼈	수질뼈	false	false
體力巧藝	체력교예	false	false
體力檢定	체력검정	false	false
體化勞動	체화로동	false	false
體姿	체자	false	false
體心立方살窓	체심립방살창	false	false
體操棒	체조봉	false	false
體操隊	체조대	false	false
體操깔개	체조깔개	false	false
體操발板	체조발판	false	false
體格指數	체격지수	false	false
體現	체현	false	false
體現되다	체현되다	false	false
體現하다	체현하다	false	false
體積抵抗器	체적저항기	false	false
體系	체계	false	false
體細胞갑작變異	체세포갑작변이	false	false
體育名手	체육명수	false	false
體育團	체육단	false	false
體育娛樂	체육오락	false	false
體育小組	체육소조	false	false
體育村	체육촌	false	false
體育組織學	체육조직학	false	false
體育行軍	체육행군	false	false
體育遊戲	체육유희	false	false
體膨脹곁數	체팽창곁수	false	false
體臺	체대	false	false
體表比	체표비	false	false
體要	체요	false	false
體言形	체언형	false	false
體言形토	체언형토	false	false
體言토	체언토	false	false
體質色感	체질색감	false	false
體重貨物	체중화물	false	false
體두리	체두리	false	false
體줄	체줄	false	false
高中	고중	false	false
高中班	고중반	false	false
高亮하다	고량하다	false	false
高低機	고저기	false	false
高保磁力合金	고보자력합금	false	false
高價롭다	고가롭다	false	false
高分子膠質	고분자교질	false	false
高利貸債	고리대채	false	false
高利貸國家	고리대국가	false	false
高力率送電	고력률송전	false	false
高勁하다	고경하다	false	false
高叫	고규	false	false
高周波三極素子	고주파삼극소자	false	false
高周波全面加熱	고주파전면가열	false	false
高周波接着機	고주파접착기	false	false
高周波治療	고주파치료	false	false
高周波熱處理	고주파열처리	false	false
高周波誘導子	고주파유도자	false	false
高周波陶瓷器	고주파도자기	false	false
高周波겉面加熱	고주파겉면가열	false	false
高周波겉面熱處理	고주파겉면열처리	false	false
高周波납땜	고주파납땜	false	false
高周波튐性波探査	고주파튐성파탐사	false	false
高壓灌水浴	고압관수욕	false	false
高壓燃料거르개	고압연료거르개	false	false
高壓養生爐	고압양생로	false	false
高壓물門	고압물문	false	false
高壓여닫이	고압여닫이	false	false
高官富豪	고관부호	false	false
高射武器	고사무기	false	false
高射火力	고사화력	false	false
高射銃手	고사총수	false	false
高屋建瓴	고옥건령	false	false
高層圖	고층도	false	false
高層氣象電報文	고층기상전보문	false	false
高層살림집	고층살림집	false	false
高山性景觀	고산성경관	false	false
高山流水	고산류수	false	false
高山濕草原土壤	고산습초원토양	false	false
高山草本帶	고산초본대	false	false
高山郡	고산군	false	false
高山제비	고산제비	false	false
高帽	고모	false	false
高度作業	고도작업	false	false
高度近視	고도근시	false	false
高揭	고게	false	false
高擧	고거	false	false
高效率送電	고효률송전	false	false
高架鐵길	고가철길	false	false
高欄親柱	고란친주	false	false
高欄가름대	고란가름대	false	false
高氣壓性바람	고기압성바람	false	false
高氣壓登	고기압등	false	false
高溫多濕帶	고온다습대	false	false
高溫物理化學精製	고온물리화학정제	false	false
高熱勞動	고열로동	false	false
高熱勞動者	고열로동자	false	false
高熱還元	고열환원	false	false
高熱還元劑	고열환원제	false	false
高燭燈	고촉등	false	false
高率	고률	false	false
高畦	고규	false	false
高畦式	고규식	false	false
高硅酸質琉璃	고규산질유리	false	false
高程	고정	false	false
高空減壓症	고공감압증	false	false
高等	고등	false	false
高等中學校	고등중학교	false	false
高等專門學校	고등전문학교	false	false
高等技術專門學校	고등기술전문학교	false	false
高等探訪	고등탐방	false	false
高等班	고등반	false	false
高等義務敎育	고등의무교육	false	false
高等農業專門學校	고등농업전문학교	false	false
高節凌霜	고절릉상	false	false
高級動作	고급동작	false	false
高級學校	고급학교	false	false
高級成人學校	고급성인학교	false	false
高級軍官	고급군관	false	false
高級飜譯	고급번역	false	false
高級남새	고급남새	false	false
高聲器維持	고성기유지	false	false
高聲念佛	고성념불	false	false
高臺廣廈	고대광하	false	false
高船首船	고선수선	false	false
高落差	고락차	false	false
高血壓性精神病	고혈압성정신병	false	false
高血壓病	고혈압병	false	false
高血壓發症	고혈압발증	false	false
高調波發振器	고조파발진기	false	false
高調波이지러짐	고조파이지러짐	false	false
高質鋼	고질강	false	false
高速度安全器	고속도안전기	false	false
高速度恒星	고속도항성	false	false
高速度抄紙機	고속도초지기	false	false
高速度掘進	고속도굴진	false	false
高速度鎔解法	고속도용해법	false	false
高速記憶裝置	고속기억장치	false	false
高速道車輛	고속도차량	false	false
高電壓成形	고전압성형	false	false
高電壓造形	고전압조형	false	false
高音區	고음구	false	false
高音獨唱	고음독창	false	false
高音短簫	고음단소	false	false
高音記號	고음기호	false	false
高音저대	고음저대	false	false
高高聲	고고성	false	false
高麗國語歌謠	고려국어가요	false	false
高麗民主聯邦共和國創立方案	고려민주련방공화국창립방안	false	false
高麗鐘덩굴	고려종덩굴	false	false
高麗長城	고려장성	false	false
高麗陶瓷器工藝術	고려도자기공예술	false	false
高麗푸른沙器	고려푸른사기	false	false
高麗푸른沙器盒	고려푸른사기합	false	false
髥盧	염로	false	false
鬖髿하다	삼사하다	false	false
鬚髥검은혹등에	수염검은혹등에	false	false
鬚髥게	수염게	false	false
鬚髥나무	수염나무	false	false
鬚髥바다지렁이	수염바다지렁이	false	false
鬚髥잎뼈벌레	수염잎뼈벌레	false	false
鬚髥치	수염치	false	false
鬚髥털진드기	수염털진드기	false	false
鬪志戰	투지전	false	false
鬪氣	투기	false	false
鬪牋張	투전장	false	false
鬱勃하다	울발하다	false	false
鬱血	울혈	false	false
鬱金덩이뿌리	울금덩이뿌리	false	false
鬱鬱不平하다	울울불평하다	false	false
鬼神몰이	귀신몰이	false	false
鬼罰	귀벌	false	false
鬼것	귀것	false	false
魂怯스럽다	혼겁스럽다	false	false
魂怯스레	혼겁스레	false	false
魂맹이	혼맹이	false	false
魂쌀	혼쌀	false	false
魑魅	리매	false	false
魑魅魍魎	리매망량	false	false
魔數	마수	false	false
魚北醬국	어북장국	false	false
魚卵狀鑛石	어란상광석	false	false
魚捕部	어포부	false	false
魚油房燈	어유방등	false	false
魚油燈盞	어유등잔	false	false
魚甲板	어갑판	false	false
魚眼	어안	false	false
魚粥추렴	어죽추렴	false	false
魚粥추렴하다	어죽추렴하다	false	false
魚群探索指標	어군탐색지표	false	false
魚肉片脯	어육편포	false	false
魚肥桶	어비통	false	false
魚腹葬事	어복장사	false	false
魚蟲	어충	false	false
魚雁	어안	false	false
魚雷式射孔	어뢰식사공	false	false
魚雷方向機	어뢰방향기	false	false
魚雷深度機	어뢰심도기	false	false
魚鮓	어자	false	false
魚鹽	어염	false	false
魯莽하다	로무하다	false	false
魯鈍하다	로둔하다	false	false
魯鈍히	로둔히	false	false
魯뽕	로뽕	false	false
鮤魚	렬어	false	false
鮫綃	교초	false	false
鯇魚	완어	false	false
鯉燈	리등	false	false
鯉膽	리담	false	false
鯉魚	리어	false	false
鯉魚燈	리어등	false	false
鯉魚膽	리어담	false	false
鰊魚	련어	false	false
鰱卵	련란	false	false
鱗介	린개	false	false
鱗介圖	린개도	false	false
鱗屑	린설	false	false
鱗族	린족	false	false
鱗木	린목	false	false
鱗次하다	린차하다	false	false
鱗毛	린모	false	false
鱗片	린편	false	false
鱗狀	린상	false	false
鱗甲	린갑	false	false
鱗皮	린피	false	false
鱗硅石	린규석	false	false
鱗粉	린분	false	false
鱗芽	린아	false	false
鱗莖	린경	false	false
鱗葉	린엽	false	false
鱗蟲	린충	false	false
鱧魚	례어	false	false
鱸魚	로어	false	false
鳥媒受粉	조매수분	false	false
鳥竄	조찬	false	false
鳥竄하다	조찬하다	false	false
鳥罟	조고	false	false
鳥路	조로	false	false
鳳凰枕	봉황침	false	false
鳳凰새춤	봉황새춤	false	false
鳳睛	봉정	false	false
鳴候頭	명후두	false	false
鳴禽舍	명금사	false	false
鳶띄우기	연띄우기	false	false
鳶빛	연빛	false	false
鴉軋	아알	false	false
鴉陣	아진	false	false
鴉鬟	아환	false	false
鴉鳥	아조	false	false
鴉鶻	아골	false	false
鴛鴦오리	원앙오리	false	false
鴨爐	압로	false	false
鴶鵴	알국	false	false
鴻業	홍업	false	false
鵜鶘嘴	제호취	false	false
鵝皮	아피	false	false
鵝足	아족	false	false
鵲鏡	작경	false	false
鶯鳳	앵봉	false	false
鶴翎扇	학령선	false	false
鶴뜀	학뜀	false	false
鶴뜀하다	학뜀하다	false	false
鷄卵松편	계란송편	false	false
鷲頭	추두	false	false
鷹子	응자	false	false
鷺鷥藤	로사등	false	false
鸕鶿	로자	false	false
鸕鶿杓	로자작	false	false
鸕鶿瘟	로자온	false	false
鸚鵡貝	앵무패	false	false
鸚鵡새이끼	앵무새이끼	false	false
鸚鵡채찍벌레	앵무채찍벌레	false	false
鸞刀	란도	false	false
鸞輿	란여	false	false
鸞駕	란가	false	false
鸞鳥	란조	false	false
鸞鳳	란봉	false	false
鸞새	란새	false	false
鹵掠	로략	false	false
鹵掠하다	로략하다	false	false
鹵獲	로획	false	false
鹵獲品	로획품	false	false
鹵獲物	로획물	false	false
鹵獲船	로획선	false	false
鹵獲되다	로획되다	false	false
鹵獲하다	로획하다	false	false
鹵簿	로부	false	false
鹵簿半杖	로부반장	false	false
鹵莽하다	로무하다	false	false
鹹水養魚	함수양어	false	false
鹽乾場	염건장	false	false
鹽化硫黃	염화류황	false	false
鹽太	염태	false	false
鹽梅	염매	false	false
鹽梅하다	염매하다	false	false
鹽浴납땜	염욕납땜	false	false
鹽淹	염엄	false	false
鹽淹하다	염엄하다	false	false
鹽異狀마당	염이상마당	false	false
鹽素鹽泉	염소염천	false	false
鹽素빼기	염소빼기	false	false
鹽釜군	염부군	false	false
鹽가마	염가마	false	false
鹽고등어	염고등어	false	false
鹽빼기	염빼기	false	false
鹿囊	록낭	false	false
鹿尾	록미	false	false
鹿尾菜	록미채	false	false
鹿柴	록시	false	false
鹿梨	록리	false	false
鹿毛色	록모색	false	false
鹿湯	록탕	false	false
鹿牌	록패	false	false
鹿獵	록렵	false	false
鹿皮	록피	false	false
鹿砦	록채	false	false
鹿羹	록갱	false	false
鹿肉	록육	false	false
鹿胎	록태	false	false
鹿脯	록포	false	false
鹿腎	록신	false	false
鹿腎粥	록신죽	false	false
鹿舌	록설	false	false
鹿茸	록용	false	false
鹿葱	록총	false	false
鹿血	록혈	false	false
鹿角	록각	false	false
鹿角粥	록각죽	false	false
鹿角膠	록각교	false	false
鹿角霜	록각상	false	false
鹿醢	록해	false	false
鹿鞭	록편	false	false
鹿頂血	록정혈	false	false
鹿頭酒	록두주	false	false
鹿骨	록골	false	false
鹿骨膏	록골고	false	false
鹿비	록비	false	false
麗人	려인	false	false
麗史	려사	false	false
麗姬	려희	false	false
麗季	려계	false	false
麗日	려일	false	false
麗春花	려춘화	false	false
麗朝	려조	false	false
麗末	려말	false	false
麗澤	려택	false	false
麗藻	려조	false	false
麗質	려질	false	false
麗雅하다	려아하다	false	false
麝香범나비	사향범나비	false	false
麝香제비꽃	사향제비꽃	false	false
麟子鳳雛	린자봉추	false	false
麤才	추재	false	false
麤糲	추려	false	false
麤言細言	추언세언	false	false
麥酒菓子	맥주과자	false	false
麻布蓋頭	마포개두	false	false
麻布長衫	마포장삼	false	false
麻纖維추리기	마섬유추리기	false	false
麻袋고깔	마대고깔	false	false
麻실	마실	false	false
黃北	황북	false	false
黃南	황남	false	false
黃塵風	황진풍	false	false
黃實레	황실레	false	false
黃州	황주	false	false
黃帖	황첩	false	false
黃木蓮	황목련	false	false
黃柏나무	황백나무	false	false
黃泉之下	황천지하	false	false
黃泉걸음	황천걸음	false	false
黃海北道	황해북도	false	false
黃海南道	황해남도	false	false
黃疸出血性水熱	황달출혈성수열	false	false
黃白合劑	황백합제	false	false
黃皮蠶	황피잠	false	false
黃眉솔새	황미솔새	false	false
黃粉蟲	황분충	false	false
黃精米	황정미	false	false
黃糙米	황조미	false	false
黃綠애기강충	황록애기강충	false	false
黃腸	황장	false	false
黃色勞組	황색로조	false	false
黃色馬齒種	황색마치종	false	false
黃花蒿	황화호	false	false
黃芽	황아	false	false
黃草철	황초철	false	false
黃血蠶	황혈잠	false	false
黃褐鞭毛蟲	황갈편모충	false	false
黃連고사리	황련고사리	false	false
黃金山	황금산	false	false
黃金桃	황금도	false	false
黃金禮袍	황금례포	false	false
黃金鑛	황금광	false	false
黃金飴	황금태	false	false
黃경皮	황경피	false	false
黃경皮나무	황경피나무	false	false
黃도미	황도미	false	false
黃새벼	황새벼	false	false
黃조개	황조개	false	false
黃좁쌀	황좁쌀	false	false
黃지네	황지네	false	false
黌宇	횡우	false	false
黌室	횡실	false	false
黌校	횡교	false	false
黎明	려명	false	false
黎明期	려명기	false	false
黎民	려민	false	false
黎藿	려곽	false	false
黎豆	려두	false	false
黑喉蠶	흑후잠	false	false
黑土草原	흑토초원	false	false
黑層	흑층	false	false
黑橋	흑교	false	false
黑白色映畫	흑백색영화	false	false
黑色冶金工業	흑색야금공업	false	false
黑色放送	흑색방송	false	false
黑色金屬	흑색금속	false	false
黑色金屬工業	흑색금속공업	false	false
黑虛頭	흑허두	false	false
黑金	흑금	false	false
黑鉛化鋼	흑연화강	false	false
黑點채찍벌레	흑점채찍벌레	false	false
黑도미	흑도미	false	false
黑딸기	흑딸기	false	false
黑비둘기射擊	흑비둘기사격	false	false
黑비둘기射擊競技	흑비둘기사격경기	false	false
黑소	흑소	false	false
黑천릭	흑천릭	false	false
黔貪스럽다	검탐스럽다	false	false
默感	묵감	false	false
點	점	false	false
點印刷裝置	점인쇄장치	false	false
點壕	점호	false	false
點心褓	점심보	false	false
點心고동	점심고동	false	false
點心곽	점심곽	false	false
點心닭	점심닭	false	false
點打字器	점타자기	false	false
點明示	점명시	false	false
點明示하다	점명시하다	false	false
點服	점복	false	false
點服하다	점복하다	false	false
點樂譜	점악보	false	false
點標	점표	false	false
點滴室	점적실	false	false
點滴臺	점적대	false	false
點火砲	점화포	false	false
點烏	점오	false	false
點爆管	점폭관	false	false
點狀記號	점상기호	false	false
點發光線	점발광선	false	false
點試	점시	false	false
點試하다	점시하다	false	false
點風景	점풍경	false	false
點굴리개	점굴리개	false	false
點글字	점글자	false	false
點긋개	점긋개	false	false
點박이여뀌	점박이여뀌	false	false
點박이풀	점박이풀	false	false
點벌레	점벌레	false	false
點뿔이끼	점뿔이끼	false	false
點소리標	점소리표	false	false
點찍개	점찍개	false	false
點치기	점치기	false	false
點치기하다	점치기하다	false	false
黨中央	당중앙	false	false
黨中央委員會	당중앙위원회	false	false
黨事業	당사업	false	false
黨代表會	당대표회	false	false
黨代表者會	당대표자회	false	false
黨出版物	당출판물	false	false
黨分細胞	당분세포	false	false
黨分組	당분조	false	false
黨力量	당력량	false	false
黨勢道	당세도	false	false
黨大會	당대회	false	false
黨委員會	당위원회	false	false
黨學校	당학교	false	false
黨學習	당학습	false	false
黨官僚	당관료	false	false
黨小組	당소조	false	false
黨年限	당년한	false	false
黨幹部事業	당간부사업	false	false
黨幹部養成機關	당간부양성기관	false	false
黨弊	당페	false	false
黨思想事業	당사상사업	false	false
黨思想生活	당사상생활	false	false
黨戰	당전	false	false
黨政治事業	당정치사업	false	false
黨政策歌謠	당정책가요	false	false
黨敎養網	당교양망	false	false
黨文獻	당문헌	false	false
黨新聞	당신문	false	false
黨旗발	당기발	false	false
黨核心	당핵심	false	false
黨熱誠者	당열성자	false	false
黨理論宣傳	당리론선전	false	false
黨的分工	당적분공	false	false
黨的方法	당적방법	false	false
黨的良心	당적량심	false	false
黨的責任	당적책임	false	false
黨祕書	당비서	false	false
黨祕書制	당비서제	false	false
黨章	당장	false	false
黨組	당조	false	false
黨罰	당벌	false	false
黨職制	당직제	false	false
黨責罰	당책벌	false	false
黨長成事業	당장성사업	false	false
黨門	당문	false	false
黨隊列	당대렬	false	false
黨일군	당일군	false	false
黲紫袍	참자포	false	false
鼎士	정사	false	false
鼎扃	정경	false	false
鼎鉉	정현	false	false
鼎鐺	정당	false	false
鼓動口號	고동구호	false	false
鼓動隊	고동대	false	false
鼠谿	서계	false	false
鼺鼠	리서	false	false
鼻上	비상	false	false
鼻子音	비자음	false	false
齊用	제용	false	false
齊用하다	제용하다	false	false
齋밥	재밥	false	false
齋터	재터	false	false
齒切工	치절공	false	false
齒列	치렬	false	false
齒列하다	치렬하다	false	false
齒斃舌存	치페설존	false	false
齒更	치갱	false	false
齒緣葉	치연엽	false	false
齒車傳動	치차전동	false	false
齒車硏磨盤	치차연마반	false	false
齒車縱削盤	치차종삭반	false	false
齒車雙	치차쌍	false	false
齒車이발	치차이발	false	false
齒齘	치계	false	false
齒솔匣	치솔갑	false	false
齒솔대	치솔대	false	false
齒솔질	치솔질	false	false
齒솔질하다	치솔질하다	false	false
齘齒	계치	false	false
齘齒하다	계치하다	false	false
齡級	령급	false	false
齷齪방망이	악착방망이	false	false
龍	룡	false	false
龍交椅	룡교의	false	false
龍亭	룡정	false	false
龍亭子	룡정자	false	false
龍像	룡상	false	false
龍刻石	룡각석	false	false
龍勺	룡작	false	false
龍卷	룡권	false	false
龍味鳳湯	룡미봉탕	false	false
龍城올콩	룡성올콩	false	false
龍夢	룡몽	false	false
龍大旗	룡대기	false	false
龍女	룡녀	false	false
龍姿	룡자	false	false
龍子	룡자	false	false
龍子鳳孫	룡자봉손	false	false
龍宮	룡궁	false	false
龍宮堂	룡궁당	false	false
龍尾	룡미	false	false
龍岡郡	룡강군	false	false
龍岡기나리	룡강기나리	false	false
龍岡올보리	룡강올보리	false	false
龍平牀	룡평상	false	false
龍座	룡좌	false	false
龍心	룡심	false	false
龍扇	룡선	false	false
龍族	룡족	false	false
龍旗	룡기	false	false
龍榻	룡탑	false	false
龍樓	룡루	false	false
龍欌	룡장	false	false
龍池硯	룡지연	false	false
龍沼	룡소	false	false
龍泉劍	룡천검	false	false
龍涎	룡연	false	false
龍涎香	룡연향	false	false
龍淚	룡루	false	false
龍湫	룡추	false	false
龍潛	룡잠	false	false
龍潭	룡담	false	false
龍潭遺詞	룡담유사	false	false
龍燈	룡등	false	false
龍牀	룡상	false	false
龍牙草	룡아초	false	false
龍王	룡왕	false	false
龍王祭	룡왕제	false	false
龍王經	룡왕경	false	false
龍眠	룡면	false	false
龍眼	룡안	false	false
龍眼肉	룡안육	false	false
龍眼나무	룡안나무	false	false
龍眼열매살	룡안열매살	false	false
龍硯	룡연	false	false
龍神	룡신	false	false
龍神祭	룡신제	false	false
龍神經	룡신경	false	false
龍神굿	룡신굿	false	false
龍祭	룡제	false	false
龍種	룡종	false	false
龍種鳳孫	룡종봉손	false	false
龍笳鳳笙	룡가봉생	false	false
龍節	룡절	false	false
龍簪	룡잠	false	false
龍紋	룡문	false	false
龍紋席	룡문석	false	false
龍紋甲紗	룡문갑사	false	false
龍罇	룡준	false	false
龍腦	룡뇌	false	false
龍腦蘇合元	룡뇌소합원	false	false
龍腦香	룡뇌향	false	false
龍腦나무	룡뇌나무	false	false
龍膽	룡담	false	false
龍膽健胃散	룡담건위산	false	false
龍膽瀉肝湯	룡담사간탕	false	false
龍膽草	룡담초	false	false
龍興之相	룡흥지상	false	false
龍舌蘭	룡설란	false	false
龍舟	룡주	false	false
龍葵	룡규	false	false
龍虎	룡호	false	false
龍虎之姿	룡호지자	false	false
龍虎榜	룡호방	false	false
龍虎營	룡호영	false	false
龍虎相搏	룡호상박	false	false
龍虎軍	룡호군	false	false
龍蛇飛騰	룡사비등	false	false
龍蟠虎踞	룡반호거	false	false
龍血樹	룡혈수	false	false
龍袍	룡포	false	false
龍象	룡상	false	false
龍象榜	룡상방	false	false
龍躍騵	룡약원	false	false
龍車	룡거	false	false
龍鐘	룡종	false	false
龍門	룡문	false	false
龍頭	룡두	false	false
龍頭會	룡두회	false	false
龍頭蛇尾	룡두사미	false	false
龍頭기와	룡두기와	false	false
龍頭머리	룡두머리	false	false
龍顔	룡안	false	false
龍飛	룡비	false	false
龍飛鳳舞	룡비봉무	false	false
龍香	룡향	false	false
龍馬	룡마	false	false
龍駕	룡가	false	false
龍驄	룡총	false	false
龍驤巡衛司	룡양순위사	false	false
龍驤虎搏	룡양호박	false	false
龍驤虎視	룡양호시	false	false
龍驤衛	룡양위	false	false
龍骨	룡골	false	false
龍骨突起	룡골돌기	false	false
龍骨꼬마수레벌레	룡골꼬마수레벌레	false	false
龍骨버들잎벌	룡골버들잎벌	false	false
龍體	룡체	false	false
龍鬚	룡수	false	false
龍鬚席	룡수석	false	false
龍鬚草	룡수초	false	false
龍鬚鐵걸음	용수철걸음	false	false
龍鬚髥풀	용수염풀	false	false
龍鬚공	용수공	false	false
龍鬚바늘	용수바늘	false	false
龍鬚자리쇠	용수자리쇠	false	false
龍鬚털벌레	용수털벌레	false	false
龍鱗	룡린	false	false
龍鱗甲	룡린갑	false	false
龍鱗薜荔	룡린벽려	false	false
龍鳳	룡봉	false	false
龍鳳大幕	룡봉대막	false	false
龍鳳帳殿	룡봉장전	false	false
龍鳳湯	룡봉탕	false	false
龍鳳詩箋紙	룡봉시전지	false	false
龍鳳雙鶴투구	룡봉쌍학투구	false	false
龍鼓	룡고	false	false
龍꿈	룡꿈	false	false
龍날	룡날	false	false
龍다리	룡다리	false	false
龍띠	룡띠	false	false
龍마름	룡마름	false	false
龍머리	룡머리	false	false
龍못	룡못	false	false
龍무늬	룡무늬	false	false
龍방망이	룡방망이	false	false
龍올림	룡올림	false	false
龍울음	룡울음	false	false
龍의알	룡의알	false	false
龍춤	룡춤	false	false
龍트림	룡트림	false	false
龍트림하다	룡트림하다	false	false
龍틀임	룡틀임	false	false
龍해	룡해	false	false
龜州大勝利	구주대승리	false	false
龜州大捷	구주대첩	false	false
龜燈	귀등	false	false
龜裂水	균렬수	false	false
龜裂線	균렬선	false	false
가갸時節	가갸시절	false	false
가갸表	가갸표	false	false
가까운調	가까운조	false	false
가까운點한달	가까운점한달	false	false
가까운點한해	가까운점한해	false	false
가꾸기體系	가꾸기체계	false	false
가나다表	가나다표	false	false
가는松蘿	가는송라	false	false
가는機械	가는기계	false	false
가는金빛채찍벌레	가는금빛채찍벌레	false	false
가는鐘수레벌레	가는종수레벌레	false	false
가는꽃長대	가는꽃장대	false	false
가는날개豹범나비	가는날개표범나비	false	false
가는날개鬚髥魚	가는날개수염어	false	false
가는대말鞍裝버섯	가는대말안장버섯	false	false
가는뿔개미寄生벌	가는뿔개미기생벌	false	false
가는털羊	가는털양	false	false
가는풀色깡충이	가는풀색깡충이	false	false
가늘어짐度	가늘어짐도	false	false
가늠巧藝	가늠교예	false	false
가두女性	가두녀성	false	false
가둑나무中毒	가둑나무중독	false	false
가둑나무枯葉나비	가둑나무고엽나비	false	false
가둑나무毒나비	가둑나무독나비	false	false
가둑나무버섯病	가둑나무버섯병	false	false
가둑누에林	가둑누에림	false	false
가둑누에고름病	가둑누에고름병	false	false
가둠式물대기	가둠식물대기	false	false
가락回轉數	가락회전수	false	false
가락形	가락형	false	false
가락掌匣	가락장갑	false	false
가락變速	가락변속	false	false
가락點	가락점	false	false
가락지松蘿	가락지송라	false	false
가락지煙氣	가락지연기	false	false
가래工	가래공	false	false
가래桶	가래통	false	false
가래櫓	가래노	false	false
가렴症	가렴증	false	false
가로分配計算	가로분배계산	false	false
가로動搖	가로동요	false	false
가로坑道	가로갱도	false	false
가로壓延	가로압연	false	false
가로往復臺	가로왕복대	false	false
가로成分	가로성분	false	false
가로方位	가로방위	false	false
가로母音	가로모음	false	false
가로磁氣마당	가로자기마당	false	false
가로磁氣마당電壓發電機	가로자기마당전압발전기	false	false
가로磁氣마당電氣機械增幅器	가로자기마당전기기계증폭기	false	false
가로磁氣마당電流發電機	가로자기마당전류발전기	false	false
가로移送器具	가로이송기구	false	false
가로管	가로관	false	false
가로船隊	가로선대	false	false
가로螺旋壓延	가로라선압연	false	false
가로距離	가로거리	false	false
가로距離法	가로거리법	false	false
가로軸交流發電機	가로축교류발전기	false	false
가로세로되풀이繡	가로세로되풀이수	false	false
가로입술母音	가로입술모음	false	false
가로자름面	가로자름면	false	false
가루冶金	가루야금	false	false
가루壓出	가루압출	false	false
가루壓延	가루압연	false	false
가루漆감	가루칠감	false	false
가루硏磨	가루연마	false	false
가루素地	가루소지	false	false
가루肥料	가루비료	false	false
가루螟밤나비	가루명밤나비	false	false
가루農藥	가루농약	false	false
가루配合먹이	가루배합먹이	false	false
가루鑛石	가루광석	false	false
가루食醋	가루식초	false	false
가루간醬	가루간장	false	false
가루꽃地衣	가루꽃지의	false	false
가루꽃梅花地衣	가루꽃매화지의	false	false
가루돌꽃地衣	가루돌꽃지의	false	false
가루된醬	가루된장	false	false
가루봏는機械	가루봏는기계	false	false
가루쇠줄鎔着	가루쇠줄용착	false	false
가루자루地衣	가루자루지의	false	false
가름幕	가름막	false	false
가름木다리	가름목다리	false	false
가름礙子	가름애자	false	false
가름線	가름선	false	false
가름能力	가름능력	false	false
가름膜	가름막	false	false
가름膜壓力計	가름막압력계	false	false
가름膜神經	가름막신경	false	false
가름膜電解	가름막전해	false	false
가름膜앉혀고름機	가름막앉혀고름기	false	false
가리킴代名詞	가리킴대명사	false	false
가림幕	가림막	false	false
가림式	가림식	false	false
가마方席	가마방석	false	false
가마車	가마차	false	false
가마馬車	가마마차	false	false
가마니機械	가마니기계	false	false
가물견딜性	가물견딜성	false	false
가물견딜性나무	가물견딜성나무	false	false
가벼운甓돌	가벼운벽돌	false	false
가새坑道	가새갱도	false	false
가새簾	가새렴	false	false
가새網차기	가새망차기	false	false
가슴像	가슴상	false	false
가슴腺	가슴선	false	false
가슴連絡	가슴련락	false	false
가슴꺾쇠乳樣筋	가슴꺾쇠유양근	false	false
가슴뼈곁線	가슴뼈곁선	false	false
가슴앓이病	가슴앓이병	false	false
가시欌	가시장	false	false
가시洪魚	가시홍어	false	false
가시臺	가시대	false	false
가시蓮꽃	가시련꽃	false	false
가시蓮꽃씨	가시련꽃씨	false	false
가시蓮밥	가시련밥	false	false
가시錢魚	가시전어	false	false
가시껍질動物	가시껍질동물	false	false
가시끈地衣	가시끈지의	false	false
가시물桶	가시물통	false	false
가시뱀長魚	가시뱀장어	false	false
가시쓴甘草	가시쓴감초	false	false
가시잎돌丹楓	가시잎돌단풍	false	false
가시잎초籠이끼	가시잎초롱이끼	false	false
가시채찍벌레類	가시채찍벌레류	false	false
가운데中枋	가운데중방	false	false
가운데中間防禦手	가운데중간방어수	false	false
가운데神經	가운데신경	false	false
가운데軸組織	가운데축조직	false	false
가운데金날개밤나비	가운데금날개밤나비	false	false
가운데點	가운데점	false	false
가위契	가위계	false	false
가위振動	가위진동	false	false
가위櫓	가위노	false	false
가위線	가위선	false	false
가위되풀이繡	가위되풀이수	false	false
가을半밤	가을반밤	false	false
가을落葉	가을락엽	false	false
가을씨붙임作物	가을씨붙임작물	false	false
가음數	가음수	false	false
가음數分解	가음수분해	false	false
가음씨數	가음씨수	false	false
가음씨數分解	가음씨수분해	false	false
가재湯	가재탕	false	false
가재미生구이	가재미생구이	false	false
가죽地衣	가죽지의	false	false
가죽腺	가죽선	false	false
가죽蛋白質	가죽단백질	false	false
가죽防牌地衣	가죽방패지의	false	false
가죽갈퀴地衣	가죽갈퀴지의	false	false
가죽옷地衣	가죽옷지의	false	false
가죽이김藥	가죽이김약	false	false
가죽주머니類	가죽주머니류	false	false
가지松蘿	가지송라	false	false
가지福풀	가지복풀	false	false
가지管	가지관	false	false
가지黑膏病	가지흑고병	false	false
가지검댕이症	가지검댕이증	false	false
가지꽃地衣	가지꽃지의	false	false
가지묻기法	가지묻기법	false	false
가지뿔들羊	가지뿔들양	false	false
가치算	가치산	false	false
각圓	각원	false	false
각시麒麟草	각시기린초	false	false
간凍太	간동태	false	false
간大口	간대구	false	false
간明太	간명태	false	false
간甁	간병	false	false
간番	간번	false	false
간醬지게미	간장지게미	false	false
갈之字行軍法	갈지자행군법	false	false
갈搬機	갈반기	false	false
갈神쟁이	갈신쟁이	false	false
갈農場	갈농장	false	false
갈구리模樣	갈구리모양	false	false
갈길標識	갈길표식	false	false
갈래梅花地衣	갈래매화지의	false	false
갈래色	갈래색	false	false
갈래鬚髥이끼	갈래수염이끼	false	false
갈림窟	갈림굴	false	false
갈림組織	갈림조직	false	false
갈림階段	갈림계단	false	false
갈림驛	갈림역	false	false
갈림點	갈림점	false	false
갈매化	갈매화	false	false
갈매化되다	갈매화되다	false	false
갈매層	갈매층	false	false
갈매桶	갈매통	false	false
갈매기蘭	갈매기란	false	false
갈비사이神經	갈비사이신경	false	false
갈비사이神經痛	갈비사이신경통	false	false
갈음標	갈음표	false	false
갈이加工	갈이가공	false	false
갈이工具	갈이공구	false	false
갈이湛水法	갈이담수법	false	false
갈이藥	갈이약	false	false
갈퀴地衣	갈퀴지의	false	false
갈퀴梅花地衣	갈퀴매화지의	false	false
감汁漆하기	감즙칠하기	false	false
감紫朱빛	감자주빛	false	false
감醬절임	감장절임	false	false
감검은얼룩病	감검은얼룩병	false	false
감검패임症	감검패임증	false	false
감는줄기植物	감는줄기식물	false	false
감아돌기繡	감아돌기수	false	false
감아올리기窓	감아올리기창	false	false
감아올리기門	감아올리기문	false	false
감자圖章	감자도장	false	false
감자環狀腐敗病	감자환상부패병	false	false
감자蘭	감자란	false	false
감자軟腐病	감자연부병	false	false
감자靑枯病	감자청고병	false	false
감자가락지病	감자가락지병	false	false
감자가루옴病	감자가루옴병	false	false
감자검은얼룩病	감자검은얼룩병	false	false
감자물컹病	감자물컹병	false	false
감자옴病	감자옴병	false	false
감자혹病	감자혹병	false	false
감침機械	감침기계	false	false
감침繡	감침수	false	false
감침裁縫機	감침재봉기	false	false
감탕光線治療	감탕광선치료	false	false
감탕氣	감탕기	false	false
감탕沐浴	감탕목욕	false	false
감탕沐浴하다	감탕목욕하다	false	false
감탕治療	감탕치료	false	false
감탕鬚髥바다지렁이	감탕수염바다지렁이	false	false
갑離別	갑리별	false	false
갑작出世	갑작출세	false	false
갑작富者	갑작부자	false	false
갑작猝富	갑작졸부	false	false
갑작變異	갑작변이	false	false
갑작變異發生	갑작변이발생	false	false
갑작變異說	갑작변이설	false	false
갑작變異體	갑작변이체	false	false
값區域	값구역	false	false
값電子	값전자	false	false
값같은線	값같은선	false	false
갓冠網	갓관망	false	false
갓난아이假死	갓난아이가사	false	false
갓난아이産瘤	갓난아이산류	false	false
갓난아이頭血腫	갓난아이두혈종	false	false
강手術	강수술	false	false
강芍藥	강작약	false	false
강낭粥	강낭죽	false	false
강낭靑대	강낭청대	false	false
강낭鬚髥	강낭수염	false	false
강냉이乾腐病	강냉이건부병	false	false
강냉이單位	강냉이단위	false	false
강냉이播種機	강냉이파종기	false	false
강냉이營養團地	강냉이영양단지	false	false
강냉이營養團地모	강냉이영양단지모	false	false
강냉이直播機	강냉이직파기	false	false
강냉이脫穀機	강냉이탈곡기	false	false
강냉이菓子	강냉이과자	false	false
강냉이蛋白먹이	강냉이단백먹이	false	false
강냉이靑대	강냉이청대	false	false
강냉이鬚髥	강냉이수염	false	false
강냉이깜부기菌	강냉이깜부기균	false	false
강냉이눈分離機	강냉이눈분리기	false	false
강냉이매문病菌	강냉이매문병균	false	false
강대筒	강대통	false	false
강대나무筒	강대나무통	false	false
강태粥	강태죽	false	false
강호리菜	강호리채	false	false
갖풀構造	갖풀구조	false	false
갖풀纖維	갖풀섬유	false	false
같기標	같기표	false	false
같기記號	같기기호	false	false
같은中心圓	같은중심원	false	false
같은差	같은차	false	false
같은差合列	같은차합렬	false	false
같은差數列	같은차수렬	false	false
같은差級數	같은차급수	false	false
같은差가운데項	같은차가운데항	false	false
같은形짝씨	같은형짝씨	false	false
같은時間性	같은시간성	false	false
같은時間線圖	같은시간선도	false	false
같은比合列	같은비합렬	false	false
같은比數列	같은비수렬	false	false
같은比級數	같은비급수	false	false
같은比가운데項	같은비가운데항	false	false
같은磁力線圖	같은자력선도	false	false
같은種移植	같은종이식	false	false
같은種다른模樣	같은종다른모양	false	false
같은質二價染色體	같은질이가염색체	false	false
같은質地盤	같은질지반	false	false
같은質곁數	같은질곁수	false	false
같은速度落下比	같은속도락하비	false	false
같은速度씻김比	같은속도씻김비	false	false
같은重力線圖	같은중력선도	false	false
같은電位線圖	같은전위선도	false	false
같은電位面	같은전위면	false	false
같은두께線	같은두께선	false	false
같은뜻遺傳子	같은뜻유전자	false	false
같은자리角	같은자리각	false	false
개圃	개포	false	false
개心보	개심보	false	false
개病	개병	false	false
개相	개상	false	false
개相통	개상통	false	false
개種子	개종자	false	false
개粉	개분	false	false
개蓮꽃	개련꽃	false	false
개賤待	개천대	false	false
개鬚髥상어	개수염상어	false	false
개魂	개혼	false	false
개구멍誤入	개구멍오입	false	false
개물벼룩類	개물벼룩류	false	false
개미陣	개미진	false	false
개미누에冷藏	개미누에랭장	false	false
개암나무떡가루病菌	개암나무떡가루병균	false	false
개울工事	개울공사	false	false
개울초籠이끼	개울초롱이끼	false	false
개이발型	개이발형	false	false
갯四철쑥	갯사철쑥	false	false
갯當歸	갯당귀	false	false
갯돌꽃地衣	갯돌꽃지의	false	false
거꿀三角函數	거꿀삼각함수	false	false
거꿀函數	거꿀함수	false	false
거꿀命題	거꿀명제	false	false
거꿀定理	거꿀정리	false	false
거꿀次例	거꿀차례	false	false
거꿀比	거꿀비	false	false
거꿀溫度法	거꿀온도법	false	false
거꿀算	거꿀산	false	false
거꿀算法	거꿀산법	false	false
거꿀行列	거꿀행렬	false	false
거꿀過程	거꿀과정	false	false
거꿀닭알模樣	거꿀닭알모양	false	false
거꿀살窓	거꿀살창	false	false
거꿀셈法	거꿀셈법	false	false
거느림和音	거느림화음	false	false
거느림音	거느림음	false	false
거둠率	거둠률	false	false
거들模樣	거들모양	false	false
거듭引用表	거듭인용표	false	false
거르기甁	거르기병	false	false
거른液	거른액	false	false
거름度	거름도	false	false
거름源泉	거름원천	false	false
거리數	거리수	false	false
거리衛生	거리위생	false	false
거리邊죽	거리변죽	false	false
거먹色	거먹색	false	false
거부기點배기벌레	거부기점배기벌레	false	false
거북菓子	거북과자	false	false
거울損失	거울손실	false	false
거위病	거위병	false	false
거지文士	거지문사	false	false
거짓受精	거짓수정	false	false
거짓年輪	거짓년륜	false	false
거짓憤怒	거짓분노	false	false
거짓渡河	거짓도하	false	false
거짓申告罪	거짓신고죄	false	false
거짓窓	거짓창	false	false
거짓約束	거짓약속	false	false
거짓말客	거짓말객	false	false
거충效果	거충효과	false	false
거충藥	거충약	false	false
거충가루藥	거충가루약	false	false
거친喇叭꽃地衣	거친나팔꽃지의	false	false
거친綿	거친면	false	false
거친翻譯	거친번역	false	false
거친털羊	거친털양	false	false
거침貿易	거침무역	false	false
거품可塑物	거품가소물	false	false
거품浮遊選鑛	거품부유선광	false	false
거품浮選	거품부선	false	false
거품産物	거품산물	false	false
거품薄膜加工	거품박막가공	false	false
거품藥	거품약	false	false
거품選別	거품선별	false	false
거품김地衣	거품김지의	false	false
거품돌버섯地衣	거품돌버섯지의	false	false
거품막이藥	거품막이약	false	false
거품지움藥	거품지움약	false	false
건辱	건욕	false	false
건너山	건너산	false	false
건너間	건너간	false	false
건넌便	건넌편	false	false
건넌山	건넌산	false	false
건넌술幕	건넌술막	false	false
건늠窟길	건늠굴길	false	false
걷기反則	걷기반칙	false	false
걷기競技	걷기경기	false	false
걸燈	걸등	false	false
걸개鐵物	걸개철물	false	false
걸름式먹이먹기	걸름식먹이먹기	false	false
걸음勢	걸음세	false	false
걸음反則	걸음반칙	false	false
걸음圓	걸음원	false	false
걸음式	걸음식	false	false
걸음擴大器具	걸음확대기구	false	false
걸음數列	걸음수렬	false	false
걸음臺	걸음대	false	false
걸음電壓	걸음전압	false	false
걸음馬車	걸음마차	false	false
걸음體	걸음체	false	false
검댕이病	검댕이병	false	false
검은喇叭버섯	검은나팔버섯	false	false
검은歐羅巴좀모기	검은구라파좀모기	false	false
검은水痘病	검은수두병	false	false
검은沙器	검은사기	false	false
검은沙糖	검은사탕	false	false
검은犀牛	검은서우	false	false
검은猩猩이	검은성성이	false	false
검은獤	검은돈	false	false
검은螢光고기	검은형광고기	false	false
검은金	검은금	false	false
검은靑쉬파리	검은청쉬파리	false	false
검은鬚髥쉬파리	검은수염쉬파리	false	false
검은點螟밤나비	검은점명밤나비	false	false
검은點긴다리풍뎅이	검은점긴다리풍뎅이	false	false
검은點밤나비	검은점밤나비	false	false
검은김地衣	검은김지의	false	false
검은다리白鷺	검은다리백로	false	false
검은띠燈불나비	검은띠등불나비	false	false
검은모루遺跡	검은모루유적	false	false
검은무늬病	검은무늬병	false	false
검은빛保眼鏡	검은빛보안경	false	false
검은얼룩病	검은얼룩병	false	false
검은줄戲弄나비	검은줄희롱나비	false	false
검은줄입孵化고기	검은줄입부화고기	false	false
검정火藥	검정화약	false	false
검정紫朱빛	검정자주빛	false	false
검정藥	검정약	false	false
검정質	검정질	false	false
검정뿌리흰잎地衣	검정뿌리흰잎지의	false	false
검줄緋緞고기	검줄비단고기	false	false
겉上針	겉상침	false	false
겉層	겉층	false	false
겉層물잡이	겉층물잡이	false	false
겉稱讚	겉칭찬	false	false
겉螺絲	겉나사	false	false
겉螺絲치개	겉나사치개	false	false
겉面再結合	겉면재결합	false	false
겉面分析	겉면분석	false	false
겉面化合物	겉면화합물	false	false
겉面化學	겉면화학	false	false
겉面層	겉면층	false	false
겉面張力	겉면장력	false	false
겉面振動機	겉면진동기	false	false
겉面波	겉면파	false	false
겉面活性알림藥	겉면활성알림약	false	false
겉面燒硬	겉면소경	false	false
겉面物理學	겉면물리학	false	false
겉面電位	겉면전위	false	false
겉面모래	겉면모래	false	false
겉面물결	겉면물결	false	false
겉面바깥힘	겉면바깥힘	false	false
겉面튐性	겉면튐성	false	false
겉그림裝飾	겉그림장식	false	false
겉목動脈	겉목동맥	false	false
겉보기指標	겉보기지표	false	false
겉보기잎數	겉보기잎수	false	false
겉불桶	겉불통	false	false
겉살나무種類	겉살나무종류	false	false
게湯	게탕	false	false
게皮	게피	false	false
게걸氣	게걸기	false	false
게걸症	게걸증	false	false
게사니脯	게사니포	false	false
게사니靈長	게사니영장	false	false
게움藥	게움약	false	false
게움멎이藥	게움멎이약	false	false
겨눔板	겨눔판	false	false
겨눔標	겨눔표	false	false
겨눔準	겨눔준	false	false
겨눔線	겨눔선	false	false
겨눔裝置	겨눔장치	false	false
겨눔角	겨눔각	false	false
겨눔距離	겨눔거리	false	false
겨눔門	겨눔문	false	false
겨눔點	겨눔점	false	false
겨리班	겨리반	false	false
겨울糧食	겨울량식	false	false
겨울나이作物	겨울나이작물	false	false
겨울나이回游	겨울나이회유	false	false
겨울나이性	겨울나이성	false	false
겨울나이率	겨울나이률	false	false
견딜性	견딜성	false	false
결霸군	결패군	false	false
겹三部分形式	겹삼부분형식	false	false
겹二次方程式	겹이차방정식	false	false
겹二部分形式	겹이부분형식	false	false
겹利子	겹리자	false	false
겹刺網	겹자망	false	false
겹子音	겹자음	false	false
겹層숲	겹층숲	false	false
겹推進機	겹추진기	false	false
겹數	겹수	false	false
겹極	겹극	false	false
겹構圖	겹구도	false	false
겹母音	겹모음	false	false
겹紋織物	겹문직물	false	false
겹組織	겹조직	false	false
겹線分岐機	겹선분기기	false	false
겹處方	겹처방	false	false
겹螺絲	겹나사	false	false
겹部材	겹부재	false	false
겹雨傘꽃次例	겹우산꽃차례	false	false
겹꽃紅梅	겹꽃홍매	false	false
겹송이꽃次例	겹송이꽃차례	false	false
겹쐐기皮帶	겹쐐기피대	false	false
겹이름數	겹이름수	false	false
겹친成分	겹친성분	false	false
겹친複合文	겹친복합문	false	false
겹친連結	겹친련결	false	false
겹침壓延	겹침압연	false	false
겹침效果	겹침효과	false	false
경시連絡	경시련락	false	false
곁反應	곁반응	false	false
곁房집	곁방집	false	false
곁數	곁수	false	false
곁數器	곁수기	false	false
곁數行列	곁수행렬	false	false
곁槍	곁창	false	false
곁槍군	곁창군	false	false
곁槍질	곁창질	false	false
곁線	곁선	false	false
곁뿌리椄	곁뿌리접	false	false
고楊木	고양목	false	false
고구마細菌病	고구마세균병	false	false
고구마얼룩病	고구마얼룩병	false	false
고금藥	고금약	false	false
고기中毒症	고기중독증	false	false
고기中毒菌	고기중독균	false	false
고기基地	고기기지	false	false
고기微生物	고기미생물	false	false
고기牧場	고기목장	false	false
고기種	고기종	false	false
고기膾	고기회	false	false
고기醬덩이	고기장덩이	false	false
고기點	고기점	false	false
고기고추醬	고기고추장	false	false
고기남새粥	고기남새죽	false	false
고기된醬	고기된장	false	false
고기모음燈	고기모음등	false	false
고기묵片	고기묵편	false	false
고기받이間	고기받이간	false	false
고기알模樣鑛石	고기알모양광석	false	false
고기잡이戰鬪	고기잡이전투	false	false
고기털種	고기털종	false	false
고깔發破	고깔발파	false	false
고깔꽃次例	고깔꽃차례	false	false
고등어熟鱠	고등어숙회	false	false
고라리生員	고라리생원	false	false
고래畓	고래답	false	false
고래砲작살	고래포작살	false	false
고래잡이捲揚機	고래잡이권양기	false	false
고루梅花地衣	고루매화지의	false	false
고루물들임藥	고루물들임약	false	false
고루물듬性	고루물듬성	false	false
고르기交配	고르기교배	false	false
고르기指數法	고르기지수법	false	false
고른系	고른계	false	false
고른꽃次例	고른꽃차례	false	false
고른살꽃次例	고른살꽃차례	false	false
고름度	고름도	false	false
고름毒症	고름독증	false	false
고름오줌症	고름오줌증	false	false
고리反應	고리반응	false	false
고리式掃氣	고리식소기	false	false
고리式運行路	고리식운행로	false	false
고리式가락	고리식가락	false	false
고리式드림줄	고리식드림줄	false	false
고리形龍鬚鐵	고리형용수철	false	false
고리效果	고리효과	false	false
고리模樣染色體	고리모양염색체	false	false
고리模樣가림	고리모양가림	false	false
고리潤滑	고리윤활	false	false
고리珊瑚무지	고리산호무지	false	false
고리精紡機	고리정방기	false	false
고리網膜炎	고리망막염	false	false
고리繡	고리수	false	false
고리繡놓이	고리수놓이	false	false
고리蝕	고리식	false	false
고리運動	고리운동	false	false
고리面	고리면	false	false
고리韻	고리운	false	false
고리體	고리체	false	false
고리體操	고리체조	false	false
고리꿰기板	고리꿰기판	false	false
고리마디動物	고리마디동물	false	false
고리모양蝕	고리모양식	false	false
고리무늬도管	고리무늬도관	false	false
고리뿔들羊	고리뿔들양	false	false
고리사슬供給機	고리사슬공급기	false	false
고리틀運動	고리틀운동	false	false
고무汁加工	고무즙가공	false	false
고무浸積加工	고무침적가공	false	false
고무漆	고무칠	false	false
고무織	고무직	false	false
고물沙工	고물사공	false	false
고물船室	고물선실	false	false
고불桶대	고불통대	false	false
고양이발톱病	고양이발톱병	false	false
고유勵起	고유려기	false	false
고임天井	고임천정	false	false
고추炭疽菌	고추탄저균	false	false
고추爆彈	고추폭탄	false	false
고치板	고치판	false	false
고치纖維헤침	고치섬유헤침	false	false
고치質	고치질	false	false
고치말림器	고치말림기	false	false
고치말림率	고치말림률	false	false
고치실層	고치실층	false	false
고치실層比率	고치실층비률	false	false
고치실모음機	고치실모음기	false	false
고치푸는機械	고치푸는기계	false	false
고치풀림處理	고치풀림처리	false	false
곧은蒴緋緞이끼	곧은삭비단이끼	false	false
곧은鏃무음	곧은촉무음	false	false
골兩班	골량반	false	false
골十年	골십년	false	false
골天障	골천장	false	false
골屛風	골병풍	false	false
골개川	골개천	false	false
골개水	골개수	false	false
골개江	골개강	false	false
골무函	골무함	false	false
골뱅이旋	골뱅이선	false	false
골씌우는機械	골씌우는기계	false	false
골짜기圃田	골짜기포전	false	false
골탄漆	골탄칠	false	false
골탄漆하다	골탄칠하다	false	false
곬溫突	곬온돌	false	false
곰보印畫紙	곰보인화지	false	false
곰보織	곰보직	false	false
곰보繡	곰보수	false	false
곱代거리	곱대거리	false	false
곱利子	곱리자	false	false
곱十番	곱십번	false	false
곱幅	곱폭	false	false
곱돌醬	곱돌장	false	false
곱새幕	곱새막	false	false
곱새標本벌레	곱새표본벌레	false	false
곱슬性	곱슬성	false	false
곱슬繡	곱슬수	false	false
곱슬纖維	곱슬섬유	false	false
곱절數	곱절수	false	false
곱추松魚	곱추송어	false	false
곱하기回路	곱하기회로	false	false
공回轉	공회전	false	false
공運動	공운동	false	false
공막이板	공막이판	false	false
공이板	공이판	false	false
과녁核	과녁핵	false	false
과녁飛行機	과녁비행기	false	false
과일山	과일산	false	false
과일糖	과일당	false	false
과일菜	과일채	false	false
과일郡	과일군	false	false
과일醋	과일초	false	false
곽印刷	곽인쇄	false	false
곽지式積載機	곽지식적재기	false	false
광대진드기病	광대진드기병	false	false
광주리발板	광주리발판	false	false
괭이農事	괭이농사	false	false
괴나리褓따리	괴나리보따리	false	false
구경票	구경표	false	false
구데기症	구데기증	false	false
구두슬치段	구두슬치단	false	false
구들待接	구들대접	false	false
구들목沙工	구들목사공	false	false
구럭網태	구럭망태	false	false
구럭背囊	구럭배낭	false	false
구른돌探査	구른돌탐사	false	false
구름抵抗	구름저항	false	false
구름模樣	구름모양	false	false
구름珊瑚고비	구름산호고비	false	false
구름病	구름병	false	false
구름蘭	구름란	false	false
구름螺絲	구름나사	false	false
구름豹紋나비	구름표문나비	false	false
구름나무地衣	구름나무지의	false	false
구름돌探査	구름돌탐사	false	false
구멍半導體	구멍반도체	false	false
구멍層幕板	구멍층막판	false	false
구멍板	구멍판	false	false
구멍架細包	구멍가세포	false	false
구멍率	구멍률	false	false
구멍甓돌	구멍벽돌	false	false
구멍窓	구멍창	false	false
구멍鐵板	구멍철판	false	false
구멍따기繡	구멍따기수	false	false
구멍무늬導管	구멍무늬도관	false	false
구메婚	구메혼	false	false
구부렁彈	구부렁탄	false	false
구부림型鋼	구부림형강	false	false
구부림壓延	구부림압연	false	false
구부림家具	구부림가구	false	false
구부림板	구부림판	false	false
구부림褶曲	구부림습곡	false	false
구석戰術	구석전술	false	false
구석旗발	구석기발	false	false
구석차기區域	구석차기구역	false	false
구슬꽃水母	구슬꽃수모	false	false
구열區域	구열구역	false	false
구운彫刻	구운조각	false	false
구워엉금法	구워엉금법	false	false
구유桶	구유통	false	false
국紙오리	국지오리	false	false
국수成形機	국수성형기	false	false
국수말類	국수말류	false	false
군片肉	군편육	false	false
군酬酌	군수작	false	false
군酬酌하다	군수작하다	false	false
군食	군식	false	false
군食率	군식솔	false	false
굳어짐性	굳어짐성	false	false
굳은子音	굳은자음	false	false
굳은松津	굳은송진	false	false
굳은板紙	굳은판지	false	false
굳은炭	굳은탄	false	false
굳은癌	굳은암	false	false
굳은石膏	굳은석고	false	false
굳은磁性	굳은자성	false	false
굳은磁性材料	굳은자성재료	false	false
굳은腦膜	굳은뇌막	false	false
굳은膏藥	굳은고약	false	false
굳은質밀	굳은질밀	false	false
굳은鉛	굳은연	false	false
굳은가둑옷地衣	굳은가둑옷지의	false	false
굳은뼈물고기類	굳은뼈물고기류	false	false
굳은살症	굳은살증	false	false
굳은살體	굳은살체	false	false
굳은씨앗處理	굳은씨앗처리	false	false
굳은씨열매類	굳은씨열매류	false	false
굴筒	굴통	false	false
굴개乾燥機	굴개건조기	false	false
굴개掘進機	굴개굴진기	false	false
굴개破碎機	굴개파쇄기	false	false
굴개鎔接	굴개용접	false	false
굴기運動	굴기운동	false	false
굴대型破碎機	굴대형파쇄기	false	false
굴대將軍	굴대장군	false	false
굴대式鑿井機	굴대식착정기	false	false
굴대潤滑	굴대윤활	false	false
굴대矯正	굴대교정	false	false
굴대進水	굴대진수	false	false
굴대발板	굴대발판	false	false
굴렁線	굴렁선	false	false
굵은밸菌	굵은밸균	false	false
굵은정갱이뼈神經	굵은정갱이뼈신경	false	false
굽은菌	굽은균	false	false
굽이率	굽이률	false	false
굽이率半徑	굽이률반경	false	false
굽이흐름地帶	굽이흐름지대	false	false
굽힘性	굽힘성	false	false
굿歲月	굿세월	false	false
굿病	굿병	false	false
궁귀알藥	궁귀알약	false	false
귀壁	귀벽	false	false
귀標찍개	귀표찍개	false	false
귀盞	귀잔	false	false
귀神經	귀신경	false	false
귀門	귀문	false	false
귀밀單位	귀밀단위	false	false
귀밀粥	귀밀죽	false	false
귀밑腺	귀밑선	false	false
귀밑腺炎	귀밑선염	false	false
귀얄鬚髥	귀얄수염	false	false
귀자르는法	귀자르는법	false	false
귀청목안管	귀청목안관	false	false
귀틀埠頭	귀틀부두	false	false
귀틀房	귀틀방	false	false
귀틀甓돌무덤	귀틀벽돌무덤	false	false
귀틀숯幕	귀틀숯막	false	false
그時	그시	false	false
그時그時	그시그시	false	false
그네出發臺	그네출발대	false	false
그네式養殖	그네식양식	false	false
그느드르順	그느드르순	false	false
그늘區域	그늘구역	false	false
그늘席	그늘석	false	false
그늘흰잎地衣	그늘흰잎지의	false	false
그루바꿈制	그루바꿈제	false	false
그루바꿈法	그루바꿈법	false	false
그루바꿈農法	그루바꿈농법	false	false
그루바꿈體系	그루바꿈체계	false	false
그림彩色	그림채색	false	false
그림房	그림방	false	false
그림粉筆	그림분필	false	false
그림草案	그림초안	false	false
그림褙接	그림배접	false	false
그림規格	그림규격	false	false
그림記號	그림기호	false	false
그림鉛筆	그림연필	false	false
그림題目	그림제목	false	false
그림자曲線	그림자곡선	false	false
그림풀이法	그림풀이법	false	false
그물幕	그물막	false	false
그물接地裝置	그물접지장치	false	false
그물模樣導管	그물모양도관	false	false
그물模樣별구름	그물모양별구름	false	false
그물模樣잎줄	그물모양잎줄	false	false
그물測深器	그물측심기	false	false
그물狀分子	그물상분자	false	false
그물網태	그물망태	false	false
그물裝置物	그물장치물	false	false
그물速度計	그물속도계	false	false
그물陣	그물진	false	false
그물電壓	그물전압	false	false
그물電極	그물전극	false	false
그물電流	그물전류	false	false
그물黑鉛	그물흑연	false	false
그물사림機械	그물사림기계	false	false
그음色	그음색	false	false
그지間	그지간	false	false
글劃	글획	false	false
글字充塡	글자충전	false	false
글字列	글자렬	false	false
글字學	글자학	false	false
글字密度	글자밀도	false	false
글字幕	글자막	false	false
글字改革	글자개혁	false	false
글字繡	글자수	false	false
글字認識	글자인식	false	false
글字종이	글자종이	false	false
글字크기	글자크기	false	false
글字풀이	글자풀이	false	false
글字풀이노래	글자풀이노래	false	false
글帖	글첩	false	false
글말言語行爲	글말언어행위	false	false
글줄採字	글줄채자	false	false
글줄採字機	글줄채자기	false	false
긁개式供給機	긁개식공급기	false	false
긁개式積載機	긁개식적재기	false	false
긁개팔式積載機	긁개팔식적재기	false	false
금못地衣	금못지의	false	false
기다림射擊	기다림사격	false	false
기다림式運營	기다림식운영	false	false
기다림時間基準	기다림시간기준	false	false
기다림線	기다림선	false	false
기둥圖表	기둥도표	false	false
기둥綠菌	기둥녹균	false	false
기둥舞踊手	기둥무용수	false	false
기둥起重機	기둥기중기	false	false
기둥身	기둥신	false	false
기둥選手	기둥선수	false	false
기둥音樂	기둥음악	false	false
기둥사이包	기둥사이포	false	false
기둥우包	기둥우포	false	false
기둥우枓栱	기둥우두공	false	false
기둥티티石	기둥티티석	false	false
기름工學	기름공학	false	false
기름工業	기름공업	false	false
기름植物	기름식물	false	false
기름模樣	기름모양	false	false
기름沙糖	기름사탕	false	false
기름沙糖藥	기름사탕약	false	false
기름浮遊選鑛	기름부유선광	false	false
기름浴	기름욕	false	false
기름湯	기름탕	false	false
기름溫度計	기름온도계	false	false
기름爐	기름로	false	false
기름盞	기름잔	false	false
기름粉	기름분	false	false
기름腺	기름선	false	false
기름藥먹임	기름약먹임	false	false
기름質	기름질	false	false
기름農藥	기름농약	false	false
기름견딜性	기름견딜성	false	false
기름그림彩色	기름그림채색	false	false
기름베개潤滑	기름베개윤활	false	false
기름빠는量	기름빠는량	false	false
기름숯鉛筆	기름숯연필	false	false
기쁨슬픔病	기쁨슬픔병	false	false
기슭整理바느질	기슭정리바느질	false	false
기슭線	기슭선	false	false
기와三間	기와삼간	false	false
기와地衣	기와지의	false	false
기와지네地衣	기와지네지의	false	false
기운中心	기운중심	false	false
기울性	기울성	false	false
기울粥	기울죽	false	false
기울임車	기울임차	false	false
기윽字낫	기윽자낫	false	false
기장熱病	기장열병	false	false
기장깜부기病	기장깜부기병	false	false
긱怯	긱겁	false	false
긱怯하다	긱겁하다	false	false
긱飯處	긱반처	false	false
긴亞麻	긴아마	false	false
긴圓토끼수레벌레	긴원토끼수레벌레	false	false
긴子音	긴자음	false	false
긴母音	긴모음	false	false
긴管땅속도랑	긴관땅속도랑	false	false
긴纖維種	긴섬유종	false	false
긴裝藥	긴장약	false	false
긴觸手바다지렁이	긴촉수바다지렁이	false	false
긴軸	긴축	false	false
긴連絡	긴련락	false	false
긴銀點豹紋나비	긴은점표문나비	false	false
긴閃光	긴섬광	false	false
긴꼬리푸른鸚鵡	긴꼬리푸른앵무	false	false
긴꽃地衣	긴꽃지의	false	false
긴날病	긴날병	false	false
긴낮植物	긴낮식물	false	false
긴낮處理	긴낮처리	false	false
긴새알唐콩	긴새알당콩	false	false
긴자루地衣	긴자루지의	false	false
긴털帽子이끼	긴털모자이끼	false	false
긴털靑물벼룩	긴털청물벼룩	false	false
길勢	길세	false	false
길半	길반	false	false
길唐나귀	길당나귀	false	false
길差備	길차비	false	false
길差備하다	길차비하다	false	false
길燈	길등	false	false
길福	길복	false	false
길糧食	길량식	false	false
길糧食하다	길량식하다	false	false
길菊花	길국화	false	false
길褓짐	길보짐	false	false
길距離	길거리	false	false
길運數	길운수	false	false
길食糧	길식량	false	false
길飮食	길음식	false	false
길가房	길가방	false	false
길금粥	길금죽	false	false
길금糖	길금당	false	false
길둥근形그물치기	길둥근형그물치기	false	false
길목信號機	길목신호기	false	false
길이標	길이표	false	false
길잡이代車	길잡이대차	false	false
길잡이器具	길잡이기구	false	false
길잡이增力裝置	길잡이증력장치	false	false
길잡이掃海	길잡이소해	false	false
길잡이燈	길잡이등	false	false
길잡이裝置	길잡이장치	false	false
길잡이軸	길잡이축	false	false
길짱구澤瀉	길짱구택사	false	false
길짱구粥	길짱구죽	false	false
김噴射式冷凍機	김분사식랭동기	false	false
김地衣	김지의	false	false
김壓縮式冷凍機	김압축식랭동기	false	false
김藥	김약	false	false
김매는機械	김매는기계	false	false
김잡이率	김잡이률	false	false
깁帳	깁장	false	false
깁鞋匠	깁혜장	false	false
깃心	깃심	false	false
깃方席	깃방석	false	false
깃模樣깊은갈래	깃모양깊은갈래	false	false
깃票	깃표	false	false
깃象毛	깃상모	false	false
깃달線	깃달선	false	false
깃벌림線	깃벌림선	false	false
깃이음線	깃이음선	false	false
깊은山버섯地衣	깊은산버섯지의	false	false
깊은구멍加工盤	깊은구멍가공반	false	false
깊은깊이窟	깊은깊이굴	false	false
깊은바다地帶	깊은바다지대	false	false
까마귀甁	까마귀병	false	false
까치唐콩	까치당콩	false	false
깔刺網	깔자망	false	false
깔性	깔성	false	false
깔木	깔목	false	false
깔板輸送	깔판수송	false	false
깔개方席	깔개방석	false	false
깔개責任者	깔개책임자	false	false
깔때기模樣꽃갓	깔때기모양꽃갓	false	false
깜빡膜	깜빡막	false	false
깨고추醬	깨고추장	false	false
깨금雨傘버섯	깨금우산버섯	false	false
깨꾸지醬	깨꾸지장	false	false
깨묵醬	깨묵장	false	false
깨잎된醬	깨잎된장	false	false
깨진面	깨진면	false	false
깬面	깬면	false	false
꺾쇠뼈밑動脈	꺾쇠뼈밑동맥	false	false
꺾어대銃	꺾어대총	false	false
꺾음天井	꺾음천정	false	false
꺾인線길이	꺾인선길이	false	false
꺾임層臺	꺾임층대	false	false
꺾임線	꺾임선	false	false
껍질層	껍질층	false	false
껍질機械	껍질기계	false	false
껍질纖維	껍질섬유	false	false
껍질鑄造	껍질주조	false	false
껍질벗김機	껍질벗김기	false	false
껴끓음混合物	껴끓음혼합물	false	false
껴끓음物質	껴끓음물질	false	false
껴끓음蒸溜	껴끓음증류	false	false
껴끓음點	껴끓음점	false	false
껴녹음溫度	껴녹음온도	false	false
껴녹음物質	껴녹음물질	false	false
껴녹음點	껴녹음점	false	false
꼬니板	꼬니판	false	false
꼬리交代	꼬리교대	false	false
꼬리腺	꼬리선	false	false
꼬리韻	꼬리운	false	false
꼬마俳優	꼬마배우	false	false
꼬마放送	꼬마방송	false	false
꼬마氣象臺	꼬마기상대	false	false
꼬마緋緞털원숭이	꼬마비단털원숭이	false	false
꼬마計劃	꼬마계획	false	false
꼬마알락戲弄나비	꼬마알락희롱나비	false	false
꼬임率	꼬임률	false	false
꼬임織	꼬임직	false	false
꼬임織物	꼬임직물	false	false
꼬임胃蟲	꼬임위충	false	false
꼬임龍鬚鐵	꼬임용수철	false	false
꼬치모음機	꼬치모음기	false	false
꼭將	꼭장	false	false
꼭者	꼭자	false	false
꼭자無識	꼭자무식	false	false
꼭자無識쟁이	꼭자무식쟁이	false	false
꼭지松耳풀	꼭지송이풀	false	false
꼭지松蘿	꼭지송라	false	false
꼭지石灰鞭毛蟲	꼭지석회편모충	false	false
꼭지筒	꼭지통	false	false
꼴帽子	꼴모자	false	false
꼴方席	꼴방석	false	false
꽁다리素材	꽁다리소재	false	false
꽃丁香나무	꽃정향나무	false	false
꽃丹楓	꽃단풍	false	false
꽃唐木	꽃당목	false	false
꽃唐추	꽃당추	false	false
꽃圃田	꽃포전	false	false
꽃壯版	꽃장판	false	false
꽃大門	꽃대문	false	false
꽃季節	꽃계절	false	false
꽃屛風	꽃병풍	false	false
꽃帽子	꽃모자	false	false
꽃形되풀이繡	꽃형되풀이수	false	false
꽃板	꽃판	false	false
꽃桂樹나무	꽃계수나무	false	false
꽃水母	꽃수모	false	false
꽃沙鉢	꽃사발	false	false
꽃琉璃	꽃유리	false	false
꽃甁치레	꽃병치레	false	false
꽃甁치레하다	꽃병치레하다	false	false
꽃甓돌	꽃벽돌	false	false
꽃神	꽃신	false	false
꽃窟	꽃굴	false	false
꽃紫게	꽃자게	false	false
꽃紬緞	꽃주단	false	false
꽃緋緞	꽃비단	false	false
꽃草藥	꽃초약	false	false
꽃蒲團	꽃포단	false	false
꽃陽傘	꽃양산	false	false
꽃雨傘	꽃우산	false	false
꽃風船	꽃풍선	false	false
꽃鬚髥풀	꽃수염풀	false	false
꽃가루中毒	꽃가루중독	false	false
꽃가루品種	꽃가루품종	false	false
꽃그릇回轉臺	꽃그릇회전대	false	false
꽃금梅花	꽃금매화	false	false
꽃다발술盞말	꽃다발술잔말	false	false
꽃봉오리黑벌	꽃봉오리흑벌	false	false
꽃싼잎膜	꽃싼잎막	false	false
꽃없는植物	꽃없는식물	false	false
꽃잎地衣	꽃잎지의	false	false
꽃잎數다른꽃	꽃잎수다른꽃	false	false
꽃잎繡	꽃잎수	false	false
꽃잎묶음標	꽃잎묶음표	false	false
꽝砲	꽝포	false	false
꽝砲쟁이	꽝포쟁이	false	false
꾀將帥	꾀장수	false	false
꾸기契約	꾸기계약	false	false
꾸밈形	꾸밈형	false	false
꾸밈手	꾸밈수	false	false
꿀源泉	꿀원천	false	false
꿀農事	꿀농사	false	false
꿀벌밤色진드기病	꿀벌밤색진드기병	false	false
꿀벌새끼벌레썩음病	꿀벌새끼벌레썩음병	false	false
꿀벌주머니發育體病	꿀벌주머니발육체병	false	false
꿀알藥	꿀알약	false	false
꿀풀香草	꿀풀향초	false	false
꿇어射擊	꿇어사격	false	false
꿰槍	꿰창	false	false
끄는熱	끄는열	false	false
끄는航法	끄는항법	false	false
끄는電動機	끄는전동기	false	false
끌機關車	끌기관차	false	false
끌管	끌관	false	false
끌能力	끌능력	false	false
끌기定量	끌기정량	false	false
끌배燈	끌배등	false	false
끌삽掘鑿機	끌삽굴착기	false	false
끌어내기線	끌어내기선	false	false
끓음乾燥	끓음건조	false	false
끓음乾燥機	끓음건조기	false	false
끓음式焙燒爐	끓음식배소로	false	false
끓음溫度	끓음온도	false	false
끓음點	끓음점	false	false
끓음點上昇	끓음점상승	false	false
끓임消毒	끓임소독	false	false
끝圓	끝원	false	false
끝子音	끝자음	false	false
끝母音	끝모음	false	false
끝筍	끝순	false	false
끝筍치기	끝순치기	false	false
끝驛	끝역	false	false
끝눈優勢	끝눈우세	false	false
끝소리法則	끝소리법칙	false	false
끼니前먹기	끼니전먹기	false	false
끼니飮食	끼니음식	false	false
끼운層	끼운층	false	false
끼움板	끼움판	false	false
끼움車	끼움차	false	false
낌炭	낌탄	false	false
나누기回路	나누기회로	false	false
나누기記號	나누기기호	false	false
나누일數	나누일수	false	false
나눔圓	나눔원	false	false
나눔數	나눔수	false	false
나눔水門	나눔수문	false	false
나도물벼룩類	나도물벼룩류	false	false
나도발톱地衣	나도발톱지의	false	false
나들票	나들표	false	false
나들線	나들선	false	false
나들門	나들문	false	false
나라政事	나라정사	false	false
나라法	나라법	false	false
나루幕	나루막	false	false
나르개加速形三極素子	나르개가속형삼극소자	false	false
나르개壽命	나르개수명	false	false
나르개擴散	나르개확산	false	false
나르개漂流	나르개표류	false	false
나르개發生	나르개발생	false	false
나리蘭	나리란	false	false
나무乾溜	나무건류	false	false
나무合板	나무합판	false	false
나무地衣	나무지의	false	false
나무堰堤	나무언제	false	false
나무塔	나무탑	false	false
나무幕	나무막	false	false
나무心	나무심	false	false
나무手榴彈	나무수류탄	false	false
나무旋盤	나무선반	false	false
나무板	나무판	false	false
나무板本	나무판본	false	false
나무構造	나무구조	false	false
나무槨돌무덤	나무곽돌무덤	false	false
나무槨무덤	나무곽무덤	false	false
나무模樣만들기	나무모양만들기	false	false
나무洑	나무보	false	false
나무版畫	나무판화	false	false
나무病	나무병	false	false
나무硏磨盤	나무연마반	false	false
나무硏磨石	나무연마석	false	false
나무笏	나무홀	false	false
나무粥	나무죽	false	false
나무線筒	나무선통	false	false
나무纖維板	나무섬유판	false	false
나무蜜	나무밀	false	false
나무起重機	나무기중기	false	false
나무가지模樣氷河	나무가지모양빙하	false	false
나무갓닿임度	나무갓닿임도	false	false
나무깎는機械	나무깎는기계	false	false
나무꽃地衣	나무꽃지의	false	false
나무누름加工	나무누름가공	false	false
나무딱장地衣	나무딱장지의	false	false
나무모板	나무모판	false	false
나무모病	나무모병	false	false
나무모마름病	나무모마름병	false	false
나무모썩음病	나무모썩음병	false	false
나무모으기工	나무모으기공	false	false
나무모음器	나무모음기	false	false
나무물津	나무물진	false	false
나무밥板	나무밥판	false	false
나무베기工	나무베기공	false	false
나무베기率	나무베기률	false	false
나무베기面	나무베기면	false	false
나무살纖維細胞	나무살섬유세포	false	false
나무속心	나무속심	false	false
나무씨病	나무씨병	false	false
나무웃도리椄	나무웃도리접	false	false
나무잎工作	나무잎공작	false	false
나무잎病	나무잎병	false	false
나무쪽무이板	나무쪽무이판	false	false
나무쪽무이裝飾	나무쪽무이장식	false	false
나무초籠이끼	나무초롱이끼	false	false
나비彈	나비탄	false	false
나비泳	나비영	false	false
나비燈	나비등	false	false
나비草	나비초	false	false
나비蘭	나비란	false	false
나비거두기板	나비거두기판	false	false
나비꼬리金붕어	나비꼬리금붕어	false	false
나비뼈窟	나비뼈굴	false	false
나오는色	나오는색	false	false
나이形質	나이형질	false	false
나이性	나이성	false	false
나이性無酸症	나이성무산증	false	false
나이造成	나이조성	false	false
나중당김法	나중당김법	false	false
나풀端	나풀단	false	false
낙지새우熟膾	낙지새우숙회	false	false
난바다形	난바다형	false	false
난바다形養殖場	난바다형양식장	false	false
낟알作物	낟알작물	false	false
낟알山	낟알산	false	false
낟알氣運	낟알기운	false	false
낟알被害	낟알피해	false	false
날人夫	날인부	false	false
날作定	날작정	false	false
날作定하다	날작정하다	false	false
날俗漢	날속한	false	false
날壯版	날장판	false	false
날強盜牌	날강도패	false	false
날強盜판	날강도판	false	false
날扶壁	날부벽	false	false
날松津	날송진	false	false
날槍	날창	false	false
날槍꽂개	날창꽂개	false	false
날槍집	날창집	false	false
날槍홈	날창홈	false	false
날灰	날회	false	false
날白丁	날백정	false	false
날盜賊	날도적	false	false
날總角	날총각	false	false
날角	날각	false	false
날銃쟁이	날총쟁이	false	false
날麥酒	날맥주	false	false
날개式	날개식	false	false
날개式流速計	날개식류속계	false	false
날개板	날개판	false	false
날개爆彈	날개폭탄	false	false
날개理論	날개리론	false	false
날개膜	날개막	false	false
날라리風	날라리풍	false	false
날려쌓기發破	날려쌓기발파	false	false
날림發破	날림발파	false	false
날삯人夫	날삯인부	false	false
날실保護器具	날실보호기구	false	false
날실監視器	날실감시기	false	false
날실精紡機	날실정방기	false	false
날음散度	날음산도	false	false
날음機	날음기	false	false
날자圖章	날자도장	false	false
날자板	날자판	false	false
날자바뀜線	날자바뀜선	false	false
날치기射擊競技	날치기사격경기	false	false
날파람牌	날파람패	false	false
남類다르다	남류다르다	false	false
남는數	남는수	false	false
남볼性	남볼성	false	false
남비壁돌	남비벽돌	false	false
남비湯	남비탕	false	false
남비起重機	남비기중기	false	false
남새中毒	남새중독	false	false
남새加工	남새가공	false	false
남새學	남새학	false	false
남새幕	남새막	false	false
남새饌	남새찬	false	false
남새자갈栽培	남새자갈재배	false	false
남새콩類	남새콩류	false	false
남은角	남은각	false	false
납鐵알	납철알	false	false
납작多孔채찍벌레	납작다공채찍벌레	false	false
낮代거리	낮대거리	false	false
낮代거리군	낮대거리군	false	false
낮映畫	낮영화	false	false
낮電燈	낮전등	false	false
낮때食	낮때식	false	false
낮비침率	낮비침률	false	false
낮은標	낮은표	false	false
낮은母音	낮은모음	false	false
낮은熱	낮은열	false	false
낮은班	낮은반	false	false
낮은目標	낮은목표	false	false
낮은直接치기	낮은직접치기	false	false
낮은날개飛行機	낮은날개비행기	false	false
낮은마루車	낮은마루차	false	false
낮은이랑式	낮은이랑식	false	false
낮춤變壓器	낮춤변압기	false	false
낱줄絕緣	낱줄절연	false	false
내氣	내기	false	false
내굴噴霧機	내굴분무기	false	false
내굴硫酸	내굴류산	false	false
내굴찜製品	내굴찜제품	false	false
내려앉음量	내려앉음량	false	false
내리供給	내리공급	false	false
내리供給하다	내리공급하다	false	false
내리劃	내리획	false	false
내리射擊	내리사격	false	false
내리批判	내리비판	false	false
내리批判되다	내리비판되다	false	false
내리批判하다	내리비판하다	false	false
내리掘進	내리굴진	false	false
내리掘進機	내리굴진기	false	false
내리積載	내리적재	false	false
내리窟	내리굴	false	false
내림坑道	내림갱도	false	false
내림式소금밭	내림식소금밭	false	false
내림炭	내림탄	false	false
내민埠頭	내민부두	false	false
내민層臺	내민층대	false	false
내민房	내민방	false	false
내민臺	내민대	false	false
내밀性	내밀성	false	false
내쏨椅子	내쏨의자	false	false
내칠性	내칠성	false	false
내킬性	내킬성	false	false
냄새傳導路	냄새전도로	false	false
냄새分別筒	냄새분별통	false	false
냄새器官	냄새기관	false	false
냄새腺	냄새선	false	false
냄새藥	냄새약	false	false
냄새막이粉	냄새막이분	false	false
냄새막이藥	냄새막이약	false	false
냄새빼기藥	냄새빼기약	false	false
냄새쏘임藥	냄새쏘임약	false	false
너구리相	너구리상	false	false
너럭方席돌	너럭방석돌	false	false
너리症	너리증	false	false
너비射擊	너비사격	false	false
넉字배기	넉자배기	false	false
넉點瘧疾모기	넉점학질모기	false	false
넉點검은瘧疾모기	넉점검은학질모기	false	false
넉點멸구	넉점멸구	false	false
넉點콩바구미	넉점콩바구미	false	false
넉줄唐콩	넉줄당콩	false	false
넌출性植物	넌출성식물	false	false
넌출繁殖	넌출번식	false	false
널壁집	널벽집	false	false
널寢牀	널침상	false	false
널寢臺	널침대	false	false
널層層臺	널층층대	false	false
널層階	널층계	false	false
널幕	널막	false	false
널房	널방	false	false
널椅子	널의자	false	false
널長房	널장방	false	false
널階段	널계단	false	false
널담牆	널담장	false	false
널덧門	널덧문	false	false
널림函數	널림함수	false	false
널림式養殖	널림식양식	false	false
널쪽걸床	널쪽걸상	false	false
넓은琉璃파리	넓은류리파리	false	false
넓은鐵길	넓은철길	false	false
넓은骨盤	넓은골반	false	false
넓은갑옷地衣	넓은갑옷지의	false	false
넓은나무地衣	넓은나무지의	false	false
넓은나무꽃地衣	넓은나무꽃지의	false	false
넓은다리類	넓은다리류	false	false
넓은사슴地衣	넓은사슴지의	false	false
넓은잎丁香나무	넓은잎정향나무	false	false
넓은잎丹楓나무	넓은잎단풍나무	false	false
넓은잎濕地이끼	넓은잎습지이끼	false	false
넓은잎탱주地衣	넓은잎탱주지의	false	false
넓적글字	넓적글자	false	false
넘겨射擊	넘겨사격	false	false
넘어진褶谷	넘어진습곡	false	false
넘어짐견딜性	넘어짐견딜성	false	false
넙적다리動脈	넙적다리동맥	false	false
넝쿨薔薇	넝쿨장미	false	false
네番치기	네번치기	false	false
네象毛돌리기	네상모돌리기	false	false
네間들이	네간들이	false	false
네가락食蟻獸	네가락식의수	false	false
네꼭지網	네꼭지망	false	false
네모鳶	네모연	false	false
넷째線도音標	넷째선도음표	false	false
노搖船	노요선	false	false
노다지窟	노다지굴	false	false
노라발간色	노라발간색	false	false
노란朱丹이끼	노란주단이끼	false	false
노란盞버섯	노란잔버섯	false	false
노란雀蘭花	노란작란화	false	false
노란깃燈불나비	노란깃등불나비	false	false
노란자위呼吸	노란자위호흡	false	false
노란자위憩室	노란자위계실	false	false
노란자위色	노란자위색	false	false
노랑五色나비	노랑오색나비	false	false
노랑冠鸚鵡	노랑관앵무	false	false
노랑地衣	노랑지의	false	false
노랑子囊花	노랑자낭화	false	false
노랑梅花地衣	노랑매화지의	false	false
노랑病	노랑병	false	false
노랑錢	노랑전	false	false
노랑높은山뱀눈나비	노랑높은산뱀눈나비	false	false
노랑뒤날개鬚髥밤나비	노랑뒤날개수염밤나비	false	false
노랑별戲弄나비	노랑별희롱나비	false	false
노랑알락戲弄나비	노랑알락희롱나비	false	false
노래才談	노래재담	false	false
노래相	노래상	false	false
노래調	노래조	false	false
노박山	노박산	false	false
노전房	노전방	false	false
노죽氣	노죽기	false	false
녹은鹽電解	녹은염전해	false	false
녹음安全器	녹음안전기	false	false
녹음板	녹음판	false	false
녹음鍍金	녹음도금	false	false
녹음點	녹음점	false	false
논中間말리기	논중간말리기	false	false
논冷床모	논랭상모	false	false
논前作	논전작	false	false
논整理	논정리	false	false
논水平	논수평	false	false
논灌水	논관수	false	false
논長者	논장자	false	false
논덧물量	논덧물량	false	false
논밭머리保護	논밭머리보호	false	false
논스밈量	논스밈량	false	false
논판施設	논판시설	false	false
논판貯水	논판저수	false	false
논판물管理	논판물관리	false	false
놀림手	놀림수	false	false
놀이場	놀이장	false	false
놋大盒	놋대합	false	false
놋戈	놋과	false	false
놋鎔接	놋용접	false	false
놋黃色	놋황색	false	false
농마作物	농마작물	false	false
농마糖	농마당	false	false
농마質먹이	농마질먹이	false	false
높낮이平行棒	높낮이평행봉	false	false
높은層구름	높은층구름	false	false
높은山갈래잎이끼	높은산갈래잎이끼	false	false
높은山한줄나비	높은산한줄나비	false	false
높은山흰나비	높은산흰나비	false	false
높은斑	높은반	false	false
높은標	높은표	false	false
높은母音	높은모음	false	false
높은眞空	높은진공	false	false
높은날개飛行機	높은날개비행기	false	false
높이中心	높이중심	false	false
높이標	높이표	false	false
높이角	높이각	false	false
높임變電所	높임변전소	false	false
놓임要素	놓임요소	false	false
누게幕	누게막	false	false
누런毒나비	누런독나비	false	false
누런點거미삼바리	누런점거미삼바리	false	false
누런點털딱지조개	누런점털딱지조개	false	false
누런살梅花地衣	누런살매화지의	false	false
누렁病	누렁병	false	false
누렁砒素鑛	누렁비소광	false	false
누렁色	누렁색	false	false
누렁體	누렁체	false	false
누렁고름菌	누렁고름균	false	false
누렁시듬病	누렁시듬병	false	false
누룩藥	누룩약	false	false
누르개樂器	누르개악기	false	false
누른七月	누른칠월	false	false
누른獤	누른돈	false	false
누른잎地衣	누른잎지의	false	false
누름圖式	누름도식	false	false
누름壓延	누름압연	false	false
누름孔型	누름공형	false	false
누름式造型	누름식조형	false	false
누름炙	누름적	false	false
누름版	누름판	false	false
누름磁氣	누름자기	false	false
누름表	누름표	false	false
누름試驗	누름시험	false	false
누름運動	누름운동	false	false
누름量	누름량	false	false
누름鐵筋	누름철근	false	false
누름電氣	누름전기	false	false
누름電氣效果	누름전기효과	false	false
누름곁數	누름곁수	false	false
누비蒲團	누비포단	false	false
누에坂	누에판	false	false
누에房	누에방	false	false
누에泄瀉病	누에설사병	false	false
누에病理學	누에병리학	false	false
누에線蟲病	누에선충병	false	false
누에育種學	누에육종학	false	false
누에農藥中毒症	누에농약중독증	false	false
누에飼育學	누에사육학	false	false
누에굳음病	누에굳음병	false	false
누에나비冷藏	누에나비랭장	false	false
누에담배中毒症	누에담배중독증	false	false
누에먹이學	누에먹이학	false	false
누에알鹽酸담그기	누에알염산담그기	false	false
누에치기學	누에치기학	false	false
누에치기道具	누에치기도구	false	false
누운瀑布	누운폭포	false	false
누운褶曲	누운습곡	false	false
누운가지肥料	누운가지비료	false	false
눅거리同情	눅거리동정	false	false
눈丹粧	눈단장	false	false
눈內壓	눈내압	false	false
눈壓	눈압	false	false
눈山升麻	눈산승마	false	false
눈戰壕	눈전호	false	false
눈板	눈판	false	false
눈板뀀	눈판뀀	false	false
눈板끈	눈판끈	false	false
눈比色計	눈비색계	false	false
눈洗手	눈세수	false	false
눈浸蝕作用	눈침식작용	false	false
눈火點	눈화점	false	false
눈神經	눈신경	false	false
눈精	눈정	false	false
눈線	눈선	false	false
눈膏藥	눈고약	false	false
눈色견줌法	눈색견줌법	false	false
눈葬	눈장	false	false
눈診斷	눈진단	false	false
눈量	눈량	false	false
눈量재개	눈량재개	false	false
눈雜音	눈잡음	false	false
눈頉	눈탈	false	false
눈點	눈점	false	false
눈가지變異	눈가지변이	false	false
눈갈퀴地衣	눈갈퀴지의	false	false
눈갑작變異體	눈갑작변이체	false	false
눈금量水標	눈금량수표	false	false
눈금새김誤差	눈금새김오차	false	false
눈길行軍	눈길행군	false	false
눈까풀痙攣症	눈까풀경련증	false	false
눈까풀기슭炎	눈까풀기슭염	false	false
눈막이窟	눈막이굴	false	false
눈먼射擊	눈먼사격	false	false
눈먼銃알	눈먼총알	false	false
눈먼銃질	눈먼총질	false	false
눈물腺	눈물선	false	false
눈밑腺	눈밑선	false	false
눈바닥檢査	눈바닥검사	false	false
눈벌레病	눈벌레병	false	false
눈벌레症	눈벌레증	false	false
눈보기二重별	눈보기이중별	false	false
눈보기方向	눈보기방향	false	false
눈보기望遠鏡	눈보기망원경	false	false
눈보기測光	눈보기측광	false	false
눈보기距離	눈보기거리	false	false
눈보기限界	눈보기한계	false	false
눈섭線	눈섭선	false	false
눈씻는藥	눈씻는약	false	false
눈아래腺	눈아래선	false	false
눈알炎	눈알염	false	false
눈젖없는種子	눈젖없는종자	false	false
눈치기車	눈치기차	false	false
느낌地震	느낌지진	false	false
느낌域	느낌역	false	false
느낌式	느낌식	false	false
느낌文	느낌문	false	false
느린曲線	느린곡선	false	false
느린繼電器	느린계전기	false	false
느린脈	느린맥	false	false
느린速度層	느린속도층	false	false
는三和音	는삼화음	false	false
늘같기式	늘같기식	false	false
늘음性	늘음성	false	false
늘이기곁數	늘이기곁수	false	false
늘임工程	늘임공정	false	false
늙은이難聽	늙은이난청	false	false
능기와張	능기와장	false	false
능쟁이皮膚炎	능쟁이피부염	false	false
늦唐콩	늦당콩	false	false
늦媤집	늦시집	false	false
늦番	늦번	false	false
늦種	늦종	false	false
늦肥料	늦비료	false	false
늦蓖麻주	늦피마주	false	false
늦춘和音	늦춘화음	false	false
늦춘音	늦춘음	false	false
늦춤線路	늦춤선로	false	false
다님板	다님판	false	false
다님表	다님표	false	false
다듬量	다듬량	false	false
다락寢牀	다락침상	false	false
다락山	다락산	false	false
다락望臺	다락망대	false	false
다른形꽃술대	다른형꽃술대	false	false
다른꽃受精	다른꽃수정	false	false
다른초리털벌레類	다른초리털벌레류	false	false
다름性	다름성	false	false
다리埠頭	다리부두	false	false
다리欄干	다리란간	false	false
다리結合度	다리결합도	false	false
다리計算짐	다리계산짐	false	false
다리起重機	다리기중기	false	false
다리軌道	다리궤도	false	false
다리鬚髥	다리수염	false	false
다리놓기藥	다리놓기약	false	false
다리미手巾	다리미수건	false	false
다리미臺	다리미대	false	false
다리밑空間限界	다리밑공간한계	false	false
다리사이膜	다리사이막	false	false
다리웃空間限界	다리웃공간한계	false	false
다리이름版	다리이름판	false	false
다림加工	다림가공	false	false
다림받침臺	다림받침대	false	false
다문曲線	다문곡선	false	false
다문曲面	다문곡면	false	false
다섯番갈이體系	다섯번갈이체계	false	false
다시마農事	다시마농사	false	false
다시마알沙糖	다시마알사탕	false	false
다짐式말뚝	다짐식말뚝	false	false
다짐書	다짐서	false	false
다짐板	다짐판	false	false
다짐곁數	다짐곁수	false	false
다짐흙堰堤	다짐흙언제	false	false
단感	단감	false	false
단氣	단기	false	false
단菊花	단국화	false	false
단醋물	단초물	false	false
단醬	단장	false	false
단맛藥	단맛약	false	false
단물藥	단물약	false	false
단알藥	단알약	false	false
단지式페매기	단지식페매기	false	false
단지漁撈	단지어로	false	false
단추電話機	단추전화기	false	false
단추구멍機	단추구멍기	false	false
단추구멍얽기繡	단추구멍얽기수	false	false
닫긴前線	닫긴전선	false	false
닫긴區間	닫긴구간	false	false
닫긴回路	닫긴회로	false	false
닫긴回路操縱體系	닫긴회로조종체계	false	false
닫긴孔型	닫긴공형	false	false
닫긴數	닫긴수	false	false
닫긴曲線	닫긴곡선	false	false
닫긴核	닫긴핵	false	false
닫긴母音	닫긴모음	false	false
닫긴港	닫긴항	false	false
닫긴湖水	닫긴호수	false	false
닫긴管試驗	닫긴관시험	false	false
닫긴管묶음	닫긴관묶음	false	false
닫긴系	닫긴계	false	false
닫긴賣臺	닫긴매대	false	false
닫긴電動機	닫긴전동기	false	false
닫긴電子殼	닫긴전자각	false	false
닫긴電弧	닫긴전호	false	false
닫긴깃洋服	닫긴깃양복	false	false
닫김式	닫김식	false	false
닫김式軌道回路	닫김식궤도회로	false	false
닫김式구멍뚫기	닫김식구멍뚫기	false	false
닫힌前線	닫힌전선	false	false
닫힌母音	닫힌모음	false	false
닫힘式	닫힘식	false	false
달作定	달작정	false	false
달作定하다	달작정하다	false	false
달地震	달지진	false	false
달地震재개	달지진재개	false	false
달雇錢	달고전	false	false
달거리困難症	달거리곤난증	false	false
달겉面自動車	달겉면자동차	false	false
달겉面부딪침	달겉면부딪침	false	false
달고修理	달고수리	false	false
달굼效果	달굼효과	false	false
달래醬찌개	달래장찌개	false	false
달리기競技	달리기경기	false	false
달림曲	달림곡	false	false
달림線	달림선	false	false
달반날週期分潮	달반날주기분조	false	false
달임藥	달임약	false	false
닭傳染性腦脊髓炎	닭전염성뇌척수염	false	false
닭傳染性코炎	닭전염성코염	false	false
닭多層管理	닭다층관리	false	false
닭寸白蟲	닭촌백충	false	false
닭工場	닭공장	false	false
닭湯	닭탕	false	false
닭牧場	닭목장	false	false
닭疫病	닭역병	false	false
닭種子알	닭종자알	false	false
닭管理工	닭관리공	false	false
닭胃蟲	닭위충	false	false
닭脚	닭각	false	false
닭色말이	닭색말이	false	false
닭고기冷菜	닭고기랭채	false	false
닭알包裝機	닭알포장기	false	false
닭알工場	닭알공장	false	false
닭알煎	닭알전	false	false
닭알粥	닭알죽	false	false
닭알菜	닭알채	false	false
닭알豆腐	닭알두부	false	false
닭알豆腐국	닭알두부국	false	false
닭알醬	닭알장	false	false
닭알醬국밥	닭알장국밥	false	false
닭알둥근模樣	닭알둥근모양	false	false
닭의蘭	닭의란	false	false
닭잉어湯	닭잉어탕	false	false
닮음中心	닮음중심	false	false
닮음圖形	닮음도형	false	false
닮음多角形	닮음다각형	false	false
닮음法	닮음법	false	false
닳음견딜性	닳음견딜성	false	false
닳음견딜鋼	닳음견딜강	false	false
담壁	담벽	false	false
담壁뛰여넘기	담벽뛰여넘기	false	false
담금比	담금비	false	false
담배中毒症	담배중독증	false	false
담배函	담배함	false	false
담배匣	담배갑	false	false
담배津	담배진	false	false
담배疫病菌	담배역병균	false	false
담배筍	담배순	false	false
담배醱酵學	담배발효학	false	false
담배飢渴	담배기갈	false	false
담배대桶	담배대통	false	false
담배말紙	담배말지	false	false
담배모마름病	담배모마름병	false	false
닷냥金	닷냥금	false	false
당김區間	당김구간	false	false
당김治療	당김치료	false	false
당김線	당김선	false	false
당김線그림	당김선그림	false	false
당김試驗	당김시험	false	false
당김鐵筋	당김철근	false	false
당김開閉器	당김개페기	false	false
당김電柱	당김전주	false	false
당김龍鬚鐵	당김용수철	false	false
당김龜裂	당김균렬	false	false
당두리船	당두리선	false	false
당목帽子	당목모자	false	false
닻機械	닻기계	false	false
닻設備	닻설비	false	false
닻벌레病	닻벌레병	false	false
닿이線	닿이선	false	false
닿이點	닿이점	false	false
대數損傷率	대수손상률	false	false
대數베기律	대수베기률	false	false
대津구새	대진구새	false	false
대筍나물	대순나물	false	false
대꽂이法	대꽂이법	false	false
대잎玄胡索	대잎현호색	false	false
대추잎알藥	대추잎알약	false	false
대틀車	대틀차	false	false
대패工	대패공	false	false
대패機	대패기	false	false
댕기地衣	댕기지의	false	false
댕기運動	댕기운동	false	false
더꺼머리總角	더꺼머리총각	false	false
더꺼머리處女	더꺼머리처녀	false	false
더덜기法	더덜기법	false	false
더디물들임藥	더디물들임약	false	false
더미浸出	더미침출	false	false
더운低氣壓	더운저기압	false	false
더운前線	더운전선	false	false
더운圈	더운권	false	false
더운氣團	더운기단	false	false
더운空氣떼	더운공기떼	false	false
더운내굴찜法	더운내굴찜법	false	false
더운내굴찜製品	더운내굴찜제품	false	false
더운물浴	더운물욕	false	false
더하기定理	더하기정리	false	false
더하기性	더하기성	false	false
더하기計算器	더하기계산기	false	false
더하기記號	더하기기호	false	false
덕地帶	덕지대	false	false
덕地帶밭	덕지대밭	false	false
덕水	덕수	false	false
덕水浴	덕수욕	false	false
덕水湯	덕수탕	false	false
덕대板	덕대판	false	false
덕대模樣	덕대모양	false	false
덕땅形	덕땅형	false	false
덕장型養殖	덕장형양식	false	false
던지기場	던지기장	false	false
덜기標	덜기표	false	false
덜기記號	덜기기호	false	false
덜닳음鋼	덜닳음강	false	false
덜릴數	덜릴수	false	false
덜미大門	덜미대문	false	false
덜쓸림合金	덜쓸림합금	false	false
덜짠물湖水	덜짠물호수	false	false
덥히기法	덥히기법	false	false
덥힘法	덥힘법	false	false
덧不安	덧불안	false	false
덧壁	덧벽	false	false
덧幅	덧폭	false	false
덧損失	덧손실	false	false
덧木	덧목	false	false
덧板잇손	덧판잇손	false	false
덧炭	덧탄	false	false
덧炭감	덧탄감	false	false
덧牔栱	덧박공	false	false
덧發破	덧발파	false	false
덧發破되다	덧발파되다	false	false
덧發破하다	덧발파하다	false	false
덧管式	덧관식	false	false
덧線	덧선	false	false
덧肥料	덧비료	false	false
덧食事	덧식사	false	false
덧거름機械	덧거름기계	false	false
덧물保護法	덧물보호법	false	false
덧붙임法	덧붙임법	false	false
덩이炭	덩이탄	false	false
덩이率	덩이률	false	false
덩이粉	덩이분	false	false
덩이配合먹이	덩이배합먹이	false	false
덩이重合	덩이중합	false	false
덩이鑛石	덩이광석	false	false
덮紙	덮지	false	false
덮개方席	덮개방석	false	false
덮임度	덮임도	false	false
데림分數	데림분수	false	false
데림小數	데림소수	false	false
덴怯	덴겁	false	false
덴怯하다	덴겁하다	false	false
도가니誘導爐	도가니유도로	false	false
도깨비長物	도깨비장물	false	false
도끼木手	도끼목수	false	false
도끼木手군	도끼목수군	false	false
도끼木手질	도끼목수질	false	false
도끼石	도끼석	false	false
도끼날形활鏃	도끼날형활촉	false	false
도는變流機	도는변류기	false	false
도는門	도는문	false	false
도랑梅花地衣	도랑매화지의	false	false
도련鬼神	도련귀신	false	false
도루메기食醢	도루메기식혜	false	false
도움藥	도움약	false	false
돈主	돈주	false	false
돈兩	돈량	false	false
돈兩간	돈냥간	false	false
돈圖案	돈도안	false	false
돈山	돈산	false	false
돈庫間	돈고간	false	false
돈時勢	돈시세	false	false
돈沙汰	돈사태	false	false
돈苟艱	돈구간	false	false
돈重	돈중	false	false
돈구멍數	돈구멍수	false	false
돈잎손톱地衣	돈잎손톱지의	false	false
돋보기琉璃	돋보기유리	false	false
돋을印刷	돋을인쇄	false	false
돋을版	돋을판	false	false
돋을版畫	돋을판화	false	false
돋을造形	돋을조형	false	false
돋을그림裝飾	돋을그림장식	false	false
돌假山	돌가산	false	false
돌全鰒	돌전복	false	false
돌垌뚝	돌동뚝	false	false
돌城	돌성	false	false
돌堰堤	돌언제	false	false
돌壁	돌벽	false	false
돌大砲	돌대포	false	false
돌將軍	돌장군	false	false
돌幕집	돌막집	false	false
돌建材	돌건재	false	false
돌彫刻技法	돌조각기법	false	false
돌心지	돌심지	false	false
돌手巾	돌수건	false	false
돌放熱器	돌방열기	false	false
돌板	돌판	false	false
돌板길	돌판길	false	false
돌板무덤	돌판무덤	false	false
돌棺무덤	돌관무덤	false	false
돌構造	돌구조	false	false
돌槍	돌창	false	false
돌槨	돌곽	false	false
돌槨무덤	돌곽무덤	false	false
돌槨흙무덤	돌곽흙무덤	false	false
돌欄干	돌란간	false	false
돌水堤	돌수제	false	false
돌江	돌강	false	false
돌江邊	돌강변	false	false
돌沙果	돌사과	false	false
돌炭	돌탄	false	false
돌燈	돌등	false	false
돌版	돌판	false	false
돌版印刷	돌판인쇄	false	false
돌版畫	돌판화	false	false
돌版畫技法	돌판화기법	false	false
돌生日	돌생일	false	false
돌症	돌증	false	false
돌短劍	돌단검	false	false
돌砲臺	돌포대	false	false
돌硏磨機	돌연마기	false	false
돌祭	돌제	false	false
돌祭祀	돌제사	false	false
돌窟	돌굴	false	false
돌筋肉	돌근육	false	false
돌箱子	돌상자	false	false
돌箱子무덤	돌상자무덤	false	false
돌粥	돌죽	false	false
돌纏帶	돌전대	false	false
돌脈	돌맥	false	false
돌蓮못	돌련못	false	false
돌護岸工	돌호안공	false	false
돌質	돌질	false	false
돌銃	돌총	false	false
돌鍼	돌침	false	false
돌鑄物	돌주물	false	false
돌鑄物彫刻	돌주물조각	false	false
돌가름機械	돌가름기계	false	false
돌기板	돌기판	false	false
돌기窓	돌기창	false	false
돌기運動	돌기운동	false	false
돌기違反	돌기위반	false	false
돌꽃地衣	돌꽃지의	false	false
돌담窟	돌담굴	false	false
돌돌림遺跡	돌돌림유적	false	false
돌림客車	돌림객차	false	false
돌림式放牧	돌림식방목	false	false
돌림式訓鍊方法	돌림식훈련방법	false	false
돌림式놓아먹이기	돌림식놓아먹이기	false	false
돌림式여닫이	돌림식여닫이	false	false
돌림次例式	돌림차례식	false	false
돌림臺	돌림대	false	false
돌림計算	돌림계산	false	false
돌림門	돌림문	false	false
돌림開閉器	돌림개페기	false	false
돌막이窟	돌막이굴	false	false
돌물作用	돌물작용	false	false
돌바숨機	돌바숨기	false	false
돌바숨機械	돌바숨기계	false	false
돌박山	돌박산	false	false
돌방川	돌방천	false	false
돌버섯地衣	돌버섯지의	false	false
돌붙이作業	돌붙이작업	false	false
돌새우類	돌새우류	false	false
돌솜陶器	돌솜도기	false	false
돌이式鐵塔	돌이식철탑	false	false
돌이表	돌이표	false	false
돌이驛	돌이역	false	false
돌이點標識	돌이점표식	false	false
돌칸돌基壇무덤	돌칸돌기단무덤	false	false
돌활鏃	돌활촉	false	false
돌흙堰堤	돌흙언제	false	false
돗자리繡	돗자리수	false	false
동羊	동양	false	false
동그래粥	동그래죽	false	false
동기와張	동기와장	false	false
동마루幅	동마루폭	false	false
동발幕	동발막	false	false
동발引揚機	동발인양기	false	false
동발木	동발목	false	false
동발組立機	동발조립기	false	false
동발나무林	동발나무림	false	false
동자間	동자간	false	false
돛沙工	돛사공	false	false
돛대燈	돛대등	false	false
돼지人工젖	돼지인공젖	false	false
돼지工場	돼지공장	false	false
돼지廛	돼지전	false	false
돼지步銃	돼지보총	false	false
돼지生活	돼지생활	false	false
돼지痘瘡	돼지두창	false	false
돼지窟	돼지굴	false	false
돼지肺蟲病	돼지페충병	false	false
돼지胃蟲病	돼지위충병	false	false
돼지配合먹이	돼지배합먹이	false	false
돼지鉤頭蟲	돼지구두충	false	false
돼지鉤頭蟲病	돼지구두충병	false	false
돼지間	돼지간	false	false
돼지돌림感氣	돼지돌림감기	false	false
돼지물집病	돼지물집병	false	false
돼지옴病	돼지옴병	false	false
돼지파라돌림感氣	돼지파라돌림감기	false	false
되甁	되병	false	false
되窓門	되창문	false	false
되草	되초	false	false
되請	되청	false	false
되請하다	되청하다	false	false
되豆腐	되두부	false	false
되거리販賣	되거리판매	false	false
되거리貿易	되거리무역	false	false
되돌림比較方式	되돌림비교방식	false	false
되돌이機關	되돌이기관	false	false
되돌이精鑛	되돌이정광	false	false
되돌이變化	되돌이변화	false	false
되돌이過程	되돌이과정	false	false
되살이加工	되살이가공	false	false
되살이江	되살이강	false	false
되풀이法	되풀이법	false	false
되풀이繡	되풀이수	false	false
된主人	된주인	false	false
된怯	된겁	false	false
된怯하다	된겁하다	false	false
된棍杖	된곤장	false	false
된湯	된탕	false	false
된膏藥	된고약	false	false
된要求	된요구	false	false
된變	된변	false	false
된辱說	된욕설	false	false
된追窮	된추궁	false	false
된逢變	된봉변	false	false
된雨雹	된우박	false	false
된食前	된식전	false	false
된黥	된경	false	false
두位分	두위분	false	false
두兼床	두겸상	false	false
두因子交雜	두인자교잡	false	false
두性雜種	두성잡종	false	false
두方向制限機	두방향제한기	false	false
두構成文	두구성문	false	false
두模樣꽃	두모양꽃	false	false
두段쌓기	두단쌓기	false	false
두水準操縱體系	두수준조종체계	false	false
두番치기	두번치기	false	false
두色版	두색판	false	false
두色版畫	두색판화	false	false
두通路收音器	두통로수음기	false	false
두鏃귀사개	두촉귀사개	false	false
두面角材	두면각재	false	false
두點	두점	false	false
두點休止點	두점휴지점	false	false
두點瘧疾모기	두점학질모기	false	false
두點멸구	두점멸구	false	false
두點배기애기벌	두점배기애기벌	false	false
두點소리標	두점소리표	false	false
두點쉼標	두점쉼표	false	false
두가락食蟻獸	두가락식의수	false	false
두겹接點	두겹접점	false	false
두겹母音	두겹모음	false	false
두겹礙子	두겹애자	false	false
두겹窓	두겹창	false	false
두겹色琉璃	두겹색유리	false	false
두귀效果	두귀효과	false	false
두그루農事	두그루농사	false	false
두꺼비相	두꺼비상	false	false
두날개飛行機	두날개비행기	false	false
두더지窟	두더지굴	false	false
두드림檢査	두드림검사	false	false
두드림鐵	두드림철	false	false
두렁唐콩	두렁당콩	false	false
두레方席	두레방석	false	false
두루風	두루풍	false	false
두루미燈	두루미등	false	false
두룽沼	두룽소	false	false
두리盤床	두리반상	false	false
두리錚盤	두리쟁반	false	false
두마디分布	두마디분포	false	false
두마디式	두마디식	false	false
두메山村	두메산촌	false	false
두메玉簪花	두메옥잠화	false	false
두메阿片꽃	두메아편꽃	false	false
두메驛	두메역	false	false
두바닥平爐	두바닥평로	false	false
두벌婚事	두벌혼사	false	false
두벌子息	두벌자식	false	false
두벌農事	두벌농사	false	false
두벌農事型	두벌농사형	false	false
두벌農事하다	두벌농사하다	false	false
두벌食事	두벌식사	false	false
두벌담배栽培	두벌담배재배	false	false
두봉花	두봉화	false	false
두뿔犀牛	두뿔서우	false	false
두싹잎植物	두싹잎식물	false	false
두싹잎種子	두싹잎종자	false	false
두자리飛行機	두자리비행기	false	false
두제곱檢波	두제곱검파	false	false
두줄索道	두줄삭도	false	false
둔덕山	둔덕산	false	false
둘러선잎次例	둘러선잎차례	false	false
둘레巖	둘레암	false	false
둘레發破구멍	둘레발파구멍	false	false
둘레膜	둘레막	false	false
둘레같기問題	둘레같기문제	false	false
둘레깎기盤	둘레깎기반	false	false
둥근彫刻	둥근조각	false	false
둥근心臟조개	둥근심장조개	false	false
둥근桶비늘이끼	둥근통비늘이끼	false	false
둥근桶이끼	둥근통이끼	false	false
둥근母音	둥근모음	false	false
둥근神仙魚	둥근신선어	false	false
둥근窓	둥근창	false	false
둥근걸床	둥근걸상	false	false
둥근뜨개機械	둥근뜨개기계	false	false
둥근싹梅花地衣	둥근싹매화지의	false	false
둥근입술母音	둥근입술모음	false	false
둥근톱機	둥근톱기	false	false
둥글小盤	둥글소반	false	false
둥글帽子	둥글모자	false	false
둥글床	둥글상	false	false
둥글板써레	둥글판써레	false	false
둥글桶型	둥글통형	false	false
둥글桶體	둥글통체	false	false
둥글椅子	둥글의자	false	false
둥글繡	둥글수	false	false
둥글黃소	둥글황소	false	false
둥글걸床	둥글걸상	false	false
둥글밥床	둥글밥상	false	false
둥지法	둥지법	false	false
둥지뜨기性	둥지뜨기성	false	false
둥지머물性	둥지머물성	false	false
뒤口令	뒤구령	false	false
뒤地帶	뒤지대	false	false
뒤天障소리	뒤천장소리	false	false
뒤天障소리되기	뒤천장소리되기	false	false
뒤山	뒤산	false	false
뒤幕	뒤막	false	false
뒤張	뒤장	false	false
뒤心亂하다	뒤심란하다	false	false
뒤手匣	뒤수갑	false	false
뒤收拾	뒤수습	false	false
뒤斟酌	뒤짐작	false	false
뒤是非	뒤시비	false	false
뒤是非질	뒤시비질	false	false
뒤時間	뒤시간	false	false
뒤機關自動車	뒤기관자동차	false	false
뒤母音	뒤모음	false	false
뒤水平懸垂	뒤수평현수	false	false
뒤生活	뒤생활	false	false
뒤白面	뒤백면	false	false
뒤窓	뒤창	false	false
뒤脈	뒤맥	false	false
뒤腦	뒤뇌	false	false
뒤臺車	뒤대차	false	false
뒤褓따리	뒤보따리	false	false
뒤通過角	뒤통과각	false	false
뒤門	뒤문	false	false
뒤門치기	뒤문치기	false	false
뒤面따기旋盤	뒤면따기선반	false	false
뒤面묻어나기	뒤면묻어나기	false	false
뒤글字	뒤글자	false	false
뒤담壁	뒤담벽	false	false
뒤로移動	뒤로이동	false	false
뒤로連絡	뒤로련락	false	false
뒤머리神經痛	뒤머리신경통	false	false
뒤머리稜線	뒤머리릉선	false	false
뒤무직症	뒤무직증	false	false
뒤붙임法	뒤붙임법	false	false
뒤삽掘鑿機	뒤삽굴착기	false	false
뒤울림時間	뒤울림시간	false	false
뒤주倉庫	뒤주창고	false	false
뒤주車	뒤주차	false	false
뒤줄競技者	뒤줄경기자	false	false
뒤지름量	뒤지름량	false	false
드所聞	드소문	false	false
드렁調	드렁조	false	false
드레漁撈	드레어로	false	false
드림性	드림성	false	false
드림成分	드림성분	false	false
드림氷河	드림빙하	false	false
드림礙子	드림애자	false	false
드림線	드림선	false	false
드림裝置	드림장치	false	false
드림詩	드림시	false	false
드림꽃次例	드림꽃차례	false	false
드팀廛하다	드팀전하다	false	false
드팀裝置	드팀장치	false	false
든杖	든장	false	false
든杖군	든장군	false	false
든杖놀음	든장놀음	false	false
든杖대	든장대	false	false
든杖질	든장질	false	false
든杖질하다	든장질하다	false	false
듣는傳導路	듣는전도로	false	false
듣는神經	듣는신경	false	false
들亞麻	들아마	false	false
들到付군	들도부군	false	false
들到付질	들도부질	false	false
들庫間	들고간	false	false
들椅子	들의자	false	false
들福	들복	false	false
들羊	들양	false	false
들걸床	들걸상	false	false
들기름粕	들기름박	false	false
들깨中毒	들깨중독	false	false
들놀이場	들놀이장	false	false
들림周波數	들림주파수	false	false
들림性	들림성	false	false
들림限界	들림한계	false	false
들살이植物	들살이식물	false	false
들이抵抗	들이저항	false	false
들쭉沙糖	들쭉사탕	false	false
등布	등포	false	false
등幅	등폭	false	false
등頉	등탈	false	false
등골痲醉法	등골마취법	false	false
등골線	등골선	false	false
등바람波	등바람파	false	false
등뼈結核	등뼈결핵	false	false
등진事件	등진사건	false	false
디딤式	디딤식	false	false
디딤機械	디딤기계	false	false
디딤脫穀機	디딤탈곡기	false	false
디딤面	디딤면	false	false
따깨비帽子	따깨비모자	false	false
따라난病	따라난병	false	false
따를性	따를성	false	false
따름射擊	따름사격	false	false
따름性	따름성	false	false
따름曲	따름곡	false	false
따름窟길	따름굴길	false	false
따름臺車	따름대차	false	false
따름谷	따름곡	false	false
따바리堀	따바리굴	false	false
따바리陣	따바리진	false	false
따발堀	따발굴	false	false
따붙임繡	따붙임수	false	false
딱親舊	딱친구	false	false
딱따구리短杖	딱따구리단장	false	false
딱장地衣	딱장지의	false	false
딴姓받이	딴성받이	false	false
딴數體	딴수체	false	false
딴자리寄生	딴자리기생	false	false
딸會社	딸회사	false	false
땀내기藥	땀내기약	false	false
땀많음症	땀많음증	false	false
땀없기症	땀없기증	false	false
땅消毒	땅소독	false	false
땅農事	땅농사	false	false
땅電流	땅전류	false	false
땅面	땅면	false	false
땅높이曲線	땅높이곡선	false	false
땅속湖	땅속호	false	false
땅속도랑式冷床모板	땅속도랑식랭상모판	false	false
땅속도랑式물빼기	땅속도랑식물빼기	false	false
땅우核爆發	땅우핵폭발	false	false
때食	때식	false	false
땜式	땜식	false	false
떠돌이物質	떠돌이물질	false	false
떠살이動物	떠살이동물	false	false
떠살이植物	떠살이식물	false	false
떠살이生物	떠살이생물	false	false
떡板같다	떡판같다	false	false
떡粥	떡죽	false	false
떡褓	떡보	false	false
떡갈나무毒나비	떡갈나무독나비	false	false
떡잎病	떡잎병	false	false
떨기回路	떨기회로	false	false
떨기成形機	떨기성형기	false	false
떨기數	떨기수	false	false
떨기板	떨기판	false	false
떨기粉碎機	떨기분쇄기	false	false
떨기週期	떨기주기	false	false
떨림痲痹	떨림마비	false	false
떼事情	떼사정	false	false
떼垌	떼동	false	false
떼垌가	떼동가	false	false
떼垌지기	떼동지기	false	false
떼幅	떼폭	false	false
떼式養殖	떼식양식	false	false
떼木	떼목	false	false
떼木村	떼목촌	false	false
떼木군	떼목군	false	false
떼木꼬리	떼목꼬리	false	false
떼木줄	떼목줄	false	false
떼桶	떼통	false	false
떼櫓	떼노	false	false
떼몰이工	떼몰이공	false	false
떼몰이江	떼몰이강	false	false
떼무이土場	떼무이토장	false	false
떼무이場	떼무이장	false	false
떼무이工	떼무이공	false	false
떼살이昆蟲	떼살이곤충	false	false
똥집加工機械	똥집가공기계	false	false
똬리堤防	똬리제방	false	false
똬리陣	똬리진	false	false
뚜껑帽子	뚜껑모자	false	false
뚜지개農事	뚜지개농사	false	false
뚜짐機械	뚜짐기계	false	false
뚝幕	뚝막	false	false
뚫음새김法	뚫음새김법	false	false
뛰여들기臺	뛰여들기대	false	false
뜀줄運動	뜀줄운동	false	false
뜨개繡	뜨개수	false	false
뜨기性	뜨기성	false	false
뜬埠頭	뜬부두	false	false
뜬棧橋	뜬잔교	false	false
뜬標識	뜬표식	false	false
뜬防波堤	뜬방파제	false	false
뜬물門	뜬물문	false	false
뜯음줄樂器	뜯음줄악기	false	false
뜰中心	뜰중심	false	false
뜰刺網	뜰자망	false	false
뜰性	뜰성	false	false
뜰板	뜰판	false	false
뜸幕	뜸막	false	false
뜸북醬	뜸북장	false	false
뜻區域	뜻구역	false	false
뜻幅	뜻폭	false	false
뜻發達	뜻발달	false	false
뜻系列	뜻계렬	false	false
뜻色갈	뜻색갈	false	false
뜻變化	뜻변화	false	false
뜻소리옮김法	뜻소리옮김법	false	false
뜻옮김法	뜻옮김법	false	false
띄운간醬	띄운간장	false	false
띠傳動	띠전동	false	false
띠光磨	띠광마	false	false
띠同甲	띠동갑	false	false
띠型鋼	띠형강	false	false
띠基礎	띠기초	false	false
띠待接	띠대접	false	false
띠旋盤	띠선반	false	false
띠枯葉나비	띠고엽나비	false	false
띠模樣珊瑚무지	띠모양산호무지	false	false
띠硏磨盤	띠연마반	false	false
띠銙	띠과	false	false
띠錄音	띠록음	false	false
띠鐵	띠철	false	false
띠갈이盤	띠갈이반	false	false
력도法	력도법	false	false
마감制動	마감제동	false	false
마감動脈	마감동맥	false	false
마감建材	마감건재	false	false
마감消毒	마감소독	false	false
마감裝飾	마감장식	false	false
마감速度	마감속도	false	false
마감驛	마감역	false	false
마감點	마감점	false	false
마구리版畫	마구리판화	false	false
마늘饅頭	마늘만두	false	false
마당效果三極素子	마당효과삼극소자	false	false
마디線	마디선	false	false
마디꽃地衣	마디꽃지의	false	false
마디다리動物	마디다리동물	false	false
마디줄임法	마디줄임법	false	false
마라草	마라초	false	false
마루車	마루차	false	false
마루間	마루간	false	false
마루밀車	마루밀차	false	false
마른手巾摩擦	마른수건마찰	false	false
마른明太醬찌개	마른명태장찌개	false	false
마른明太구이	마른명태구이	false	false
마른明太국	마른명태국	false	false
마른明太졸임	마른명태졸임	false	false
마른明太찜	마른명태찜	false	false
마른溫度計	마른온도계	false	false
마른熱	마른열	false	false
마른熱消毒	마른열소독	false	false
마른病菌	마른병균	false	false
마른盆地	마른분지	false	false
마른空氣浴	마른공기욕	false	false
마른葡萄	마른포도	false	false
마른質量	마른질량	false	false
마른국수機械	마른국수기계	false	false
마른논農法	마른논농법	false	false
마른살이植物	마른살이식물	false	false
마른흙效果	마른흙효과	false	false
마름形토끼수레벌레	마름형토끼수레벌레	false	false
마름表	마름표	false	false
마름類	마름류	false	false
마무리線	마무리선	false	false
마중角	마중각	false	false
마치型破碎機	마치형파쇄기	false	false
막勞力	막로력	false	false
막勞動者	막로동자	false	false
막勞動군	막로동군	false	false
막沙果	막사과	false	false
막無識군	막무식군	false	false
막無識쟁이	막무식쟁이	false	false
막無識하다	막무식하다	false	false
막號令	막호령	false	false
막豆腐醬	막두부장	false	false
막農事군	막농사군	false	false
막農軍	막농군	false	false
막기違反	막기위반	false	false
막내子息	막내자식	false	false
막대型	막대형	false	false
막대型粉碎機	막대형분쇄기	false	false
막대槍	막대창	false	false
막대菌	막대균	false	false
막대기磁石	막대기자석	false	false
막돌堰堤	막돌언제	false	false
막이壁	막이벽	false	false
막장牌	막장패	false	false
막장空氣갈이	막장공기갈이	false	false
막힌地帶	막힌지대	false	false
막힌湖水	막힌호수	false	false
막힌꽃次例	막힌꽃차례	false	false
막힘式旅客驛	막힘식려객역	false	false
막힘式貨物驛	막힘식화물역	false	false
만장層	만장층	false	false
만장層幕	만장층막	false	false
만장房	만장방	false	false
만장窓	만장창	false	false
맏姨母	맏이모	false	false
맏아들工場	맏아들공장	false	false
맏웃房	맏웃방	false	false
말中樞	말중추	false	false
말事端	말사단	false	false
말冠	말관	false	false
말句節	말구절	false	false
말巧藝	말교예	false	false
말弄奸	말롱간	false	false
말是非군	말시비군	false	false
말本錢	말본전	false	false
말杖집	말장집	false	false
말沙汰	말사태	false	false
말貫子	말관자	false	false
말酬酌질	말수작질	false	false
말酬酌질하다	말수작질하다	false	false
말鍼	말침	false	false
말防納	말방납	false	false
말防納질	말방납질	false	false
말防納질하다	말방납질하다	false	false
말體	말체	false	false
말굽模樣氷河골	말굽모양빙하골	false	false
말뚝埠頭	말뚝부두	false	false
말뚝帽子	말뚝모자	false	false
말뚝振動機	말뚝진동기	false	false
말린標本	말린표본	false	false
말린食料品	말린식료품	false	false
말린간醬	말린간장	false	false
말린꽃次例	말린꽃차례	false	false
말림塔	말림탑	false	false
말림爐	말림로	false	false
말림덕臺	말림덕대	false	false
말소리法則	말소리법칙	false	false
말소리變化	말소리변화	false	false
말소리體系	말소리체계	false	false
말오줌酸	말오줌산	false	false
말이발種	말이발종	false	false
말이속쇠變壓器	말이속쇠변압기	false	false
말잃기症	말잃기증	false	false
말차림範疇	말차림범주	false	false
말타기巧藝	말타기교예	false	false
말하기法	말하기법	false	false
맑은膜炎	맑은막염	false	false
맛내기간醬	맛내기간장	false	false
망板	망판	false	false
망돌中쇠	망돌중쇠	false	false
망아間	망아간	false	false
망짝車	망짝차	false	false
망치型鍛造	망치형단조	false	false
맞上針	맞상침	false	false
맞圖章	맞도장	false	false
맞婚事	맞혼사	false	false
맞窓式모板	맞창식모판	false	false
맞藍輿	맞람여	false	false
맞電話	맞전화	false	false
맞電話하다	맞전화하다	false	false
맞닿이式건늠	맞닿이식건늠	false	false
맞닿이比	맞닿이비	false	false
맞닿이線路	맞닿이선로	false	false
맞댄連結	맞댄련결	false	false
맞댄鎔接	맞댄용접	false	false
맞문角	맞문각	false	false
맞물린成分	맞물린성분	false	false
맞물림角	맞물림각	false	false
맞물림貿易	맞물림무역	false	false
맞박이上針	맞박이상침	false	false
맞선잎次例	맞선잎차례	false	false
맞춤藥	맞춤약	false	false
매毒	매독	false	false
매福	매복	false	false
매갈이間	매갈이간	false	false
매단壁	매단벽	false	false
매달이臺	매달이대	false	false
매달이臺電柱	매달이대전주	false	false
매돌中쇠	매돌중쇠	false	false
매돌粉碎機	매돌분쇄기	false	false
매듭體	매듭체	false	false
매듭글씨體	매듭글씨체	false	false
매임結合	매임결합	false	false
매코短脚	매코단각	false	false
맨無識군	맨무식군	false	false
맨脯	맨포	false	false
맨갈퀴地衣	맨갈퀴지의	false	false
맨손運動	맨손운동	false	false
맺음形	맺음형	false	false
맺음詩	맺음시	false	false
맺음述語	맺음술어	false	false
머리劇	머리극	false	false
머리危險動作	머리위험동작	false	false
머리受話器	머리수화기	false	false
머리峯	머리봉	false	false
머리幕	머리막	false	false
머리模樣꽃	머리모양꽃	false	false
머리模樣꽃次例	머리모양꽃차례	false	false
머리機械	머리기계	false	false
머리褓	머리보	false	false
머리가슴部	머리가슴부	false	false
머리새우類	머리새우류	false	false
머리칼洋襪	머리칼양말	false	false
머리칼濕度計	머리칼습도계	false	false
머무름時間	머무름시간	false	false
머무름波	머무름파	false	false
머문前線	머문전선	false	false
머물性	머물성	false	false
머슴畓	머슴답	false	false
먹圖章	먹도장	false	false
먹帳	먹장	false	false
먹汁	먹즙	false	false
먹汁囊	먹즙낭	false	false
먹葡萄	먹포도	false	false
먹針	먹침	false	false
먹는消毒藥	먹는소독약	false	false
먹성液	먹성액	false	false
먹이保障性	먹이보장성	false	false
먹이分析	먹이분석	false	false
먹이切斷機	먹이절단기	false	false
먹이單位	먹이단위	false	false
먹이基地	먹이기지	false	false
먹이定分機	먹이정분기	false	false
먹이度	먹이도	false	false
먹이微生物處理	먹이미생물처리	false	false
먹이效率	먹이효률	false	false
먹이消毒器	먹이소독기	false	false
먹이源泉	먹이원천	false	false
먹이漁場	먹이어장	false	false
먹이熱處理	먹이열처리	false	false
먹이物粉碎機	먹이물분쇄기	false	false
먹이粉碎度	먹이분쇄도	false	false
먹이粉碎機	먹이분쇄기	false	false
먹이粥湯機	먹이죽탕기	false	false
먹이精選機	먹이정선기	false	false
먹이要求率	먹이요구률	false	false
먹이調理	먹이조리	false	false
먹이配合器	먹이배합기	false	false
먹이音	먹이음	false	false
먹이누룩處理	먹이누룩처리	false	false
먹임管	먹임관	false	false
먹임藥	먹임약	false	false
먹임量	먹임량	false	false
먹임鑛石	먹임광석	false	false
먹자式	먹자식	false	false
먹줄桶	먹줄통	false	false
먼寸數	먼촌수	false	false
먼景致	먼경치	false	false
먼紫外線	먼자외선	false	false
먼調	먼조	false	false
먼赤外線	먼적외선	false	false
먼赤外線分光學	먼적외선분광학	false	false
먼距離旅客輸送	먼거리려객수송	false	false
먼距離連絡	먼거리련락	false	false
먼距離飛行隊	먼거리비행대	false	false
먼距離달리기	먼거리달리기	false	false
먼距離던져넣기	먼거리던져넣기	false	false
먼距離짐	먼거리짐	false	false
먼距離헤염競技	먼거리헤염경기	false	false
먼距離힘	먼거리힘	false	false
먼銃질	먼총질	false	false
먼銃질하다	먼총질하다	false	false
먼먼僻村	먼먼벽촌	false	false
먼바다前線	먼바다전선	false	false
먼저番	먼저번	false	false
먼지窟	먼지굴	false	false
먼지肺症	먼지페증	false	false
멀기豫報	멀기예보	false	false
멍석張	멍석장	false	false
멍에歌	멍에가	false	false
멎은火山	멎은화산	false	false
멎음壓力	멎음압력	false	false
멎음點	멎음점	false	false
메山査나무	메산사나무	false	false
메戲弄나비	메희롱나비	false	false
메꼴瘧疾모기	메꼴학질모기	false	false
메마른氣候	메마른기후	false	false
메움護岸	메움호안	false	false
메주機械	메주기계	false	false
멱將棋手	멱장기수	false	false
멸치호박醬	멸치호박장	false	false
명兔	명토	false	false
모丁香나무	모정향나무	false	false
모供給手	모공급수	false	false
모反射機	모반사기	false	false
모板	모판	false	false
모板거름	모판거름	false	false
모개費用	모개비용	false	false
모기腦炎	모기뇌염	false	false
모내기用水量	모내기용수량	false	false
모내기組	모내기조	false	false
모내는機械	모내는기계	false	false
모다기大頉	모다기대탈	false	false
모두미床	모두미상	false	false
모따기톱機	모따기톱기	false	false
모래七星長魚	모래칠성장어	false	false
모래型鑄物	모래형주물	false	false
모래型鑄造	모래형주조	false	false
모래封紙	모래봉지	false	false
모래巖	모래암	false	false
모래治療	모래치료	false	false
모래浴	모래욕	false	false
모래混合車	모래혼합차	false	false
모래礎盤	모래초반	false	false
모래處理	모래처리	false	false
모래質	모래질	false	false
모래質土	모래질토	false	false
모래質바위	모래질바위	false	false
모래銃	모래총	false	false
모래鑛石밭	모래광석밭	false	false
모래가꿈法	모래가꿈법	false	false
모래감탕質	모래감탕질	false	false
모래막이工事	모래막이공사	false	false
모래빼기門	모래빼기문	false	false
모래뿌림辨	모래뿌림변	false	false
모래잡이垌뚝	모래잡이동뚝	false	false
모래집膜	모래집막	false	false
모래집물많기症	모래집물많기증	false	false
모래터는機械	모래터는기계	false	false
모롱串	모롱곶	false	false
모르는數	모르는수	false	false
모살이肥料	모살이비료	false	false
모서리房	모서리방	false	false
모서리電氣대	모서리전기대	false	false
모선率	모선률	false	false
모시풀布	모시풀포	false	false
모아실이車	모아실이차	false	false
모여銃	모여총	false	false
모이卓	모이탁	false	false
모임狀態	모임상태	false	false
모임試錐	모임시추	false	false
모임論	모임론	false	false
모임點	모임점	false	false
모자리板	모자리판	false	false
목動脈굴	목동맥굴	false	false
목基點	목기점	false	false
목神經덤불	목신경덤불	false	false
목送話器	목송화기	false	false
목구멍膿瘍	목구멍농양	false	false
목달이機械	목달이기계	false	false
목달이洋襪	목달이양말	false	false
목도牌	목도패	false	false
목도리石灰鞭毛蟲	목도리석회편모충	false	false
목둑鬼神	목둑귀신	false	false
목안扁桃肥大症	목안편도비대증	false	false
목안炎	목안염	false	false
목안結核	목안결핵	false	false
몰이法	몰이법	false	false
몸勢	몸세	false	false
몸團束	몸단속	false	false
몸團束하다	몸단속하다	false	false
몸姿勢	몸자세	false	false
몸成熟	몸성숙	false	false
몸擧動	몸거동	false	false
몸收拾	몸수습	false	false
몸收拾하다	몸수습하다	false	false
몸消毒감	몸소독감	false	false
몸細胞分裂	몸세포분렬	false	false
몸處身	몸처신	false	false
몸處身하다	몸처신하다	false	false
몸質量	몸질량	false	false
몸頉	몸탈	false	false
몸體着陸	몸체착륙	false	false
몸무게級	몸무게급	false	false
몸짐保管	몸짐보관	false	false
몸짓劇	몸짓극	false	false
몸풀이臺	몸풀이대	false	false
못부린車	못부린차	false	false
몽둥이規律	몽둥이규률	false	false
무鐵알	무철알	false	false
무개褓	무개보	false	false
무거운水素	무거운수소	false	false
무게垌뚝	무게동뚝	false	false
무게式岸壁	무게식안벽	false	false
무게式바다作業臺	무게식바다작업대	false	false
무게百分率	무게백분률	false	false
무게級	무게급	false	false
무군꽃水母	무군꽃수모	false	false
무너뜨려캐기法	무너뜨려캐기법	false	false
무너져쌓인層	무너져쌓인층	false	false
무넘이堰堤	무넘이언제	false	false
무늬器具	무늬기구	false	false
무늬梅花地衣	무늬매화지의	false	false
무늬版	무늬판	false	false
무늬蓮瓣해파리	무늬연판해파리	false	false
무늬박이瓷器	무늬박이자기	false	false
무늬박이裝飾	무늬박이장식	false	false
무늬짜기圖案	무늬짜기도안	false	false
무늬찍기굴개彫刻	무늬찍기굴개조각	false	false
무더기辱	무더기욕	false	false
무덤壁欌	무덤벽장	false	false
무덤壁畫	무덤벽화	false	false
무덤槨	무덤곽	false	false
무덤祭祀	무덤제사	false	false
무덤門칸	무덤문칸	false	false
무데기福	무데기복	false	false
무딘三角形	무딘삼각형	false	false
무딘角	무딘각	false	false
무른炭	무른탄	false	false
무른膏藥	무른고약	false	false
무른質밀	무른질밀	false	false
무른鋼板	무른강판	false	false
무른鋼鐵	무른강철	false	false
무른鐵鋼	무른철강	false	false
무른입天障	무른입천장	false	false
무릎內衣	무릎내의	false	false
무릎누르기刑罰	무릎누르기형벌	false	false
무릎힘줄反射	무릎힘줄반사	false	false
무리害	무리해	false	false
무리旗	무리기	false	false
무리波	무리파	false	false
무리照明	무리조명	false	false
무리燈	무리등	false	false
무리目標	무리목표	false	false
무리葬禮	무리장례	false	false
무섬氣	무섬기	false	false
무쇠鐵馬	무쇠철마	false	false
무우醬졸임	무우장졸임	false	false
무우속썩음病	무우속썩음병	false	false
무우오가리醬	무우오가리장	false	false
무은褓	무은보	false	false
무이方席	무이방석	false	false
무이檢定	무이검정	false	false
무이蒲團	무이포단	false	false
무지개式	무지개식	false	false
무지개膜	무지개막	false	false
무지개門	무지개문	false	false
묵板式	묵판식	false	false
묵板式營養단지	묵판식영양단지	false	false
묶음反復法	묶음반복법	false	false
묶음式졸짱	묶음식졸짱	false	false
묶음式활	묶음식활	false	false
묶음曲	묶음곡	false	false
묶음爆發法	묶음폭발법	false	false
묶음競技	묶음경기	false	false
묶음纖維	묶음섬유	false	false
묶음運動	묶음운동	false	false
묶음鎔接	묶음용접	false	false
문덕式모기르기	문덕식모기르기	false	false
문둥病菌	문둥병균	false	false
묻힌構造物	묻힌구조물	false	false
묻힘率	묻힘률	false	false
묻힘藥	묻힘약	false	false
물亂	물란	false	false
물亂離	물란리	false	false
물作用分解	물작용분해	false	false
물公園	물공원	false	false
물分解	물분해	false	false
물分解度	물분해도	false	false
물分解酵素	물분해효소	false	false
물分離機	물분리기	false	false
물動力	물동력	false	false
물勢	물세	false	false
물北	물북	false	false
물區域	물구역	false	false
물區域땅	물구역땅	false	false
물南	물남	false	false
물地域	물지역	false	false
물塔	물탑	false	false
물壓力	물압력	false	false
물工事	물공사	false	false
물摩擦	물마찰	false	false
물桶	물통	false	false
물浴	물욕	false	false
물海蔘	물해삼	false	false
물消毒	물소독	false	false
물混合器	물혼합기	false	false
물溫度前線	물온도전선	false	false
물溫度特性水域	물온도특성수역	false	false
물溫度逆轉	물온도역전	false	false
물溫度飛躍層	물온도비약층	false	false
물煙氣	물연기	false	false
물熱媒	물열매	false	false
물熱處理	물열처리	false	false
물琉璃壁畫	물유리벽화	false	false
물琉璃注入法	물유리주입법	false	false
물甁별자리	물병별자리	false	false
물監視員	물감시원	false	false
물盤	물반	false	false
물窟	물굴	false	false
물端午	물단오	false	false
물管理學	물관리학	false	false
물自轉車	물자전거	false	false
물舞臺	물무대	false	false
물色천	물색천	false	false
물補藥	물보약	false	false
물身世	물신세	false	false
물醬	물장	false	false
물銃式灌水	물총식관수	false	false
물電車	물전차	false	false
물面水門	물면수문	false	false
물面波	물면파	false	false
물面計	물면계	false	false
물飛行場	물비행장	false	false
물가線	물가선	false	false
물가點	물가점	false	false
물가꿈法	물가꿈법	false	false
물가짐性	물가짐성	false	false
물감中間體	물감중간체	false	false
물감作物	물감작물	false	false
물감化學	물감화학	false	false
물감固着劑	물감고착제	false	false
물겉層	물겉층	false	false
물겉膜浮遊選鑛	물겉막부유선광	false	false
물견딜性	물견딜성	false	false
물결回轉盤	물결회전반	false	false
물결壓	물결압	false	false
물결屈折	물결굴절	false	false
물결慣性力	물결관성력	false	false
물결抗力	물결항력	false	false
물결抵抗	물결저항	false	false
물결數	물결수	false	false
물결橘빛숫돌나비	물결귤빛숫돌나비	false	false
물결浴	물결욕	false	false
물결要素	물결요소	false	false
물결變形	물결변형	false	false
물결豫報	물결예보	false	false
물결質量力	물결질량력	false	false
물결速度	물결속도	false	false
물결週期	물결주기	false	false
물결運動	물결운동	false	false
물결鬚髥밤나비	물결수염밤나비	false	false
물결마루線	물결마루선	false	false
물고기帽子	물고기모자	false	false
물고기洗滌機	물고기세척기	false	false
물고기白皮病	물고기백피병	false	false
물고기脯	물고기포	false	false
물고기膾	물고기회	false	false
물고기調理機械	물고기조리기계	false	false
물고기豆腐	물고기두부	false	false
물고기選別機	물고기선별기	false	false
물고기銃	물고기총	false	false
물고기閘門	물고기갑문	false	false
물고기饅頭	물고기만두	false	false
물고기가루加工船	물고기가루가공선	false	false
물고기가죽加工	물고기가죽가공	false	false
물고기간醬	물고기간장	false	false
물고기길構造物	물고기길구조물	false	false
물고기밸따는機械	물고기밸따는기계	false	false
물고기살分離機	물고기살분리기	false	false
물고기이病	물고기이병	false	false
물고기토막육침機	물고기토막육침기	false	false
물굳음性	물굳음성	false	false
물기름젖藥	물기름젖약	false	false
물기슭壁	물기슭벽	false	false
물길中構造物	물길중구조물	false	false
물길幹線	물길간선	false	false
물길式發電所	물길식발전소	false	false
물길掘鑿機	물길굴착기	false	false
물길窟	물길굴	false	false
물길管	물길관	false	false
물꺼림加工	물꺼림가공	false	false
물꺼림性	물꺼림성	false	false
물꺼림性纖維	물꺼림성섬유	false	false
물꺼림性鑛物	물꺼림성광물	false	false
물동幕	물동막	false	false
물동構造物	물동구조물	false	false
물들性	물들성	false	false
물들體	물들체	false	false
물들體地圖	물들체지도	false	false
물떼기反應	물떼기반응	false	false
물렁病	물렁병	false	false
물렁팥粥	물렁팥죽	false	false
물린床	물린상	false	false
물림角	물림각	false	false
물막이性	물막이성	false	false
물막이板	물막이판	false	false
물막이炭기둥	물막이탄기둥	false	false
물막힌盆地	물막힌분지	false	false
물맞기按摩	물맞기안마	false	false
물매抵抗	물매저항	false	false
물매面	물매면	false	false
물매코短脚	물매코단각	false	false
물먹음度	물먹음도	false	false
물메作用	물메작용	false	false
물메波	물메파	false	false
물모農事	물모농사	false	false
물모래射孔機	물모래사공기	false	false
물모이區域	물모이구역	false	false
물미끄럼車	물미끄럼차	false	false
물밑窟	물밑굴	false	false
물바늘地衣	물바늘지의	false	false
물받이壁	물받이벽	false	false
물방울灌水	물방울관수	false	false
물밴層	물밴층	false	false
물밸性	물밸성	false	false
물붓기試驗	물붓기시험	false	false
물빨性	물빨성	false	false
물빼기先行錐孔	물빼기선행추공	false	false
물빼기基準	물빼기기준	false	false
물빼기揚水場	물빼기양수장	false	false
물빼기水門窟	물빼기수문굴	false	false
물빼기窟	물빼기굴	false	false
물빼기藥	물빼기약	false	false
물빼기體系	물빼기체계	false	false
물뿌림器	물뿌림기	false	false
물뿌림管	물뿌림관	false	false
물뿌림車	물뿌림차	false	false
물살감쇠構造物	물살감쇠구조물	false	false
물살이動物學	물살이동물학	false	false
물속核爆發	물속핵폭발	false	false
물속水門	물속수문	false	false
물속監視	물속감시	false	false
물속腸浴	물속장욕	false	false
물속通信	물속통신	false	false
물속遮斷物	물속차단물	false	false
물속鎔接	물속용접	false	false
물스밈層	물스밈층	false	false
물스밈性	물스밈성	false	false
물스밈試驗	물스밈시험	false	false
물식힘式기름變壓器	물식힘식기름변압기	false	false
물쏘기試驗	물쏘기시험	false	false
물음代名詞	물음대명사	false	false
물음式	물음식	false	false
물음文	물음문	false	false
물잡이塔	물잡이탑	false	false
물잡이構造物	물잡이구조물	false	false
물잡이水門	물잡이수문	false	false
물잡이量	물잡이량	false	false
물재기構造物	물재기구조물	false	false
물집膏藥	물집고약	false	false
물커짐病	물커짐병	false	false
물키損失	물키손실	false	false
물푸기試驗	물푸기시험	false	false
물푸는系統	물푸는계통	false	false
물푸레靭皮나무좀	물푸레인피나무좀	false	false
물풀림液	물풀림액	false	false
물회리桶	물회리통	false	false
물흐림度	물흐림도	false	false
물힘爆破	물힘폭파	false	false
물힘發破	물힘발파	false	false
묽은飮食	묽은음식	false	false
묽은齒藥	묽은치약	false	false
묽힘度	묽힘도	false	false
뭇感情	뭇감정	false	false
뭇餓鬼	뭇아귀	false	false
뭉게煙氣	뭉게연기	false	false
뭉투리靑角	뭉투리청각	false	false
뭍農事	뭍농사	false	false
미경水母	미경수모	false	false
미끄럼工法	미끄럼공법	false	false
미끄럼式工法	미끄럼식공법	false	false
미끄럼式建設	미끄럼식건설	false	false
미끄럼板進水	미끄럼판진수	false	false
미끄럼臺	미끄럼대	false	false
미끄럼藥	미끄럼약	false	false
미끄럼面	미끄럼면	false	false
미끄름面	미끄름면	false	false
미끈鬚髥바다지렁이	미끈수염바다지렁이	false	false
미나리湯	미나리탕	false	false
미레기法	미레기법	false	false
미세기內波	미세기내파	false	false
미세기型	미세기형	false	false
미세기差	미세기차	false	false
미세기振幅	미세기진폭	false	false
미세기楕圓體	미세기타원체	false	false
미세기標	미세기표	false	false
미세기河川	미세기하천	false	false
미세기混合	미세기혼합	false	false
미세기理論	미세기리론	false	false
미세기週期	미세기주기	false	false
미세기間隔	미세기간격	false	false
미세기높이基準面	미세기높이기준면	false	false
미인菊	미인국	false	false
미장術	미장술	false	false
미장鬚髥	미장수염	false	false
미장흙板	미장흙판	false	false
민甲옷地衣	민갑옷지의	false	false
민邊두리	민변두리	false	false
민둥峯	민둥봉	false	false
민무늬橘빛숫돌나비	민무늬귤빛숫돌나비	false	false
민사슴地衣	민사슴지의	false	false
믿을數字	믿을수자	false	false
믿음區間	믿음구간	false	false
믿음度	믿음도	false	false
믿음度試驗	믿음도시험	false	false
믿음性理論	믿음성리론	false	false
밀位	밀위	false	false
밀線蟲	밀선충	false	false
밀車工	밀차공	false	false
밀車군	밀차군	false	false
밀대工	밀대공	false	false
밀림角	밀림각	false	false
밀턱自動盤	밀턱자동반	false	false
밀턱軸	밀턱축	false	false
밈桶	밈통	false	false
밑圓	밑원	false	false
밑壇	밑단	false	false
밑層海流	밑층해류	false	false
밑層바다물	밑층바다물	false	false
밑板	밑판	false	false
밑炭	밑탄	false	false
밑窓門	밑창문	false	false
밑肥料	밑비료	false	false
밑調査	밑조사	false	false
밑調査하다	밑조사하다	false	false
밑點	밑점	false	false
밑바탕採取管	밑바탕채취관	false	false
바가지式積載機	바가지식적재기	false	false
바가지桶	바가지통	false	false
바깥下人	바깥하인	false	false
바깥中心	바깥중심	false	false
바깥中門	바깥중문	false	false
바깥圈	바깥권	false	false
바깥層臺	바깥층대	false	false
바깥指示藥	바깥지시약	false	false
바깥港口	바깥항구	false	false
바깥火防담	바깥화방담	false	false
바깥聲部	바깥성부	false	false
바깥臺	바깥대	false	false
바깥色漆	바깥색칠	false	false
바깥複道式	바깥복도식	false	false
바깥退	바깥퇴	false	false
바깥頭領	바깥두령	false	false
바깥點	바깥점	false	false
바깥닿이圓	바깥닿이원	false	false
바깥돌림神經	바깥돌림신경	false	false
바깥둘레山	바깥둘레산	false	false
바깥빛電氣效果	바깥빛전기효과	false	false
바꿈法	바꿈법	false	false
바꿈法則	바꿈법칙	false	false
바꿈齒車	바꿈치차	false	false
바꿈齒車函	바꿈치차함	false	false
바뀐次例	바뀐차례	false	false
바뀐語順	바뀐어순	false	false
바뀜性	바뀜성	false	false
바늘地衣	바늘지의	false	false
바늘束繡	바늘속수	false	false
바늘瓣	바늘변	false	false
바늘螺絲	바늘나사	false	false
바늘싹흰잎地衣	바늘싹흰잎지의	false	false
바늘잎나무숲帶	바늘잎나무숲대	false	false
바다作業臺	바다작업대	false	false
바다動物養殖學	바다동물양식학	false	false
바다地震	바다지진	false	false
바다大地	바다대지	false	false
바다水獺	바다수달	false	false
바다沼	바다소	false	false
바다港口	바다항구	false	false
바다生態界	바다생태계	false	false
바다石灰鞭毛蟲	바다석회편모충	false	false
바다窟	바다굴	false	false
바다蝸螺	바다와라	false	false
바다試錐臺	바다시추대	false	false
바다資源	바다자원	false	false
바다閘門	바다갑문	false	false
바다陸地바람	바다륙지바람	false	false
바다面	바다면	false	false
바다馬蛤	바다마합	false	false
바다가氣候	바다가기후	false	false
바다가養殖	바다가양식	false	false
바다겉面모래	바다겉면모래	false	false
바다깎기平原	바다깎기평원	false	false
바다깎기段丘	바다깎기단구	false	false
바다깎기準平原	바다깎기준평원	false	false
바다깎이海岸	바다깎이해안	false	false
바다뜬作業臺	바다뜬작업대	false	false
바다마름類	바다마름류	false	false
바다물混合	바다물혼합	false	false
바다물높이豫報	바다물높이예보	false	false
바다물맑음度	바다물맑음도	false	false
바다밑漁場	바다밑어장	false	false
바다선반地帶	바다선반지대	false	false
바다쌓임層	바다쌓임층	false	false
바다자리湖	바다자리호	false	false
바다자리湖水	바다자리호수	false	false
바닥哨	바닥초	false	false
바닥壓搾機	바닥압착기	false	false
바닥管理	바닥관리	false	false
바닥門	바닥문	false	false
바닥隊列	바닥대렬	false	false
바닥살이動物	바닥살이동물	false	false
바닥살이植物	바닥살이식물	false	false
바둑板같다	바둑판같다	false	false
바둑板머리	바둑판머리	false	false
바둑板우릉성이	바둑판우릉성이	false	false
바람壓力	바람압력	false	false
바람抵抗	바람저항	false	false
바람方向	바람방향	false	false
바람桶	바람통	false	false
바람梅花地衣	바람매화지의	false	false
바람毒	바람독	false	false
바람氣	바람기	false	false
바람混合	바람혼합	false	false
바람管	바람관	false	false
바람脈動	바람맥동	false	false
바람荷重	바람하중	false	false
바람蘭	바람란	false	false
바람計	바람계	false	false
바람速度	바람속도	false	false
바람鐘	바람종	false	false
바람門	바람문	false	false
바람구멍裝飾	바람구멍장식	false	false
바람깎기地形	바람깎기지형	false	false
바람나름植物	바람나름식물	false	false
바람막이壁	바람막이벽	false	false
바람막이幕	바람막이막	false	false
바람막이板	바람막이판	false	false
바람막이構造	바람막이구조	false	false
바람흐름豫報	바람흐름예보	false	false
바램藥	바램약	false	false
바로直接치기	바로직접치기	false	false
바로물들性	바로물들성	false	false
바로옮김法	바로옮김법	false	false
바른三角形	바른삼각형	false	false
바른二十面體	바른이십면체	false	false
바른五角形	바른오각형	false	false
바른八面體	바른팔면체	false	false
바른六面體	바른륙면체	false	false
바른十二面體	바른십이면체	false	false
바른四角形	바른사각형	false	false
바른四面體	바른사면체	false	false
바른射影	바른사영	false	false
바른次例	바른차례	false	false
바른比例	바른비례	false	false
바른行列	바른행렬	false	false
바른角기둥	바른각기둥	false	false
바른角뿔	바른각뿔	false	false
바른사다리形	바른사다리형	false	false
바리店	바리점	false	false
바삭菓子	바삭과자	false	false
바스러짐性	바스러짐성	false	false
바위層階	바위층계	false	false
바위王구렁이	바위왕구렁이	false	false
바위갈퀴地衣	바위갈퀴지의	false	false
바위김地衣	바위김지의	false	false
바위나무地衣	바위나무지의	false	false
바위두렁土窟	바위두렁토굴	false	false
바위딱지地衣	바위딱지지의	false	false
바위살이植物	바위살이식물	false	false
바자門	바자문	false	false
바줄傳動	바줄전동	false	false
바줄設備	바줄설비	false	false
바줄감는機械	바줄감는기계	false	false
바퀴式掘鑿積載機	바퀴식굴착적재기	false	false
바퀴式走行設備	바퀴식주행설비	false	false
바퀴式물길掘鑿機	바퀴식물길굴착기	false	false
바퀴水門	바퀴수문	false	false
바퀴雙	바퀴쌍	false	false
바탕方言	바탕방언	false	false
박朱螺	박주라	false	false
박桶	박통	false	false
박음繡	박음수	false	false
박쥐陽傘	박쥐양산	false	false
밖壁	밖벽	false	false
반기盤	반기반	false	false
반디빛板	반디빛판	false	false
반디빛漂白劑	반디빛표백제	false	false
반디빛漆감	반디빛칠감	false	false
반디빛燈	반디빛등	false	false
반디빛物體	반디빛물체	false	false
반디빛缺陷探知法	반디빛결함탐지법	false	false
반디빛顯微鏡	반디빛현미경	false	false
반죽藥	반죽약	false	false
반지안半그물	반지안반그물	false	false
받을哨	받을초	false	false
받치개岸壁	받치개안벽	false	false
받침法	받침법	false	false
발勢	발세	false	false
발板木	발판목	false	false
발繡	발수	false	false
발臺	발대	false	false
발臺木	발대목	false	false
발裁縫機	발재봉기	false	false
발가락사이膜	발가락사이막	false	false
발바리車	발바리차	false	false
발방아間	발방아간	false	false
발우림繡	발우림수	false	false
발쪽病	발쪽병	false	false
발톱地衣	발톱지의	false	false
밝은母音	밝은모음	false	false
밤代거리군	밤대거리군	false	false
밤動物	밤동물	false	false
밤夜市	밤야시	false	false
밤川獵	밤천렵	false	false
밤平均溫度	밤평균온도	false	false
밤眼鏡	밤안경	false	false
밤色唐콩	밤색당콩	false	false
밤色梅花地衣	밤색매화지의	false	false
밤色金날개밤나비	밤색금날개밤나비	false	false
밤色鞭蟲	밤색편충	false	false
밤色가죽옷地衣	밤색가죽옷지의	false	false
밤色곤쟁이	밤색곤쟁이	false	false
밤色깡충	밤색깡충	false	false
밤色띠바다蝸螺	밤색띠바다와라	false	false
밤色마른풀	밤색마른풀	false	false
밤色마름類	밤색마름류	false	false
밤色무늬病	밤색무늬병	false	false
밤色무늬鬚髥밤나비	밤색무늬수염밤나비	false	false
밤色무늬작은밤나비	밤색무늬작은밤나비	false	false
밤色바퀴	밤색바퀴	false	false
밤色방아벌레	밤색방아벌레	false	false
밤色쌀방아벌레번티기	밤색쌀방아벌레번티기	false	false
밤色젖소	밤색젖소	false	false
밤色주머니이끼	밤색주머니이끼	false	false
밤色판우릉성이	밤색판우릉성이	false	false
밤色혹소	밤색혹소	false	false
밤靑대	밤청대	false	false
밤나무잎검댕이病	밤나무잎검댕이병	false	false
밤낮溫度差	밤낮온도차	false	false
밤눈症	밤눈증	false	false
밤눈어둠症	밤눈어둠증	false	false
밤손톱地衣	밤손톱지의	false	false
밤오줌症	밤오줌증	false	false
밥工場	밥공장	false	false
밥床두리	밥상두리	false	false
밥床칼	밥상칼	false	false
밥甘酒	밥감주	false	false
밥盜賊놈	밥도적놈	false	false
밥褓	밥보	false	false
밥託	밥탁	false	false
밥負袋	밥부대	false	false
밥酒酊	밥주정	false	false
밥酒酊하다	밥주정하다	false	false
밥벌이託	밥벌이탁	false	false
밥알菓子	밥알과자	false	false
밥조개全鰒찜	밥조개전복찜	false	false
밥조개冷菜	밥조개랭채	false	false
밥풀漆	밥풀칠	false	false
밥풀漆하다	밥풀칠하다	false	false
방아寸數	방아촌수	false	false
방아軸	방아축	false	false
방아쇠回路	방아쇠회로	false	false
방울數滴定	방울수적정	false	false
방울潤滑	방울윤활	false	false
방울灌水	방울관수	false	false
밭冷床모	밭랭상모	false	false
밭冷床모판	밭랭상모판	false	false
밭長者	밭장자	false	false
밭갈이層	밭갈이층	false	false
밭고랑植樹法	밭고랑식수법	false	false
밭시루式	밭시루식	false	false
밭시루式灌水	밭시루식관수	false	false
배修理臺	배수리대	false	false
배內기미	배내기미	false	false
배形狀物	배형상물	false	false
배操縱性	배조종성	false	false
배昇降機	배승강기	false	false
배模樣線圖	배모양선도	false	false
배沙工	배사공	false	false
배沙工질	배사공질	false	false
배沙汰	배사태	false	false
배燈	배등	false	false
배燈불	배등불	false	false
배綠色진디물	배록색진디물	false	false
배起動알림信號	배기동알림신호	false	false
배起重機	배기중기	false	false
배輸送	배수송	false	false
배食口	배식구	false	false
배骨甲채찍벌레	배골갑채찍벌레	false	false
배點무늬말지렁이	배점무늬말지렁이	false	false
배길工學	배길공학	false	false
배길標識	배길표식	false	false
배길窟	배길굴	false	false
배꼬리燈	배꼬리등	false	false
배냇病身	배냇병신	false	false
배놀이場	배놀이장	false	false
배다님表	배다님표	false	false
배떼渡河	배떼도하	false	false
배떼渡河場	배떼도하장	false	false
배맬浮漂	배맬부표	false	false
배무이臺	배무이대	false	false
배무이週期	배무이주기	false	false
배무이鋼	배무이강	false	false
배밀림角	배밀림각	false	false
배밑세로堡	배밑세로보	false	false
배밑창式	배밑창식	false	false
배밑창式꽂이	배밑창식꽂이	false	false
배바줄保護器	배바줄보호기	false	false
배속알락螟밤나비	배속알락명밤나비	false	false
배안動脈줄기	배안동맥줄기	false	false
배안神經덤불	배안신경덤불	false	false
배안神經매듭	배안신경매듭	false	false
배알락螟밤나비	배알락명밤나비	false	false
배옆燈	배옆등	false	false
배올림臺	배올림대	false	false
배잎말이알락螟밤나비	배잎말이알락명밤나비	false	false
배자리判定	배자리판정	false	false
배전保護材	배전보호재	false	false
배전燈	배전등	false	false
배짐證券	배짐증권	false	false
배추營養단지	배추영양단지	false	false
배추螟밤나비	배추명밤나비	false	false
배터埠頭	배터부두	false	false
배풀色진디물	배풀색진디물	false	false
백봉川芎	백봉천궁	false	false
밴六方構造	밴륙방구조	false	false
밴結晶構造	밴결정구조	false	false
밴무늬瓷器	밴무늬자기	false	false
밸呼吸	밸호흡	false	false
밸壁	밸벽	false	false
밸結核	밸결핵	false	false
밸膜	밸막	false	false
밸따는機械	밸따는기계	false	false
밸뼈아래배神經	밸뼈아래배신경	false	false
밸사이膜	밸사이막	false	false
밸사이膜淋巴매듭結核	밸사이막림파매듭결핵	false	false
밸사이膜血栓症	밸사이막혈전증	false	false
뱀長魚밈桶	뱀장어밈통	false	false
뱀長魚소살	뱀장어소살	false	false
뱀거북類	뱀거북류	false	false
버덩農事	버덩농사	false	false
버드나무毒나비	버드나무독나비	false	false
버드나무결燈불나비	버드나무결등불나비	false	false
버들村	버들촌	false	false
버들色	버들색	false	false
버들잎덩굴초籠이끼	버들잎덩굴초롱이끼	false	false
버럭堆積	버럭퇴적	false	false
버럭場	버럭장	false	false
버럭山	버럭산	false	false
버럭炭	버럭탄	false	false
버럭積載機	버럭적재기	false	false
버럭運搬다리	버럭운반다리	false	false
버럭채워캐기法	버럭채워캐기법	false	false
버림窟	버림굴	false	false
버섯工場	버섯공장	false	false
버티기鬪爭	버티기투쟁	false	false
버팀垌뚝	버팀동뚝	false	false
버팀堰堤	버팀언제	false	false
버팀塔	버팀탑	false	false
번개象毛	번개상모	false	false
번개象毛돌리기	번개상모돌리기	false	false
번대植物類	번대식물류	false	false
번대眞珠닭	번대진주닭	false	false
번데기빼는機械	번데기빼는기계	false	false
벌農事	벌농사	false	false
벌逃亡	벌도망	false	false
벌鏃	벌촉	false	false
벌間	벌간	false	false
벌類	벌류	false	false
벌鬼神	벌귀신	false	false
벌개板	벌개판	false	false
벌개胃	벌개위	false	false
벌겅砒素鑛	벌겅비소광	false	false
벌떡沙鉢	벌떡사발	false	false
벌레地衣	벌레지의	false	false
벌레나름꽃植物	벌레나름꽃식물	false	false
벌레막이加工	벌레막이가공	false	false
벌레잡이藥	벌레잡이약	false	false
벌레쫓는藥	벌레쫓는약	false	false
벌림板	벌림판	false	false
벌림板조임줄	벌림판조임줄	false	false
벌림結合	벌림결합	false	false
벌림臺	벌림대	false	false
벌림龜裂	벌림균렬	false	false
벌이줄礙子	벌이줄애자	false	false
범亂離	범란리	false	false
범鬚髥	범수염	false	false
범꼬리蘭	범꼬리란	false	false
범벅作品	범벅작품	false	false
범벅式	범벅식	false	false
범벅式指導	범벅식지도	false	false
범벅式敎育	범벅식교육	false	false
범벅敎育	범벅교육	false	false
범벅敎養	범벅교양	false	false
범벅社會	범벅사회	false	false
범뼈藥술	범뼈약술	false	false
법석騷動	법석소동	false	false
벗김試料	벗김시료	false	false
벗나무투우蟲	벗나무투우충	false	false
벙어리人事	벙어리인사	false	false
벙어리鏃사개	벙어리촉사개	false	false
벙어리頭巾	벙어리두건	false	false
베개木	베개목	false	false
베개밑訟事	베개밑송사	false	false
벨區域	벨구역	false	false
벼冷床	벼랭상	false	false
벼水直播機	벼수직파기	false	false
벼熱病	벼열병	false	false
벼熱病菌	벼열병균	false	false
벼科알穀作物	벼과알곡작물	false	false
벼綜合收穫機	벼종합수확기	false	false
벼綜合脫穀機	벼종합탈곡기	false	false
벼葉捲蟲나비	벼엽권충나비	false	false
벼葉長蠅	벼엽장승	false	false
벼겨分離機	벼겨분리기	false	false
벼깜부기病	벼깜부기병	false	false
벼누룩病菌	벼누룩병균	false	false
벼단上車機	벼단상차기	false	false
벼대蟲	벼대충	false	false
벼락事故	벼락사고	false	false
벼락大臣	벼락대신	false	false
벼락待接	벼락대접	false	false
벼락性味	벼락성미	false	false
벼락指示	벼락지시	false	false
벼락移徙	벼락이사	false	false
벼락線	벼락선	false	false
벼락診察	벼락진찰	false	false
벼락試驗	벼락시험	false	false
벼락資本家	벼락자본가	false	false
벼락逢變	벼락봉변	false	false
벼락過電壓	벼락과전압	false	false
벼락鏃	벼락촉	false	false
벼락高喊	벼락고함	false	false
벼랑地衣	벼랑지의	false	false
벼루床	벼루상	false	false
벼모冷床	벼모랭상	false	false
벼모腐敗病菌	벼모부패병균	false	false
벼모내는機械	벼모내는기계	false	false
벼모마름病	벼모마름병	false	false
벼짚雨裝	벼짚우장	false	false
벼황새病菌	벼황새병균	false	false
벼훑이機	벼훑이기	false	false
벼훑이機械	벼훑이기계	false	false
별形連結	별형련결	false	false
별模樣機關	별모양기관	false	false
별神經매듭	별신경매듭	false	false
병牡丹풀	병모란풀	false	false
병아리흰泄瀉病	병아리흰설사병	false	false
볕말림法	볕말림법	false	false
볕즐김性	볕즐김성	false	false
보내기函	보내기함	false	false
보내기螺絲	보내기나사	false	false
보내기軸	보내기축	false	false
보는神經	보는신경	false	false
보는細胞	보는세포	false	false
보는角	보는각	false	false
보는點	보는점	false	false
보라大蛤	보라대합	false	false
보라水晶	보라수정	false	false
보라밤色	보라밤색	false	false
보름名節	보름명절	false	false
보리花菜	보리화채	false	false
보배山	보배산	false	false
보배童이	보배동이	false	false
보습採炭機	보습채탄기	false	false
보임信號	보임신호	false	false
보임光線	보임광선	false	false
보임光線治療	보임광선치료	false	false
보임差	보임차	false	false
보임性	보임성	false	false
보임感度	보임감도	false	false
보임距離	보임거리	false	false
보탬結合	보탬결합	false	false
보탬藥	보탬약	false	false
보탬角	보탬각	false	false
보탬食事	보탬식사	false	false
보탬體	보탬체	false	false
보풀꼬리胞子菌	보풀꼬리포자균	false	false
복닥騷動	복닥소동	false	false
복숭아알락螟蟲나비	복숭아알락명충나비	false	false
볶음醬	볶음장	false	false
볼便살	볼편살	false	false
볼록版印刷版	볼록판인쇄판	false	false
볼록版校正機	볼록판교정기	false	false
볼록版輪轉印刷機	볼록판륜전인쇄기	false	false
볼록版輪轉機	볼록판륜전기	false	false
봄季節	봄계절	false	false
봄按酒	봄안주	false	false
봄播種	봄파종	false	false
봄穀食	봄곡식	false	false
봄細파	봄세파	false	false
봄落水	봄락수	false	false
봄雷聲	봄뢰성	false	false
봄눈椄	봄눈접	false	false
봄맞이現象	봄맞이현상	false	false
봄맞이處理	봄맞이처리	false	false
봄여름腦炎	봄여름뇌염	false	false
봇幕	봇막	false	false
부는武器	부는무기	false	false
부대農事	부대농사	false	false
부대기百姓	부대기백성	false	false
부대기農事	부대기농사	false	false
부루馬	부루마	false	false
부름鐘	부름종	false	false
부리鏃	부리촉	false	false
부서짐率	부서짐률	false	false
부서짐물결帶	부서짐물결대	false	false
부석感	부석감	false	false
부스레기巖	부스레기암	false	false
부엌出入	부엌출입	false	false
부엌出入하다	부엌출입하다	false	false
부엌房	부엌방	false	false
부채形	부채형	false	false
부채扁平이끼	부채편평이끼	false	false
부채模樣땅	부채모양땅	false	false
부채水門	부채수문	false	false
부채穹窿	부채궁륭	false	false
부채잎초籠이끼	부채잎초롱이끼	false	false
부축板	부축판	false	false
부침땅保護	부침땅보호	false	false
부풀음藥	부풀음약	false	false
부피中心	부피중심	false	false
부피充塡度	부피충전도	false	false
부피再結合	부피재결합	false	false
부피分率	부피분률	false	false
부피型鍛造	부피형단조	false	false
부피損傷率	부피손상률	false	false
부피量	부피량	false	false
부피베기率	부피베기률	false	false
부피불음곁數	부피불음곁수	false	false
북交換機具	북교환기구	false	false
북感觸機	북감촉기	false	false
북筒	북통	false	false
북邊죽	북변죽	false	false
북덕醬	북덕장	false	false
북데기農事	북데기농사	false	false
분비精油	분비정유	false	false
분비褐色네눈빼기나무좀	분비갈색네눈빼기나무좀	false	false
불丹楓	불단풍	false	false
불亡種	불망종	false	false
불亡種짓	불망종짓	false	false
불亡種짓하다	불망종짓하다	false	false
불固執	불고집	false	false
불固執쟁이	불고집쟁이	false	false
불大砲	불대포	false	false
불射擊	불사격	false	false
불射擊하다	불사격하다	false	false
불山	불산	false	false
불彈	불탄	false	false
불心지	불심지	false	false
불心지雷管	불심지뢰관	false	false
불惡鬼	불악귀	false	false
불惡黨	불악당	false	false
불方席	불방석	false	false
불暴雨	불폭우	false	false
불欠집	불흠집	false	false
불殺母蛇	불살모사	false	false
불毒	불독	false	false
불沙汰	불사태	false	false
불督促	불독촉	false	false
불睾丸	불고환	false	false
불端午	불단오	false	false
불鍼	불침	false	false
불間	불간	false	false
불間熱짐	불간열짐	false	false
불견딜度	불견딜도	false	false
불견딜性	불견딜성	false	false
불견딜構造	불견딜구조	false	false
불견딤度	불견딤도	false	false
불글字	불글자	false	false
불길分光分析法	불길분광분석법	false	false
불길反應	불길반응	false	false
불길發光分析法	불길발광분석법	false	false
불길筒	불길통	false	false
불꽃函	불꽃함	false	false
불끌炭	불끌탄	false	false
불난相	불난상	false	false
불당길點	불당길점	false	false
불당김性	불당김성	false	false
불대分析	불대분석	false	false
불룩函數	불룩함수	false	false
불룩區域	불룩구역	false	false
불룩多角形	불룩다각형	false	false
불룩多面體	불룩다면체	false	false
불룩計劃法	불룩계획법	false	false
불막이加工	불막이가공	false	false
불막이壁	불막이벽	false	false
불막이山板	불막이산판	false	false
불막이漆감	불막이칠감	false	false
불막이線	불막이선	false	false
불막이門	불막이문	false	false
불무지步哨	불무지보초	false	false
불빛僞裝	불빛위장	false	false
불빛方位目標	불빛방위목표	false	false
불빛漁撈	불빛어로	false	false
불빛目標射擊	불빛목표사격	false	false
불음度	불음도	false	false
불음곁數	불음곁수	false	false
불초籠	불초롱	false	false
불탈性	불탈성	false	false
붉은丹楓나무	붉은단풍나무	false	false
붉은山뱀눈나비	붉은산뱀눈나비	false	false
붉은旗	붉은기	false	false
붉은旗中隊	붉은기중대	false	false
붉은旗中隊運動	붉은기중대운동	false	false
붉은松蘿	붉은송라	false	false
붉은毒버섯	붉은독버섯	false	false
붉은片紙	붉은편지	false	false
붉은窓나비	붉은창나비	false	false
붉은萬病草	붉은만병초	false	false
붉은香薷	붉은향유	false	false
붉은鬚髥毒나비	붉은수염독나비	false	false
붉은鬚髥쉬파리	붉은수염쉬파리	false	false
붉은鶴	붉은학	false	false
붉은點알락나비	붉은점알락나비	false	false
붉은광대毒버섯	붉은광대독버섯	false	false
붉은깃燈불나비	붉은깃등불나비	false	false
붉은꽃梅花나무	붉은꽃매화나무	false	false
붉은눈알寄生벌	붉은눈알기생벌	false	false
붉은마름植物	붉은마름식물	false	false
붉은마름色素	붉은마름색소	false	false
붉은무늬毒나비	붉은무늬독나비	false	false
붉은줄王새우	붉은줄왕새우	false	false
붓房	붓방	false	false
붕어醬찌개	붕어장찌개	false	false
붙는器官	붙는기관	false	false
붙어살이動物	붙어살이동물	false	false
붙임一家	붙임일가	false	false
붙임冊	붙임책	false	false
붙임加工종이	붙임가공종이	false	false
붙임地圖	붙임지도	false	false
붙임法	붙임법	false	false
붙임繡	붙임수	false	false
붙임돌板	붙임돌판	false	false
붙임쪽紙	붙임쪽지	false	false
비量	비량	false	false
비風	비풍	false	false
비게型돼지	비게형돼지	false	false
비길手	비길수	false	false
비김分配곁數	비김분배곁수	false	false
비김常數	비김상수	false	false
비김熱輻射	비김열복사	false	false
비김電極電位	비김전극전위	false	false
비날론化	비날론화	false	false
비날론化되다	비날론화되다	false	false
비날론化하다	비날론화하다	false	false
비날론強力絲	비날론강력사	false	false
비날론速度	비날론속도	false	false
비내림量	비내림량	false	false
비누化값	비누화값	false	false
비누石	비누석	false	false
비누藥	비누약	false	false
비누處理	비누처리	false	false
비누거품浴	비누거품욕	false	false
비늘層	비늘층	false	false
비둘기競技	비둘기경기	false	false
비많은地帶	비많은지대	false	false
비물桶	비물통	false	false
비바람被害	비바람피해	false	false
비빔菜	비빔채	false	false
비양氣	비양기	false	false
비운짐運賃	비운짐운임	false	false
비자루射擊	비자루사격	false	false
비자루檢擧	비자루검거	false	false
비적은地帶	비적은지대	false	false
비침度재개	비침도재개	false	false
비킴停車場	비킴정거장	false	false
비킴線	비킴선	false	false
비탈坑道	비탈갱도	false	false
비탈層결	비탈층결	false	false
비탈山	비탈산	false	false
비탈度	비탈도	false	false
비탈式	비탈식	false	false
비탈式切斷機	비탈식절단기	false	false
비탈式閘門	비탈식갑문	false	false
비탈式배昇降機	비탈식배승강기	false	false
비탈操車場驛	비탈조차장역	false	false
비탈板	비탈판	false	false
비탈窟	비탈굴	false	false
비탈管	비탈관	false	false
비탈褶曲	비탈습곡	false	false
비탈角	비탈각	false	false
비탈面	비탈면	false	false
빈人事	빈인사	false	false
빈和音	빈화음	false	false
빈嘔逆질	빈구역질	false	false
빈字	빈자	false	false
빈山	빈산	false	false
빈所聞	빈소문	false	false
빈松蘿	빈송라	false	false
빈翼側	빈익측	false	false
빈글字	빈글자	false	false
빈말套	빈말투	false	false
빈말工夫	빈말공부	false	false
빈말工夫쟁이	빈말공부쟁이	false	false
빈종이張	빈종이장	false	false
빈짐遮斷機	빈짐차단기	false	false
빈틈率	빈틈률	false	false
빔數	빔수	false	false
빔角	빔각	false	false
빔곁數	빔곁수	false	false
빗六面體	빗륙면체	false	false
빗平行六面體	빗평행륙면체	false	false
빗線	빗선	false	false
빗線울타리模樣	빗선울타리모양	false	false
빗鬚髥무늬螟밤나비	빗수염무늬명밤나비	false	false
빗질幕	빗질막	false	false
빗질機	빗질기	false	false
빚奴隷	빚노예	false	false
빚收刷	빚수쇄	false	false
빚褓따리	빚보따리	false	false
빚은彫刻	빚은조각	false	false
빚은炭	빚은탄	false	false
빛三極素子	빛삼극소자	false	false
빛中心	빛중심	false	false
빛二極素子	빛이극소자	false	false
빛傳導效果	빛전도효과	false	false
빛勵起	빛려기	false	false
빛合成	빛합성	false	false
빛合成色素	빛합성색소	false	false
빛呼吸	빛호흡	false	false
빛增倍管	빛증배관	false	false
빛天井	빛천정	false	false
빛天障	빛천장	false	false
빛感度	빛감도	false	false
빛抵抗器	빛저항기	false	false
빛波	빛파	false	false
빛炭	빛탄	false	false
빛磁氣效果	빛자기효과	false	false
빛素子	빛소자	false	false
빛線	빛선	false	false
빛纖維	빛섬유	false	false
빛纖維通信	빛섬유통신	false	false
빛記憶裝置	빛기억장치	false	false
빛調節器	빛조절기	false	false
빛軸	빛축	false	false
빛通信	빛통신	false	false
빛速度	빛속도	false	false
빛週期性	빛주기성	false	false
빛量	빛량	false	false
빛量子	빛량자	false	false
빛量子計數法	빛량자계수법	false	false
빛集積回路	빛집적회로	false	false
빛電動力	빛전동력	false	false
빛電子工學	빛전자공학	false	false
빛電子放出	빛전자방출	false	false
빛電氣增倍管	빛전기증배관	false	false
빛電氣效果	빛전기효과	false	false
빛電氣返還器	빛전기반환기	false	false
빛飽和點	빛포화점	false	false
빛가림現象	빛가림현상	false	false
빛갈色	빛갈색	false	false
빛걸음差	빛걸음차	false	false
빛견딜性	빛견딜성	false	false
빛굽힘性	빛굽힘성	false	false
빛낼度	빛낼도	false	false
빛돌림性	빛돌림성	false	false
빛따를性	빛따를성	false	false
빛소리刺戟器	빛소리자극기	false	false
빛쏠림面	빛쏠림면	false	false
빛쏠림顯微鏡	빛쏠림현미경	false	false
빠는熱	빠는열	false	false
빠는藥	빠는약	false	false
빠른增殖爐	빠른증식로	false	false
빠른閃光	빠른섬광	false	false
빨간色고치	빨간색고치	false	false
빵形配合먹이	빵형배합먹이	false	false
빼앗기技術	빼앗기기술	false	false
빼앗은罪	빼앗은죄	false	false
빽빽이車	빽빽이차	false	false
뻐꾹벌레類	뻐꾹벌레류	false	false
뼈學	뼈학	false	false
뼈工藝	뼈공예	false	false
뼈接合術	뼈접합술	false	false
뼈細胞집	뼈세포집	false	false
뼈裁斷術	뼈재단술	false	false
뼈質	뼈질	false	false
뼈道具	뼈도구	false	false
뼈마디面	뼈마디면	false	false
뼈비늘어미細胞	뼈비늘어미세포	false	false
뼈뿔工藝	뼈뿔공예	false	false
뼈활鏃	뼈활촉	false	false
뽕螟밤나비	뽕명밤나비	false	false
뽕가지마름病	뽕가지마름병	false	false
뽕나무椄	뽕나무접	false	false
뽕나무細菌性萎縮病	뽕나무세균성위축병	false	false
뽕나무螟蟲나비	뽕나무명충나비	false	false
뽕나무밑둥마름病	뽕나무밑둥마름병	false	false
뽕난쟁이病	뽕난쟁이병	false	false
뽕누에人工먹이	뽕누에인공먹이	false	false
뽕때病	뽕때병	false	false
뽕릉形무늬깡충	뽕릉형무늬깡충	false	false
뽕밤色무늬病	뽕밤색무늬병	false	false
뽕애기흰毒나비	뽕애기흰독나비	false	false
뽕잎마름病	뽕잎마름병	false	false
뽕흰毒나비	뽕흰독나비	false	false
뾰족極性	뾰족극성	false	false
뾰족結晶돌	뾰족결정돌	false	false
뾰족角	뾰족각	false	false
뾰족角三角函數	뾰족각삼각함수	false	false
뾰족角三角形	뾰족각삼각형	false	false
뾰족살紅魚	뾰족살홍어	false	false
뿌리壓力	뿌리압력	false	false
뿌리式	뿌리식	false	false
뿌리指數	뿌리지수	false	false
뿌리標	뿌리표	false	false
뿌리標밑數	뿌리표밑수	false	false
뿌리液	뿌리액	false	false
뿌리液넘기	뿌리액넘기	false	false
뿌리草藥	뿌리초약	false	false
뿌리菌	뿌리균	false	false
뿌리記號	뿌리기호	false	false
뿌리가름造林	뿌리가름조림	false	false
뿌리나래활鏃	뿌리나래활촉	false	false
뿌리둘레微生物	뿌리둘레미생물	false	false
뿌리어깨數	뿌리어깨수	false	false
뿌리없는활鏃	뿌리없는활촉	false	false
뿌림漆	뿌림칠	false	false
뿌림漆하다	뿌림칠하다	false	false
뿔工藝函	뿔공예함	false	false
뿔端脚	뿔단각	false	false
뿔莎草	뿔사초	false	false
뿔質	뿔질	false	false
뿔質層	뿔질층	false	false
뿔質溶解藥	뿔질용해약	false	false
뿜기鍍金	뿜기도금	false	false
뿜이乾燥機	뿜이건조기	false	false
사군꽃水母	사군꽃수모	false	false
사귐構造物	사귐구조물	false	false
사귐線	사귐선	false	false
사귐線構圖	사귐선구도	false	false
사귐角	사귐각	false	false
사귐軸	사귐축	false	false
사귐點	사귐점	false	false
사냥禁止林	사냥금지림	false	false
사냥군組	사냥군조	false	false
사다리무늬導管	사다리무늬도관	false	false
사돌工	사돌공	false	false
사돌漁具	사돌어구	false	false
사돌漁業	사돌어업	false	false
사돌船	사돌선	false	false
사람代名詞	사람대명사	false	false
사람傳染病	사람전염병	false	false
사람富者	사람부자	false	false
사람稅	사람세	false	false
사람遺傳學	사람유전학	false	false
사람鍛鍊	사람단련	false	false
사람없는燈臺	사람없는등대	false	false
사름率	사름률	false	false
사리差	사리차	false	false
사마귀藥풀	사마귀약풀	false	false
사반機	사반기	false	false
사슬傳動	사슬전동	false	false
사슬式引拔機	사슬식인발기	false	false
사슬式물길掘鑿機	사슬식물길굴착기	false	false
사슬採炭機	사슬채탄기	false	false
사슬時計	사슬시계	false	false
사슬알菌	사슬알균	false	false
사슬알菌性肺炎	사슬알균성페염	false	false
사슴菊花	사슴국화	false	false
사이劇	사이극	false	false
사이壁門	사이벽문	false	false
사이巧藝	사이교예	false	false
사이房	사이방	false	false
사이標	사이표	false	false
사이膜	사이막	false	false
사이色	사이색	false	false
사이表紙	사이표지	false	false
사이角	사이각	false	false
사이體操	사이체조	false	false
사이나르기工	사이나르기공	false	false
사이넣기法	사이넣기법	false	false
사이둔熱	사이둔열	false	false
사이소리標	사이소리표	false	false
삭뼈膜	삭뼈막	false	false
삭음견딜性	삭음견딜성	false	false
삯加工	삯가공	false	false
삯加工하다	삯가공하다	false	false
삯馬	삯마	false	false
삯馬값	삯마값	false	false
산勞動	산로동	false	false
산大黃	산대황	false	false
산後娶	산후취	false	false
산갓莎草	산갓사초	false	false
산줄工	산줄공	false	false
살態	살태	false	false
살板	살판	false	false
살桶	살통	false	false
살槍	살창	false	false
살洋襪	살양말	false	false
살窓	살창	false	false
살窓式바닥	살창식바닥	false	false
살窓木	살창목	false	false
살窓板	살창판	false	false
살窓網	살창망	false	false
살窓配光式	살창배광식	false	false
살窓電極	살창전극	false	false
살窓電流	살창전류	false	false
살窓무늬	살창무늬	false	false
살窓무늬천	살창무늬천	false	false
살窓쏠림電壓	살창쏠림전압	false	false
살胃	살위	false	false
살臺	살대	false	false
살臺運動	살대운동	false	false
살臺틀	살대틀	false	false
살色깔때기버섯	살색깔때기버섯	false	false
살가죽곪기症	살가죽곪기증	false	false
살가죽밑注射	살가죽밑주사	false	false
살괭이相	살괭이상	false	false
살구씨粥	살구씨죽	false	false
살대拷問	살대고문	false	false
살림집區域	살림집구역	false	false
살림집小區域	살림집소구역	false	false
살별族	살별족	false	false
살진대꽃次例	살진대꽃차례	false	false
살질性	살질성	false	false
살틀式	살틀식	false	false
살틀式家具	살틀식가구	false	false
삶기度	삶기도	false	false
삼類	삼류	false	false
삽模樣앞이	삽모양앞이	false	false
삽臺	삽대	false	false
삽짝門	삽짝문	false	false
삿갓模樣銅器	삿갓모양동기	false	false
상中音	상중음	false	false
새大門	새대문	false	false
새書房	새서방	false	false
새江	새강	false	false
새病	새병	false	false
새草단	새초단	false	false
새草무지	새초무지	false	false
새門	새문	false	false
새障지	새장지	false	false
새類	새류	false	false
새鳥籠	새조롱	false	false
새기磁束	새기자속	false	false
새끼愛情	새끼애정	false	false
새끼房	새끼방	false	false
새끼會社	새끼회사	false	false
새끼낳이性	새끼낳이성	false	false
새끼낳이率	새끼낳이률	false	false
새끼돼지浮腫病	새끼돼지부종병	false	false
새끼받이施設	새끼받이시설	false	false
새눈椄	새눈접	false	false
새는誘導起電力	새는유도기전력	false	false
새둥지桶	새둥지통	false	false
새벽場군	새벽장군	false	false
새벽大氣	새벽대기	false	false
새벽鐘	새벽종	false	false
새별郡	새별군	false	false
새살組織	새살조직	false	false
새알模樣구멍	새알모양구멍	false	false
새우肝	새우간	false	false
새우곤쟁이幼生期	새우곤쟁이유생기	false	false
새털진드기類	새털진드기류	false	false
서랍式밥솥	서랍식밥솥	false	false
서로誘導	서로유도	false	false
서서射擊	서서사격	false	false
서운感	서운감	false	false
석줄變壓器	석줄변압기	false	false
섞붙임不和合性	섞붙임불화합성	false	false
섞어실이車	섞어실이차	false	false
섞음元種	섞음원종	false	false
섞음拍子	섞음박자	false	false
섞음構圖	섞음구도	false	false
섞음網	섞음망	false	false
섞음물藥	섞음물약	false	false
섞음추림法	섞음추림법	false	false
섞임元素	섞임원소	false	false
섞임性	섞임성	false	false
섞임空氣	섞임공기	false	false
선出發	선출발	false	false
선出發하다	선출발하다	false	false
선含量	선함량	false	false
선宴會	선연회	false	false
선橘껍질	선귤껍질	false	false
선箜篌	선공후	false	false
선練習	선연습	false	false
선그림面	선그림면	false	false
선나무부피表	선나무부피표	false	false
선출種	선출종	false	false
설差備	설차비	false	false
설差備하다	설차비하다	false	false
설憤褓따리	설분보따리	false	false
설기菓子	설기과자	false	false
설마病	설마병	false	false
설설이松蘿	설설이송라	false	false
섬埠頭	섬부두	false	false
섬效果	섬효과	false	false
섭匠	섭장	false	false
성근무늬瓷器	성근무늬자기	false	false
성냥銃	성냥총	false	false
성냥딱銃	성냥딱총	false	false
성에膜	성에막	false	false
성주床	성주상	false	false
세兼床	세겸상	false	false
세幅자락	세폭자락	false	false
세平方의定理	세평방의정리	false	false
세番되풀이法	세번되풀이법	false	false
세鏃귀물림사개	세촉귀물림사개	false	false
세間들이	세간들이	false	false
세面거울	세면거울	false	false
세간什物	세간집물	false	false
세간家藏	세간가장	false	false
세겹母音	세겹모음	false	false
세기理論	세기리론	false	false
세나라時期	세나라시기	false	false
세다리酒煎子	세다리주전자	false	false
세때求食	세때구식	false	false
세때求食하다	세때구식하다	false	false
세로動搖	세로동요	false	false
세로壁	세로벽	false	false
세로壓延	세로압연	false	false
세로往復臺	세로왕복대	false	false
세로爐	세로로	false	false
세로線圖	세로선도	false	false
세로軸方位角	세로축방위각	false	false
세로뜨개機械	세로뜨개기계	false	false
세로자른面	세로자른면	false	false
세마디式	세마디식	false	false
세모形되풀이繡	세모형되풀이수	false	false
세모螺旋채찍벌레	세모라선채찍벌레	false	false
세모鐘	세모종	false	false
세모활鏃	세모활촉	false	false
세바퀴自動車	세바퀴자동차	false	false
세바퀴自轉車	세바퀴자전거	false	false
세바퀴車	세바퀴차	false	false
세벌農事	세벌농사	false	false
세움臺	세움대	false	false
세워두는線	세워두는선	false	false
센母音	센모음	false	false
센誘電體	센유전체	false	false
셈回路	셈회로	false	false
셈數詞	셈수사	false	false
셈條	셈조	false	false
셈管	셈관	false	false
셈速度	셈속도	false	false
소內包볶음	소내포볶음	false	false
소場거리	소장거리	false	false
소場마당	소장마당	false	false
소學	소학	false	false
소疫病	소역병	false	false
소白血病	소백혈병	false	false
소裝具	소장구	false	false
소足片	소족편	false	false
소겨리班	소겨리반	false	false
소경病	소경병	false	false
소고기冷菜	소고기랭채	false	false
소고기膾	소고기회	false	false
소고기군片肉	소고기군편육	false	false
소고기떡散炙	소고기떡산적	false	false
소금不足症	소금부족증	false	false
소금分	소금분	false	false
소금氣被害	소금기피해	false	false
소금氣견딜性	소금기견딜성	false	false
소금線	소금선	false	false
소나기質問	소나기질문	false	false
소나무螟蟲나비	소나무명충나비	false	false
소눈벌레病	소눈벌레병	false	false
소라陣法채	소라진법채	false	false
소름雨傘버섯	소름우산버섯	false	false
소리信管	소리신관	false	false
소리名唱	소리명창	false	false
소리吸收	소리흡수	false	false
소리壓力	소리압력	false	false
소리式錐孔水位測程器	소리식추공수위측정기	false	false
소리放送	소리방송	false	false
소리標꼬리	소리표꼬리	false	false
소리標대	소리표대	false	false
소리標머리	소리표머리	false	false
소리漁撈	소리어로	false	false
소리爆彈	소리폭탄	false	false
소리管	소리관	false	false
소리進行	소리진행	false	false
소리量子	소리량자	false	false
소리같은다른뜻옮김法	소리같은다른뜻옮김법	false	false
소리같은말辭典	소리같은말사전	false	false
소리높이標	소리높이표	false	false
소리뜻옮김法	소리뜻옮김법	false	false
소리마디글字	소리마디글자	false	false
소리마디줄임法	소리마디줄임법	false	false
소리막음度	소리막음도	false	false
소리막이壁	소리막이벽	false	false
소리바꿈標	소리바꿈표	false	false
소리바꿈法	소리바꿈법	false	false
소리옮김法	소리옮김법	false	false
소리크기準位	소리크기준위	false	false
소리활鏃	소리활촉	false	false
소마間	소마간	false	false
소매中품線	소매중품선	false	false
소매기슭線	소매기슭선	false	false
소매달線	소매달선	false	false
소매달表	소매달표	false	false
소매웃품線	소매웃품선	false	false
소이발形	소이발형	false	false
소젖粥	소젖죽	false	false
소태網	소태망	false	false
속不滿	속불만	false	false
속作定	속작정	false	false
속內臟	속내장	false	false
속冊	속책	false	false
속壁	속벽	false	false
속寢	속침	false	false
속層거름주기	속층거름주기	false	false
속心境	속심경	false	false
속心思	속심사	false	false
속振動機	속진동기	false	false
속決心	속결심	false	false
속決心하다	속결심하다	false	false
속沙糖	속사탕	false	false
속直徑	속직경	false	false
속眞情	속진정	false	false
속窮量	속궁냥	false	false
속窮量하다	속궁냥하다	false	false
속管	속관	false	false
속精神	속정신	false	false
속臺詞	속대사	false	false
속螺絲	속나사	false	false
속螺絲치개	속나사치개	false	false
속行動	속행동	false	false
속酌定	속작정	false	false
속갈이盤	속갈이반	false	false
속거품現象	속거품현상	false	false
속깎기盤	속깎기반	false	false
속돌層	속돌층	false	false
속바늘地衣	속바늘지의	false	false
속박음繡	속박음수	false	false
속빈堰堤	속빈언제	false	false
속빈板	속빈판	false	false
속빈車軸	속빈차축	false	false
속빈軸	속빈축	false	false
속빈鋼	속빈강	false	false
속빼기發破	속빼기발파	false	false
속살樹種	속살수종	false	false
속임技術	속임기술	false	false
속주머니障礙症狀	속주머니장애증상	false	false
손信號	손신호	false	false
손制動機	손제동기	false	false
손動作	손동작	false	false
손動作하다	손동작하다	false	false
손勞動	손로동	false	false
손勞動하다	손로동하다	false	false
손弄奸	손롱간	false	false
손弄奸하다	손롱간하다	false	false
손扇風機	손선풍기	false	false
손打診	손타진	false	false
손打診하다	손타진하다	false	false
손捲揚機	손권양기	false	false
손掌心	손장심	false	false
손接觸畵面	손접촉화면	false	false
손旗발	손기발	false	false
손旗발信號	손기발신호	false	false
손旗발信號旗	손기발신호기	false	false
손時計	손시계	false	false
손毒	손독	false	false
손氣	손기	false	false
손粉틀	손분틀	false	false
손裁縫	손재봉	false	false
손裁縫機	손재봉기	false	false
손試錐	손시추	false	false
손銀杏	손은행	false	false
손風具	손풍구	false	false
손가락圖章	손가락도장	false	false
손가락言語	손가락언어	false	false
손가락銃	손가락총	false	false
손가락銃질	손가락총질	false	false
손가락銃질하다	손가락총질하다	false	false
손끝斟酌	손끝짐작	false	false
손님格	손님격	false	false
손님맞이房	손님맞이방	false	false
손닻機械	손닻기계	false	false
손바닥模樣겹잎	손바닥모양겹잎	false	false
손발役	손발역	false	false
손발끝知覺異常症	손발끝지각이상증	false	false
손벽戲	손벽희	false	false
손짐車	손짐차	false	false
손짓信號	손짓신호	false	false
손짓言語	손짓언어	false	false
손짓語	손짓어	false	false
손채陽	손채양	false	false
손채陽하다	손채양하다	false	false
손톱地衣	손톱지의	false	false
솔大門	솔대문	false	false
솔峯	솔봉	false	false
솔松蘿	솔송라	false	false
솔筍	솔순	false	false
솔방울體	솔방울체	false	false
솔잎粥	솔잎죽	false	false
솜勞動靴	솜로동화	false	false
솜煙氣	솜연기	false	false
솜먼지肺症	솜먼지페증	false	false
솜잔빗질機械	솜잔빗질기계	false	false
솜헤침機	솜헤침기	false	false
송이木花	송이목화	false	false
쇠兩	쇠냥	false	false
쇠札甲	쇠찰갑	false	false
쇠甲옷	쇠갑옷	false	false
쇠窓	쇠창	false	false
쇠管대	쇠관대	false	false
쇠綠	쇠녹	false	false
쇠돌徵候	쇠돌징후	false	false
쇠돌脈	쇠돌맥	false	false
쇠돌豫備處理	쇠돌예비처리	false	false
쇠물型鍛造	쇠물형단조	false	false
쇠물毒	쇠물독	false	false
쇠살窓	쇠살창	false	false
쇠알試錐	쇠알시추	false	false
쇠양馬	쇠양마	false	false
쇠줄落葉버섯	쇠줄락엽버섯	false	false
수性花	수성화	false	false
수性먼저여물기	수성먼저여물기	false	false
수羊	수양	false	false
수胞子씨집	수포자씨집	false	false
수렁被害	수렁피해	false	false
수레멍에金具	수레멍에금구	false	false
수리戲弄나비	수리희롱나비	false	false
수수無頉하다	수수무탈하다	false	false
수컷앞成熟	수컷앞성숙	false	false
수풀알락戲弄나비	수풀알락희롱나비	false	false
숙은角	숙은각	false	false
숙임板	숙임판	false	false
술幕	술막	false	false
술德	술덕	false	false
술本때	술본때	false	false
술桶	술통	false	false
술沙糖	술사탕	false	false
술粥	술죽	false	false
술風	술풍	false	false
숨脈	숨맥	false	false
숨針질	숨침질	false	false
숨針질하다	숨침질하다	false	false
숨긴罪	숨긴죄	false	false
숨은映像	숨은영상	false	false
숨은針	숨은침	false	false
숨은鏃귀물림사개	숨은촉귀물림사개	false	false
숨은鏃귀사개	숨은촉귀사개	false	false
숨은꽃次例	숨은꽃차례	false	false
숨은나비鏃귀사개	숨은나비촉귀사개	false	false
숨은평鏃귀사개	숨은평촉귀사개	false	false
숭어알脯	숭어알포	false	false
숯구이幕	숯구이막	false	false
숲等級	숲등급	false	false
숲頂수리	숲정수리	false	false
숲갓層	숲갓층	false	false
숲나무地衣	숲나무지의	false	false
숲사슴地衣	숲사슴지의	false	false
쉬파리病	쉬파리병	false	false
쉰酬酌	쉰수작	false	false
쉰酬酌질	쉰수작질	false	false
쉴幕	쉴막	false	false
쉴참體操	쉴참체조	false	false
쉼前胃	쉼전위	false	false
쉼段	쉼단	false	false
스밈壓力	스밈압력	false	false
스밈壓調節作用	스밈압조절작용	false	false
스밈性	스밈성	false	false
스밈變形	스밈변형	false	false
슬픔症	슬픔증	false	false
승냥이心보	승냥이심보	false	false
승냥이法則	승냥이법칙	false	false
승냥이相통	승냥이상통	false	false
시골態	시골태	false	false
시듦곁數	시듦곁수	false	false
시루式	시루식	false	false
시루式灌漑	시루식관개	false	false
시루式물대기	시루식물대기	false	false
시루管	시루관	false	false
시름氣	시름기	false	false
시킴式	시킴식	false	false
시킴形	시킴형	false	false
시킴文	시킴문	false	false
시킴相	시킴상	false	false
식힘能力	식힘능력	false	false
신臺	신대	false	false
신발型打	신발형타	false	false
실兒枝	실아지	false	false
실松蘿	실송라	false	false
실模樣體	실모양체	false	false
실波濤	실파도	false	false
실管粘性재개	실관점성재개	false	false
실綴	실철	false	false
실綴機	실철기	false	false
실線圖	실선도	false	false
실腺	실선	false	false
실觸鬚바다지렁이	실촉수바다지렁이	false	false
실鬚髥바다지렁이	실수염바다지렁이	false	false
실금間隔	실금간격	false	false
실꼬치機械	실꼬치기계	false	false
실피줄鏡	실피줄경	false	false
실흰잎地衣	실흰잎지의	false	false
싱아酸	싱아산	false	false
싸락機械	싸락기계	false	false
싸락藥	싸락약	false	false
싸리山	싸리산	false	false
싸박이上針	싸박이상침	false	false
싸움物계	싸움물계	false	false
싸창匣	싸창갑	false	false
싹갑작變異	싹갑작변이	false	false
싹트기法	싹트기법	false	false
싹트는率	싹트는률	false	false
쌀口味	쌀구미	false	false
쌀山	쌀산	false	false
쌀櫃	쌀궤	false	false
쌀票	쌀표	false	false
쌀米袋	쌀미대	false	false
쌀鞭蟲	쌀편충	false	false
썩醬	썩장	false	false
썩새흙層	썩새흙층	false	false
썩음病	썩음병	false	false
썩음막이加工	썩음막이가공	false	false
썩음막이藥	썩음막이약	false	false
썰매競技	썰매경기	false	false
썰매車	썰매차	false	false
쏘기瞬間공때리기	쏘기순간공때리기	false	false
쏠림荷重	쏠림하중	false	false
쏠림變形	쏠림변형	false	false
쏠림누름荷重	쏠림누름하중	false	false
쏠림당김荷重	쏠림당김하중	false	false
쐐기式막대동발	쐐기식막대동발	false	false
쐐기式속빼기	쐐기식속빼기	false	false
쐐기皮帶	쐐기피대	false	false
쐐기石	쐐기석	false	false
쐐기隊形	쐐기대형	false	false
쑥門	쑥문	false	false
쓰레기郵便	쓰레기우편	false	false
쓰임例	쓰임례	false	false
쓴밤毒버섯	쓴밤독버섯	false	false
쓸辱	쓸욕	false	false
쓸림層	쓸림층	false	false
쓸림式	쓸림식	false	false
쓸림式捲揚機	쓸림식권양기	false	false
쓸림抵抗	쓸림저항	false	false
쓸림損失	쓸림손실	false	false
쓸림鎔接	쓸림용접	false	false
쓸림電氣	쓸림전기	false	false
쓸림곁數	쓸림곁수	false	false
쓸림바퀴傳動	쓸림바퀴전동	false	false
씌우개形電氣爐	씌우개형전기로	false	false
씨因數	씨인수	false	false
씨因數分解	씨인수분해	false	false
씨數	씨수	false	false
씨盜賊	씨도적	false	false
씨루織	씨루직	false	false
씨실感觸機	씨실감촉기	false	false
씨실精紡機	씨실정방기	false	false
씨실감이機械	씨실감이기계	false	false
씨알繡	씨알수	false	false
씨앗檢査	씨앗검사	false	false
씨앗淸潔率	씨앗청결률	false	false
씨앗纖維作物	씨앗섬유작물	false	false
씨앗고름度	씨앗고름도	false	false
씨젖劑	씨젖제	false	false
씩씩性	씩씩성	false	false
씻는藥	씻는약	false	false
씻음藥	씻음약	false	false
아가미끌魚類	아가미끌어류	false	false
아가미다리類	아가미다리류	false	false
아궁門	아궁문	false	false
아궁이爐	아궁이로	false	false
아기牌	아기패	false	false
아기陵	아기릉	false	false
아낙中心	아낙중심	false	false
아낙角	아낙각	false	false
아낙項	아낙항	false	false
아늑感	아늑감	false	false
아래中房	아래중방	false	false
아래中枋	아래중방	false	false
아래代	아래대	false	false
아래內衣	아래내의	false	false
아래單位	아래단위	false	false
아래型	아래형	false	false
아래壇	아래단	false	false
아래層구름	아래층구름	false	false
아래房	아래방	false	false
아래手	아래수	false	false
아래殿	아래전	false	false
아래班	아래반	false	false
아래舍廊	아래사랑	false	false
아래質	아래질	false	false
아래間	아래간	false	false
아래限界	아래한계	false	false
아래鬚髥	아래수염	false	false
아래웃層	아래웃층	false	false
아래웃房	아래웃방	false	false
아래웃間	아래웃간	false	false
아래웃間房	아래웃간방	false	false
아랫房	아랫방	false	false
아롱色	아롱색	false	false
아름實하다	아름실하다	false	false
아무낮植物	아무낮식물	false	false
아물음效果	아물음효과	false	false
아시潮금	아시조금	false	false
아우聲	아우성	false	false
아지菌	아지균	false	false
아치潮금	아치조금	false	false
아침代거리	아침대거리	false	false
아침저녁販賣	아침저녁판매	false	false
아침저녁賣臺	아침저녁매대	false	false
안動靜	안동정	false	false
안房재미	안방재미	false	false
안攻擊手	안공격수	false	false
안直徑	안직경	false	false
안老人	안로인	false	false
안聲部	안성부	false	false
안같기記號	안같기기호	false	false
안개潤滑	안개윤활	false	false
안개보임症	안개보임증	false	false
안걸이手	안걸이수	false	false
안달腹痛	안달복통	false	false
안달腹痛하다	안달복통하다	false	false
안뒤房	안뒤방	false	false
안뒤間	안뒤간	false	false
안맞음症	안맞음증	false	false
안팎旅費	안팎려비	false	false
안팎食口	안팎식구	false	false
안팎안面뜨개	안팎안면뜨개	false	false
앉아射擊	앉아사격	false	false
앉은冊床	앉은책상	false	false
앉은出發	앉은출발	false	false
앉은出發달리기	앉은출발달리기	false	false
앉은出發하다	앉은출발하다	false	false
앉은宴會	앉은연회	false	false
앉은將軍	앉은장군	false	false
앉은床	앉은상	false	false
앉은石頭	앉은석두	false	false
앉은練習	앉은연습	false	false
앉은銅像	앉은동상	false	false
앉은다리冊床	앉은다리책상	false	false
알乾達군	알건달군	false	false
알令監	알령감	false	false
알勞動者	알로동자	false	false
알室	알실	false	false
알形	알형	false	false
알形線	알형선	false	false
알損害	알손해	false	false
알核	알핵	false	false
알檢査	알검사	false	false
알檢査器	알검사기	false	false
알洋服	알양복	false	false
알浮浪輩	알부랑배	false	false
알炭機	알탄기	false	false
알用닭	알용닭	false	false
알甲옷地衣	알갑옷지의	false	false
알盜賊	알도적	false	false
알盞	알잔	false	false
알種	알종	false	false
알穀作物	알곡작물	false	false
알穀基地	알곡기지	false	false
알穀面積	알곡면적	false	false
알穀밤나비	알곡밤나비	false	false
알粥	알죽	false	false
알老親네	알로친네	false	false
알肝油	알간유	false	false
알肥料	알비료	false	false
알菌	알균	false	false
알藥機	알약기	false	false
알藥機械	알약기계	false	false
알藥옷	알약옷	false	false
알蠶箔	알잠박	false	false
알角盞	알각잔	false	false
알農藥	알농약	false	false
알選別機	알선별기	false	false
알鑛石	알광석	false	false
알面	알면	false	false
알體	알체	false	false
알간醬	알간장	false	false
알갱이成分	알갱이성분	false	false
알갱이造成	알갱이조성	false	false
알고추醬	알고추장	false	false
알굵기番號	알굵기번호	false	false
알굵기組成	알굵기조성	false	false
알깨움場	알깨움장	false	false
알깨움房	알깨움방	false	false
알깨움率	알깨움률	false	false
알껍질膜	알껍질막	false	false
알낳이回遊	알낳이회유	false	false
알낳이性	알낳이성	false	false
알낳이指數	알낳이지수	false	false
알낳이桶	알낳이통	false	false
알낳이漁場	알낳이어장	false	false
알낳이率	알낳이률	false	false
알낳이箱子	알낳이상자	false	false
알낳이輪	알낳이륜	false	false
알낳이量	알낳이량	false	false
알덩이肥料	알덩이비료	false	false
알된醬	알된장	false	false
알락戲弄나비	알락희롱나비	false	false
알락螟蟲나비	알락명충나비	false	false
알락金날개밤나비	알락금날개밤나비	false	false
알락點	알락점	false	false
알락點戲弄나비	알락점희롱나비	false	false
알락등色나비	알락등색나비	false	false
알락물螟밤나비	알락물명밤나비	false	false
알림式	알림식	false	false
알림文	알림문	false	false
알림法	알림법	false	false
알림藥	알림약	false	false
알림藥종이	알림약종이	false	false
알맞음症	알맞음증	false	false
알몸채찍벌레類	알몸채찍벌레류	false	false
알받이種	알받이종	false	false
알쓸이場	알쓸이장	false	false
알집癌	알집암	false	false
알튀여나기性	알튀여나기성	false	false
앓은病調査	앓은병조사	false	false
암粥쌀	암죽쌀	false	false
암細胞列	암세포렬	false	false
암검은豹紋나비	암검은표문나비	false	false
암끝검정豹紋나비	암끝검정표문나비	false	false
암내促進	암내촉진	false	false
암내優勢現象	암내우세현상	false	false
암내同期化	암내동기화	false	false
암내週期	암내주기	false	false
암붉은點푸른숫돌나비	암붉은점푸른숫돌나비	false	false
암컷單性生殖	암컷단성생식	false	false
암컷앞成熟	암컷앞성숙	false	false
암컷앞成熟되다	암컷앞성숙되다	false	false
암컷앞成熟하다	암컷앞성숙하다	false	false
앙금地球化學探査	앙금지구화학탐사	false	false
앙금桶	앙금통	false	false
앙금浮選	앙금부선	false	false
앙금藥	앙금약	false	false
앞卓	앞탁	false	false
앞地帶	앞지대	false	false
앞地點	앞지점	false	false
앞堪當	앞감당	false	false
앞堪當하다	앞감당하다	false	false
앞天障소리	앞천장소리	false	false
앞天障소리되기	앞천장소리되기	false	false
앞幾微	앞기미	false	false
앞床	앞상	false	false
앞擔當	앞담당	false	false
앞擔當하다	앞담당하다	false	false
앞母音	앞모음	false	false
앞母音되기	앞모음되기	false	false
앞燈	앞등	false	false
앞線	앞선	false	false
앞臺車	앞대차	false	false
앞處理	앞처리	false	false
앞處理하다	앞처리하다	false	false
앞調	앞조	false	false
앞通過角	앞통과각	false	false
앞面삽	앞면삽	false	false
앞面삽掘鑿機	앞면삽굴착기	false	false
앞風致	앞풍치	false	false
앞다리裝置	앞다리장치	false	false
앞단機	앞단기	false	false
앞뒤工程	앞뒤공정	false	false
앞뒤붙임性	앞뒤붙임성	false	false
앞뒤붙임法	앞뒤붙임법	false	false
앞뜰달랭이器官	앞뜰달랭이기관	false	false
앞뜰달랭이神經	앞뜰달랭이신경	false	false
앞물림退	앞물림퇴	false	false
앞붙임性	앞붙임성	false	false
앞붙임法	앞붙임법	false	false
앞빼미手	앞빼미수	false	false
앞삽掘鑿機	앞삽굴착기	false	false
앞선過去	앞선과거	false	false
앞줄競技者	앞줄경기자	false	false
앞지름量	앞지름량	false	false
앞지름點	앞지름점	false	false
애型鋼	애형강	false	false
애子息	애자식	false	false
애時적	애시적	false	false
애木숲	애목숲	false	false
애童솔	애동솔	false	false
애肝	애간	false	false
애기喇叭꽃	애기나팔꽃	false	false
애기室	애기실	false	false
애기宮殿	애기궁전	false	false
애기山벗나무	애기산벗나무	false	false
애기房	애기방	false	false
애기朱木	애기주목	false	false
애기沙糖	애기사탕	false	false
애기白鷺	애기백로	false	false
애기菊花	애기국화	false	false
애기菓子	애기과자	false	false
애기褓	애기보	false	false
애기車	애기차	false	false
애기鐘	애기종	false	false
애기阿片꽃	애기아편꽃	false	false
애기雀蘭花	애기작란화	false	false
애기鸚鵡새	애기앵무새	false	false
애기댕기地衣	애기댕기지의	false	false
애기손톱地衣	애기손톱지의	false	false
애기어머니車	애기어머니차	false	false
애기초籠이끼	애기초롱이끼	false	false
애동草木	애동초목	false	false
애벌人事	애벌인사	false	false
애벌公論	애벌공론	false	false
애비品種	애비품종	false	false
애양념醬	애양념장	false	false
앵두나무奇形病菌	앵두나무기형병균	false	false
약沙鉢	약사발	false	false
얇은板	얇은판	false	false
얇은김地衣	얇은김지의	false	false
얇은초籠이끼	얇은초롱이끼	false	false
양념物	양념물	false	false
얕은깊이窟	얕은깊이굴	false	false
얕은바다分潮	얕은바다분조	false	false
어毒	어독	false	false
어牆	어장	false	false
어絲리	어사리	false	false
어간信號機	어간신호기	false	false
어간壁	어간벽	false	false
어거지農事	어거지농사	false	false
어김停車場	어김정거장	false	false
어김場所	어김장소	false	false
어김線	어김선	false	false
어깨城	어깨성	false	false
어깨數	어깨수	false	false
어깨脈	어깨맥	false	false
어깨錘	어깨추	false	false
어깨마디周圍炎	어깨마디주위염	false	false
어깨뼈部	어깨뼈부	false	false
어두운母音	어두운모음	false	false
어둑鬼神	어둑귀신	false	false
어둠反應	어둠반응	false	false
어둠地獄	어둠지옥	false	false
어둠張	어둠장	false	false
어둠炭	어둠탄	false	false
어둠點	어둠점	false	false
어리蓮꽃	어리련꽃	false	false
어리광俳優	어리광배우	false	false
어리광劇	어리광극	false	false
어리광대劇	어리광대극	false	false
어린時期器官	어린시기기관	false	false
어린이保育敎養事業	어린이보육교양사업	false	false
어린이保育敎養制度	어린이보육교양제도	false	false
어린이保育敎養法	어린이보육교양법	false	false
어린이淸心丸	어린이청심환	false	false
어린이營養食料品	어린이영양식료품	false	false
어림症	어림증	false	false
어망中	어망중	false	false
어망間	어망간	false	false
어머니學校	어머니학교	false	false
어머니工場	어머니공장	false	false
어머니祖國	어머니조국	false	false
어머니黨	어머니당	false	false
어멈制度	어멈제도	false	false
어미原子核	어미원자핵	false	false
어미山	어미산	false	false
어미會社	어미회사	false	false
어미液	어미액	false	false
어미線	어미선	false	false
어방斟酌	어방짐작	false	false
어부렁農事	어부렁농사	false	false
어정歲月	어정세월	false	false
어펑幕	어펑막	false	false
억大	억대	false	false
억大牛	억대우	false	false
억大虎	억대호	false	false
억大바위	억대바위	false	false
억大스럽다	억대스럽다	false	false
억大스레	억대스레	false	false
억心	억심	false	false
억누름藥	억누름약	false	false
억센基礎	억센기초	false	false
억센層	억센층	false	false
억지口實	억지구실	false	false
억지感	억지감	false	false
억지論斷	억지론단	false	false
억지論理	억지론리	false	false
억지身世	억지신세	false	false
억지農事	억지농사	false	false
언傷處	언상처	false	false
언毒	언독	false	false
언덕信號機	언덕신호기	false	false
언덕體	언덕체	false	false
얼開化패거리	얼개화패거리	false	false
얼點	얼점	false	false
얼點내림	얼점내림	false	false
얼간法	얼간법	false	false
얼군製品	얼군제품	false	false
얼굴相	얼굴상	false	false
얼굼法	얼굼법	false	false
얼굼被害	얼굼피해	false	false
얼기견딜性	얼기견딜성	false	false
얼럭줄生鰒	얼럭줄생복	false	false
얼룩唐콩	얼룩당콩	false	false
얼룩點病	얼룩점병	false	false
얼룩點菌	얼룩점균	false	false
얼룩꽃地衣	얼룩꽃지의	false	false
얼룩업평竹	얼룩업평죽	false	false
얼림數	얼림수	false	false
얼말림法	얼말림법	false	false
얼음塔	얼음탑	false	false
얼음波濤	얼음파도	false	false
얼음灰돌	얼음회돌	false	false
얼음被害	얼음피해	false	false
얼음面	얼음면	false	false
얼음飛行場	얼음비행장	false	false
얼음鬼神	얼음귀신	false	false
얼음석이江물	얼음석이강물	false	false
얼치기大處	얼치기대처	false	false
얼치기曲	얼치기곡	false	false
얼치기音樂	얼치기음악	false	false
얽둑令監	얽둑령감	false	false
얽힘複合文	얽힘복합문	false	false
엄지時計	엄지시계	false	false
엄지長가락	엄지장가락	false	false
엄지락總角	엄지락총각	false	false
엇套	엇투	false	false
엇선잎次例	엇선잎차례	false	false
엉겨굳음熱	엉겨굳음열	false	false
엉겨굳음點	엉겨굳음점	false	false
엉덩神經	엉덩신경	false	false
엉덩神經덤불	엉덩신경덤불	false	false
엉뎅이線	엉뎅이선	false	false
엉터리博士	엉터리박사	false	false
엎드려射擊	엎드려사격	false	false
엎은字	엎은자	false	false
엎은글字	엎은글자	false	false
에두름法	에두름법	false	false
여닫이回路	여닫이회로	false	false
여닫이瓣	여닫이판	false	false
여드름진드기類	여드름진드기류	false	false
여러層建物	여러층건물	false	false
여러核	여러핵	false	false
여러核細胞	여러핵세포	false	false
여러段粉碎	여러단분쇄	false	false
여러糖	여러당	false	false
여러胎性	여러태성	false	false
여러色印刷	여러색인쇄	false	false
여러色性	여러색성	false	false
여러色版	여러색판	false	false
여러變函數	여러변함수	false	false
여러鏃귀물림사개	여러촉귀물림사개	false	false
여러값函數	여러값함수	false	false
여러값酸	여러값산	false	false
여러겹子房	여러겹자방	false	false
여러겹重複捲線	여러겹중복권선	false	false
여러겹鍍金	여러겹도금	false	false
여러고리式	여러고리식	false	false
여러고리式化合物	여러고리식화합물	false	false
여러구멍板	여러구멍판	false	false
여러구멍管	여러구멍관	false	false
여러마디公式	여러마디공식	false	false
여러마디定理	여러마디정리	false	false
여러마디式	여러마디식	false	false
여러북機具	여러북기구	false	false
여러북織機	여러북직기	false	false
여러삽掘鑿機	여러삽굴착기	false	false
여러아이妊娠	여러아이임신	false	false
여러자리飛行機	여러자리비행기	false	false
여러짝門	여러짝문	false	false
여러초리털벌레類	여러초리털벌레류	false	false
여러칸分給機	여러칸분급기	false	false
여러칼裝置	여러칼장치	false	false
여름毒	여름독	false	false
여름穀食	여름곡식	false	false
여름菊花	여름국화	false	false
여름나이漁場	여름나이어장	false	false
여름눈椄	여름눈접	false	false
여름철벨區域	여름철벨구역	false	false
여문率	여문률	false	false
여뭄度	여뭄도	false	false
여섯時間勞動制	여섯시간로동제	false	false
여섯點길벌	여섯점길벌	false	false
여울波	여울파	false	false
역삼씨粕	역삼씨박	false	false
엮음家具	엮음가구	false	false
연모板	연모판	false	false
연한組織	연한조직	false	false
열돌症	열돌증	false	false
열린回路操縱體系	열린회로조종체계	false	false
열린子囊집	열린자낭집	false	false
열린孔型	열린공형	false	false
열린式	열린식	false	false
열린式水門	열린식수문	false	false
열린循環過程	열린순환과정	false	false
열린母音	열린모음	false	false
열린港	열린항	false	false
열린湖水	열린호수	false	false
열린管試驗	열린관시험	false	false
열린管묶음	열린관묶음	false	false
열린螺絲틀개	열린나사틀개	false	false
열린電弧	열린전호	false	false
열린꽃次例	열린꽃차례	false	false
열림式	열림식	false	false
열림式구멍뚫기	열림식구멍뚫기	false	false
열림設定電壓	열림설정전압	false	false
열매類	열매류	false	false
열매맺이率	열매맺이률	false	false
열물管	열물관	false	false
열물鬱滯	열물울체	false	false
열물鬱滯形	열물울체형	false	false
열물鬱滯形肝炎	열물울체형간염	false	false
열물내기藥	열물내기약	false	false
열쇠單語	열쇠단어	false	false
열올림法	열올림법	false	false
열올림부르기法	열올림부르기법	false	false
열주머니炎	열주머니염	false	false
열주머니管	열주머니관	false	false
염통참紙흙구이	염통참지흙구이	false	false
엽자花	엽자화	false	false
엿櫃	엿궤	false	false
옆地點	옆지점	false	false
옆櫓	옆노	false	false
옆櫓질	옆노질	false	false
옆櫓질하다	옆노질하다	false	false
옆線	옆선	false	false
옆腦室	옆뇌실	false	false
옆邊	옆변	false	false
옆쪽血管	옆쪽혈관	false	false
옛地理圖	옛지리도	false	false
옛氣候學	옛기후학	false	false
옛風	옛풍	false	false
오種	오종	false	false
오種모	오종모	false	false
오種하다	오종하다	false	false
오가리菓子	오가리과자	false	false
오갈피모皮나무좀	오갈피모피나무좀	false	false
오그랑手	오그랑수	false	false
오그랑粥	오그랑죽	false	false
오누이交配	오누이교배	false	false
오누이交配法	오누이교배법	false	false
오돌幕	오돌막	false	false
오돌幕집	오돌막집	false	false
오래견딜性	오래견딜성	false	false
오르내리空氣흐름	오르내리공기흐름	false	false
오르내림窓	오르내림창	false	false
오르내림舞臺	오르내림무대	false	false
오르내림門	오르내림문	false	false
오른邊	오른변	false	false
오른阝旁	오른부방	false	false
오른쪽防禦手	오른쪽방어수	false	false
오름坑道	오름갱도	false	false
오름角	오름각	false	false
오리工場	오리공장	false	false
오림冊	오림책	false	false
오목場	오목장	false	false
오목版修正	오목판수정	false	false
오목版撮影	오목판촬영	false	false
오목版채눈版	오목판채눈판	false	false
오사리牌	오사리패	false	false
오사리雜牌	오사리잡패	false	false
오이冷菜	오이랭채	false	false
오이生나물	오이생나물	false	false
오이螺旋채찍벌레	오이라선채찍벌레	false	false
오이金무늬밤나비	오이금무늬밤나비	false	false
오이떡잎病	오이떡잎병	false	false
오이씨寸白蟲	오이씨촌백충	false	false
오줌毒症	오줌독증	false	false
오줌比重檢査	오줌비중검사	false	false
오줌沙汰病	오줌사태병	false	false
오줌糖檢査	오줌당검사	false	false
오줌素	오줌소	false	false
오줌膜	오줌막	false	false
오줌膜呼吸	오줌막호흡	false	false
오줌蛋白檢査	오줌단백검사	false	false
오줌길炎	오줌길염	false	false
오줌깨돌症	오줌깨돌증	false	false
오줌내기藥	오줌내기약	false	false
오줌잔管	오줌잔관	false	false
옥수수菓子	옥수수과자	false	false
온函數	온함수	false	false
온式	온식	false	false
온數	온수	false	false
온數根	온수근	false	false
온數部	온수부	false	false
온누리燈	온누리등	false	false
온몸症狀	온몸증상	false	false
온몸痲醉	온몸마취	false	false
온몸痲醉하다	온몸마취하다	false	false
온몸찌르기用劍	온몸찌르기용검	false	false
올來年	올래년	false	false
올唐콩	올당콩	false	false
올種	올종	false	false
올種子	올종자	false	false
올늦性	올늦성	false	false
올리坑	올리갱	false	false
올리坑道	올리갱도	false	false
올리大動脈	올리대동맥	false	false
올리射擊	올리사격	false	false
올리批判	올리비판	false	false
올리批判되다	올리비판되다	false	false
올리批判하다	올리비판하다	false	false
올리方向	올리방향	false	false
올리積載	올리적재	false	false
올리窟	올리굴	false	false
올리窟길	올리굴길	false	false
올리結腸	올리결장	false	false
올림坑	올림갱	false	false
올림坑道	올림갱도	false	false
올림窟	올림굴	false	false
올림窟길	올림굴길	false	false
올뽑이繡	올뽑이수	false	false
옮김標	옮김표	false	false
옮김法	옮김법	false	false
옷地衣	옷지의	false	false
옷帳褓	옷장보	false	false
옷形態圖案	옷형태도안	false	false
옷褓	옷보	false	false
옹籠	옹농	false	false
옹근函數	옹근함수	false	false
옹근動作	옹근동작	false	false
옹근動作하다	옹근동작하다	false	false
옹근單項式	옹근단항식	false	false
옹근多項式	옹근다항식	false	false
옹근字	옹근자	false	false
옹근小節	옹근소절	false	false
옹근式	옹근식	false	false
옹근張	옹근장	false	false
옹근所出	옹근소출	false	false
옹근數	옹근수	false	false
옹근數計劃法	옹근수계획법	false	false
옹근數部	옹근수부	false	false
옹근數部分	옹근수부분	false	false
옹근數뿌리	옹근수뿌리	false	false
옹근方程式	옹근방정식	false	false
옹근日蝕	옹근일식	false	false
옹근月蝕	옹근월식	false	false
옹근畫面	옹근화면	false	false
옹근結晶	옹근결정	false	false
옹근角	옹근각	false	false
옹근나비鏃널사개	옹근나비촉널사개	false	false
옹근소리標	옹근소리표	false	false
옹근쉼標	옹근쉼표	false	false
옹근어깨數	옹근어깨수	false	false
옹근여러마디式	옹근여러마디식	false	false
옹근제곱보임數	옹근제곱보임수	false	false
옹근홑마디式	옹근홑마디식	false	false
옻皮膚炎	옻피부염	false	false
왁새起重機	왁새기중기	false	false
왁작騷動	왁작소동	false	false
완龍	완룡	false	false
왈牌군	왈패군	false	false
왈牌싸래기	왈패싸래기	false	false
왜가리聽	왜가리청	false	false
외山골	외산골	false	false
외構成文	외구성문	false	false
외理髮器	외리발기	false	false
외線	외선	false	false
외通	외통	false	false
외通門	외통문	false	false
외通골목	외통골목	false	false
외通곬	외통곬	false	false
외通눈	외통눈	false	false
외通눈이	외통눈이	false	false
외通목	외통목	false	false
외通박이	외통박이	false	false
외通장훈	외통장훈	false	false
외通집	외통집	false	false
외面	외면	false	false
외面機	외면기	false	false
외겹織物	외겹직물	false	false
외길標	외길표	false	false
외날構造	외날구조	false	false
외딴成分	외딴성분	false	false
외뿔固執통	외뿔고집통	false	false
외삽掘鑿機	외삽굴착기	false	false
외아들工場	외아들공장	false	false
외양女	외양녀	false	false
외자리飛行機	외자리비행기	false	false
외줄樂譜	외줄악보	false	false
외줄索道	외줄삭도	false	false
외톨子息	외톨자식	false	false
외통固執	외통고집	false	false
왼心	왼심	false	false
왼邊	왼변	false	false
왼阜傍	왼부방	false	false
왼쪽中間防禦手	왼쪽중간방어수	false	false
왼쪽防禦手	왼쪽방어수	false	false
요지間	요지간	false	false
우型鋼	우형강	false	false
우려달임藥	우려달임약	false	false
우리式養魚	우리식양어	false	false
우리間	우리간	false	false
우림桶	우림통	false	false
우림藥	우림약	false	false
우림補助藥	우림보조약	false	false
우멍食器	우멍식기	false	false
우무地衣	우무지의	false	false
우묵函數	우묵함수	false	false
우묵壁	우묵벽	false	false
우묵計劃法	우묵계획법	false	false
우물式閘門	우물식갑문	false	false
우물形電氣爐	우물형전기로	false	false
우유上客	우유상객	false	false
욱心	욱심	false	false
욱性味	욱성미	false	false
운력成黨	운력성당	false	false
울相스럽다	울상스럽다	false	false
울相스레	울상스레	false	false
울대結核	울대결핵	false	false
울대腺	울대선	false	false
울대고물天井	울대고물천정	false	false
울뚝性味	울뚝성미	false	false
울로草	울로초	false	false
울림發破	울림발파	false	false
울타리養魚	울타리양어	false	false
움직임採面跳汰機	움직임채면조태기	false	false
웃令	웃령	false	false
웃單位	웃단위	false	false
웃層구름	웃층구름	false	false
웃房	웃방	false	false
웃房살림	웃방살림	false	false
웃房살림하다	웃방살림하다	false	false
웃房살이	웃방살이	false	false
웃房살이하다	웃방살이하다	false	false
웃手질	웃수질	false	false
웃窟	웃굴	false	false
웃級	웃급	false	false
웃鬚髥박쥐	웃수염박쥐	false	false
웃길잡이窟	웃길잡이굴	false	false
웃음樂談	웃음락담	false	false
웃음樂談하다	웃음락담하다	false	false
웃음毒버섯	웃음독버섯	false	false
웃음門	웃음문	false	false
웃입술破裂	웃입술파렬	false	false
웃턱神經	웃턱신경	false	false
웃턱뼈窟	웃턱뼈굴	false	false
웃팔動脈	웃팔동맥	false	false
웃팔神經덤불	웃팔신경덤불	false	false
웃팔두動脈幹	웃팔두동맥간	false	false
원목病	원목병	false	false
원쑤之間	원쑤지간	false	false
원쑤間	원쑤간	false	false
위성骨甲채찍벌레	위성골갑채찍벌레	false	false
음침繡	음침수	false	false
의뭉手	의뭉수	false	false
이亦	이역	false	false
이便	이편	false	false
이保護틀	이보호틀	false	false
이기해살組織	이기해살조직	false	false
이끌線	이끌선	false	false
이끌음性	이끌음성	false	false
이끼땅밥類	이끼땅밥류	false	false
이른冷害	이른랭해	false	false
이마支持사개	이마지지사개	false	false
이몸子音	이몸자음	false	false
이몸炎	이몸염	false	false
이몸繃帶	이몸붕대	false	false
이물倉	이물창	false	false
이발囊腫	이발낭종	false	false
이발式	이발식	false	false
이발弗素化	이발불소화	false	false
이발知覺過敏症	이발지각과민증	false	false
이발磨耗症	이발마모증	false	false
이발腫	이발종	false	false
이발雙	이발쌍	false	false
이발다를性	이발다를성	false	false
이발모따기盤	이발모따기반	false	false
이발쐐기缺損	이발쐐기결손	false	false
이붓兄	이붓형	false	false
이붓子息	이붓자식	false	false
이삭受精	이삭수정	false	false
이삭模樣꽃	이삭모양꽃	false	false
이삭무거운型	이삭무거운형	false	false
이삭아지比率	이삭아지비률	false	false
이속炎	이속염	false	false
이슬幕	이슬막	false	false
이슬點差	이슬점차	false	false
이슬란드地衣	이슬란드지의	false	false
이야기曲	이야기곡	false	false
이영草	이영초	false	false
이음式	이음식	false	false
이음形	이음형	false	false
이음構造物	이음구조물	false	false
이음標	이음표	false	false
이음編	이음편	false	false
이음複合文	이음복합문	false	false
이음述語	이음술어	false	false
이지러짐線	이지러짐선	false	false
익鍛鍊	익단련	false	false
익鍛鍊되다	익단련되다	false	false
익鍛鍊하다	익단련하다	false	false
인두裝飾	인두장식	false	false
일差備새	일차비새	false	false
일能率	일능률	false	false
일間	일간	false	false
일자리標	일자리표	false	false
일짝牌	일짝패	false	false
읽기專用記憶機	읽기전용기억기	false	false
임금王邊	임금왕변	false	false
입喇叭	입나팔	false	false
입器官	입기관	false	false
입大砲	입대포	false	false
입天障터지기	입천장터지기	false	false
입德	입덕	false	false
입才幹	입재간	false	false
입打擊	입타격	false	false
입打擊하다	입타격하다	false	false
입治粧	입치장	false	false
입治粧하다	입치장하다	false	false
입症	입증	false	false
입空論	입공론	false	false
입脈	입맥	false	false
입號角	입호각	false	false
입風琴	입풍금	false	false
입鬚髥바다지렁이	입수염바다지렁이	false	false
입말言語行爲	입말언어행위	false	false
입매料理	입매료리	false	false
입술形손잡이	입술형손잡이	false	false
입술模樣꽃	입술모양꽃	false	false
입술模樣꽃갓	입술모양꽃갓	false	false
입안敗血症	입안패혈증	false	false
입안浴	입안욕	false	false
입음形	입음형	false	false
입음相	입음상	false	false
입힌沙糖	입힌사탕	false	false
잎東藥	잎동약	false	false
잎模樣體	잎모양체	false	false
잎營養	잎영양	false	false
잎胃	잎위	false	false
잎角度	잎각도	false	false
잎鬚髥	잎수염	false	false
잎거둠量	잎거둠량	false	false
잎덧肥料	잎덧비료	false	false
잎덧肥料주기	잎덧비료주기	false	false
잎쉬파리病	잎쉬파리병	false	false
잎줄음病	잎줄음병	false	false
자갈掘鑿機	자갈굴착기	false	false
자갈栽培	자갈재배	false	false
자갈淸掃機	자갈청소기	false	false
자갈粉碎機	자갈분쇄기	false	false
자개風	자개풍	false	false
자개鬚髥	자개수염	false	false
자개미管	자개미관	false	false
자개박이工藝	자개박이공예	false	false
자개박이漆函	자개박이칠함	false	false
자개박이술盤	자개박이술반	false	false
자개박이옻漆工藝	자개박이옻칠공예	false	false
자개술盤	자개술반	false	false
자기똥먹기現象	자기똥먹기현상	false	false
자낭花	자낭화	false	false
자드락火田	자드락화전	false	false
자루짐函	자루짐함	false	false
자름中心	자름중심	false	false
자름回路	자름회로	false	false
자름圖	자름도	false	false
자름應力	자름응력	false	false
자름線	자름선	false	false
자름褶曲	자름습곡	false	false
자름試驗	자름시험	false	false
자름面	자름면	false	false
자름面核	자름면핵	false	false
자름面面積	자름면면적	false	false
자름面그림	자름면그림	false	false
자름龜裂	자름균렬	false	false
자리床	자리상	false	false
자리效果	자리효과	false	false
자리早飯	자리조반	false	false
자리標原點	자리표원점	false	false
자리標平面	자리표평면	false	false
자리標法	자리표법	false	false
자리標體系	자리표체계	false	false
자리移動飛行	자리이동비행	false	false
자리角	자리각	false	false
자리角差	자리각차	false	false
자리角맞추개	자리각맞추개	false	false
자리違反	자리위반	false	false
자리길運動	자리길운동	false	false
자리길面	자리길면	false	false
자리바꿈法	자리바꿈법	false	false
자박鬚髥	자박수염	false	false
자뼈神經痲痹	자뼈신경마비	false	false
자작木	자작목	false	false
자판水	자판수	false	false
작衣	작의	false	false
작은壇	작은단	false	false
작은氅옷	작은창옷	false	false
작은豹紋나비	작은표문나비	false	false
작은金풍뎅이	작은금풍뎅이	false	false
작은靑쉬파리	작은청쉬파리	false	false
작은글字	작은글자	false	false
작은메戲弄나비	작은메희롱나비	false	false
작은바다馬蛤	작은바다마합	false	false
잔丹楓이끼	잔단풍이끼	false	false
잔事情	잔사정	false	false
잔事情하다	잔사정하다	false	false
잔善心	잔선심	false	false
잔山	잔산	false	false
잔弄奸	잔롱간	false	false
잔波濤	잔파도	false	false
잔稱讚	잔칭찬	false	false
잔稱讚하다	잔칭찬하다	false	false
잔說	잔설	false	false
잔鍼질	잔침질	false	false
잔꽃地衣	잔꽃지의	false	false
잔띠무늬입孵化고기	잔띠무늬입부화고기	false	false
잔발動作	잔발동작	false	false
잔치床	잔치상	false	false
잘녹는合金	잘녹는합금	false	false
잠幕	잠막	false	false
잠藥中毒	잠약중독	false	false
잠酒酊	잠주정	false	false
잠酒酊하다	잠주정하다	false	false
잠障礙	잠장애	false	false
잠긴線	잠긴선	false	false
잠긴量	잠긴량	false	false
잠김調節	잠김조절	false	false
잠자리手巾	잠자리수건	false	false
잠자리蘭	잠자리란	false	false
잡이間	잡이간	false	false
잣饊子	잣산자	false	false
장님琉璃	장님유리	false	false
장배기農事	장배기농사	false	false
장사物계	장사물계	false	false
장수鳶	장수연	false	false
장승木身	장승목신	false	false
잦아듦回路	잦아듦회로	false	false
잦은발移動	잦은발이동	false	false
재封紙놀음	재봉지놀음	false	false
재色質	재색질	false	false
재蔘밭	재삼밭	false	false
재는工具	재는공구	false	false
재빛머리푸른鸚鵡	재빛머리푸른앵무	false	false
재빛붉은꼬리鸚鵡	재빛붉은꼬리앵무	false	false
재움藥	재움약	false	false
재움裝置	재움장치	false	false
재주幕間劇	재주막간극	false	false
재채기性毒害物	재채기성독해물	false	false
잴點	잴점	false	false
잼錘	잼추	false	false
쟁개비熱情	쟁개비열정	false	false
저番통	저번통	false	false
저가락筒	저가락통	false	false
저음器	저음기	false	false
저음機	저음기	false	false
적심度	적심도	false	false
적은糖	적은당	false	false
전골板	전골판	false	false
절임品	절임품	false	false
절임母船	절임모선	false	false
점의壯圖	점의장도	false	false
점의壯紙	점의장지	false	false
접걸床	접걸상	false	false
접시模樣	접시모양	false	false
접시龍鬚	접시용수	false	false
정벼림機械	정벼림기계	false	false
정지房	정지방	false	false
정형機	정형기	false	false
젖劑化	젖제화	false	false
젖劑化되다	젖제화되다	false	false
젖劑化하다	젖제화하다	false	false
젖劑性	젖제성	false	false
젖密度	젖밀도	false	false
젖收集機	젖수집기	false	false
젖沙糖	젖사탕	false	false
젖癌	젖암	false	false
젖脂肪	젖지방	false	false
젖製品	젖제품	false	false
젖豆腐	젖두부	false	false
젖酵素	젖효소	false	false
젖酸乳	젖산유	false	false
젖酸度	젖산도	false	false
젖量	젖량	false	false
젖量指數	젖량지수	false	false
젖가름機械	젖가름기계	false	false
젖기름沙糖	젖기름사탕	false	false
젖떼기房	젖떼기방	false	false
젖먹이房	젖먹이방	false	false
젖먹이時期	젖먹이시기	false	false
젖멎은期間	젖멎은기간	false	false
젖물蛋白質	젖물단백질	false	false
젖은版寫眞	젖은판사진	false	false
젖은紡績	젖은방적	false	false
제便잡이	제편잡이	false	false
제便잡이하다	제편잡이하다	false	false
제곱合列	제곱합렬	false	false
제곱밑數	제곱밑수	false	false
제곱어깨數	제곱어깨수	false	false
제꽃가루받이弱勢	제꽃가루받이약세	false	false
제꽃가루받이系統	제꽃가루받이계통	false	false
제낀形	제낀형	false	false
제낄門	제낄문	false	false
제낌標	제낌표	false	false
제낌開閉器	제낌개페기	false	false
제무게運搬窟길	제무게운반굴길	false	false
제바닥層	제바닥층	false	false
제부림車	제부림차	false	false
제비鬚髥	제비수염	false	false
제비꼬리鏃무음	제비꼬리촉무음	false	false
제자리出發	제자리출발	false	false
제자리楊口椄	제자리양구접	false	false
제철木花	제철목화	false	false
젠壁	젠벽	false	false
조蔘粥	조삼죽	false	false
조가비腺	조가비선	false	false
조개冷菜	조개랭채	false	false
조개毒	조개독	false	false
조개溫飯	조개온반	false	false
조구桶	조구통	false	false
조구門	조구문	false	false
조깜부기菌	조깜부기균	false	false
조로曲線	조로곡선	false	false
조롱玉	조롱옥	false	false
조롱金	조롱금	false	false
조막大將	조막대장	false	false
조임性	조임성	false	false
조임王구렝이	조임왕구렝이	false	false
조임繡	조임수	false	false
조임要素	조임요소	false	false
조임餘裕이음	조임여유이음	false	false
좀勞力	좀로력	false	false
좀榧子나무	좀비자나무	false	false
좀海棠花	좀해당화	false	false
좀玉簪花	좀옥잠화	false	false
좀當歸	좀당귀	false	false
좀相	좀상	false	false
좀石松	좀석송	false	false
좀綿馬	좀면마	false	false
좀고른板말	좀고른판말	false	false
좀딱장地衣	좀딱장지의	false	false
좀막이加工	좀막이가공	false	false
좀뽕更新	좀뽕갱신	false	false
좀진드기類	좀진드기류	false	false
좁쌀까치鬚髥	좁쌀까치수염	false	false
좁은分布種	좁은분포종	false	false
좁은溫度性	좁은온도성	false	false
좁은溫度性動物	좁은온도성동물	false	false
좁은鐵길	좁은철길	false	false
좁은놋槍	좁은놋창	false	false
좁은놋短劍	좁은놋단검	false	false
좁은먹性	좁은먹성	false	false
좁은소금氣性	좁은소금기성	false	false
좁은소금氣性動物	좁은소금기성동물	false	false
종이加工工學	종이가공공학	false	false
종이單板	종이단판	false	false
종이間	종이간	false	false
종이띠入出口裝置	종이띠입출구장치	false	false
종이털기法	종이털기법	false	false
종이휘틀板	종이휘틀판	false	false
좋은일하기運動	좋은일하기운동	false	false
주개混入物	주개혼입물	false	false
주름原紙	주름원지	false	false
주름幕	주름막	false	false
주름板紙	주름판지	false	false
주름板종이	주름판종이	false	false
주름梅花地衣	주름매화지의	false	false
주름紙函	주름지함	false	false
주름곁數	주름곁수	false	false
주머니動物	주머니동물	false	false
주머니椄	주머니접	false	false
주머니模樣體	주머니모양체	false	false
주머니模樣털	주머니모양털	false	false
주머니濾過器	주머니려과기	false	false
주머니爆破	주머니폭파	false	false
주머니짐승類	주머니짐승류	false	false
주먹窮理	주먹궁리	false	false
주먹깡牌	주먹깡패	false	false
죽는率	죽는률	false	false
죽는量	죽는량	false	false
죽은勞動	죽은로동	false	false
죽임量	죽임량	false	false
줄唐콩	줄당콩	false	false
줄彈	줄탄	false	false
줄採伐	줄채벌	false	false
줄旗발	줄기발	false	false
줄板딱지조개	줄판딱지조개	false	false
줄構造	줄구조	false	false
줄氣合	줄기합	false	false
줄煙氣	줄연기	false	false
줄爆擊	줄폭격	false	false
줄王새우	줄왕새우	false	false
줄砲	줄포	false	false
줄祝砲	줄축포	false	false
줄網태	줄망태	false	false
줄肥料주기	줄비료주기	false	false
줄苦生	줄고생	false	false
줄薔薇	줄장미	false	false
줄辱	줄욕	false	false
줄銃	줄총	false	false
줄錄音	줄록음	false	false
줄鑛車	줄광차	false	false
줄電燈	줄전등	false	false
줄기格	줄기격	false	false
줄기繡	줄기수	false	false
줄기纖維作物	줄기섬유작물	false	false
줄기鬚髥	줄기수염	false	false
줄기잎植物	줄기잎식물	false	false
줄기잎體	줄기잎체	false	false
줄늘임式收穫機	줄늘임식수확기	false	false
줄무늬濾光器	줄무늬려광기	false	false
줄무늬炭	줄무늬탄	false	false
줄음性	줄음성	false	false
줄음性동발	줄음성동발	false	false
줄이음板	줄이음판	false	false
줄임加工	줄임가공	false	false
줄임文	줄임문	false	false
쥐病	쥐병	false	false
쥐盜賊	쥐도적	false	false
쥐相	쥐상	false	false
쥐窟	쥐굴	false	false
쥠棒	쥠봉	false	false
지게木발	지게목발	false	false
지게起重機	지게기중기	false	false
지게발木	지게발목	false	false
지날音	지날음	false	false
지느러미菊花	지느러미국화	false	false
지님工藝	지님공예	false	false
지레대原理	지레대원리	false	false
지루感스럽다	지루감스럽다	false	false
지름鍵	지름건	false	false
지름面넓이	자름면넓이	false	false
지리感스럽다	지리감스럽다	false	false
지범法	지범법	false	false
지붕欄干	지붕란간	false	false
지살病	지살병	false	false
지여銃	지여총	false	false
지짐板	지짐판	false	false
지치기技術	지치기기술	false	false
지킴信號機	지킴신호기	false	false
지팽이槍	지팽이창	false	false
진粥	진죽	false	false
진粥버럭	진죽버럭	false	false
진酬酌	진수작	false	false
진防牌短脚	진방패단각	false	false
진간醬	진간장	false	false
진갈이農事	진갈이농사	false	false
진드기性再歸熱	진드기성재귀열	false	false
진드기戰術	진드기전술	false	false
진지床	진지상	false	false
진흙甓돌	진흙벽돌	false	false
진흙砲	진흙포	false	false
진흙膏	진흙고	false	false
진흙被膜	진흙피막	false	false
진흙質巖	진흙질암	false	false
진흙물注入法	진흙물주입법	false	false
진흙물粘性	진흙물점성	false	false
질症	질증	false	false
질貪스럽다	질탐스럽다	false	false
질貪스레	질탐스레	false	false
질굳匠	질굳장	false	false
질길性	질길성	false	false
짐函	짐함	false	false
짐函埠頭	짐함부두	false	false
짐函輸送	짐함수송	false	false
짐函가름驛	짐함가름역	false	false
짐函배	짐함배	false	false
짐列車	짐렬차	false	false
짐捲揚器具	짐권양기구	false	false
짐欌	짐장	false	false
짐率	짐률	false	false
짐等級標	짐등급표	false	false
짐量재기	짐량재기	false	false
짐곁數	짐곁수	false	false
짐나름票	짐나름표	false	false
짐무름溫度	짐무름온도	false	false
짐부림臺	짐부림대	false	false
짐부림臺車	짐부림대차	false	false
짐승類學	짐승류학	false	false
짐실이函	짐실이함	false	false
짐실이定量	짐실이정량	false	false
짐짜는機械	짐짜는기계	false	false
집內	집내	false	false
집文權	집문권	false	false
집苦生	집고생	false	false
집게式통나무上車機	집게식통나무상차기	false	false
집게起重機	집게기중기	false	false
집게발動物	집게발동물	false	false
집게삽式積載機	집게삽식적재기	false	false
집게삽掘鑿機	집게삽굴착기	false	false
집주름房	집주름방	false	false
짙은液	짙은액	false	false
짚을板	짚을판	false	false
짜개掌匣	짜개장갑	false	false
짜개발三角기둥	짜개발삼각기둥	false	false
짜김龜裂	짜김균렬	false	false
짝寡婦	짝과부	false	false
짝明太	짝명태	false	false
짝構成文	짝구성문	false	false
짝牌동무	짝패동무	false	false
짝視	짝시	false	false
짝親舊	짝친구	false	false
짝지바리形살림집	짝지바리형살림집	false	false
짝홀性	짝홀성	false	false
짠살이植物	짠살이식물	false	false
짧은母音	짧은모음	false	false
짧은距離달리기	짧은거리달리기	false	false
짧은軸	짧은축	false	false
짧은鬚髥도미	짧은수염도미	false	false
짧은鬚髥물벼룩類	짧은수염물벼룩류	false	false
짧은날개針노린재	짧은날개침노린재	false	false
짧은낮作物	짧은낮작물	false	false
짧은낮植物	짧은낮식물	false	false
짧은낮處理	짧은낮처리	false	false
짧은잎雪松나무	짧은잎설송나무	false	false
짬時間	짬시간	false	false
짬炭	짬탄	false	false
짬새度	짬새도	false	false
쪼각權勢	쪼각권세	false	false
쪼각球	쪼각구	false	false
쪼각窓	쪼각창	false	false
쪼각門	쪼각문	false	false
쪼임量	쪼임량	false	false
쪼임體	쪼임체	false	false
쪽新聞	쪽신문	false	false
쪽褓	쪽보	false	false
쪽褓자루	쪽보자루	false	false
쪽鐵	쪽철	false	false
쪽도리帽子	쪽도리모자	false	false
쪽무이壁畫	쪽무이벽화	false	false
쪽무이壁걸이	쪽무이벽걸이	false	false
쪽무이板	쪽무이판	false	false
쪽무이蒲團	쪽무이포단	false	false
쪽무이裝飾	쪽무이장식	false	false
쪽무이褓자기	쪽무이보자기	false	false
쪽바가지身世	쪽바가지신세	false	false
쫄甫	쫄보	false	false
쫌甫	쫌보	false	false
쭈그렁甓돌	쭈그렁벽돌	false	false
쭈그렁病	쭈그렁병	false	false
찌끼紡績	찌끼방적	false	false
찍음繡	찍음수	false	false
찐地黃	찐지황	false	false
차欌	차장	false	false
차毒나비	차독나비	false	false
차盞	차잔	false	false
차種지	차종지	false	false
차色노린재	차색노린재	false	false
차色풍뎅이	차색풍뎅이	false	false
차藥	차약	false	false
차褐色범밤나비	차갈색범밤나비	false	false
차道	차도	false	false
차道具	차도구	false	false
차酒	차주	false	false
차鍾	차종	false	false
차검은點깍지벌레	차검은점깍지벌레	false	false
차꼬板	차꼬판	false	false
차라線채찍벌레	차라선채찍벌레	false	false
차렷銃	차렷총	false	false
차렷銃하다	차렷총하다	false	false
차조飯	차조반	false	false
찬前線	찬전선	false	false
찬料理	찬료리	false	false
찬空氣떼	찬공기떼	false	false
찬물層	찬물층	false	false
찬물摩擦	찬물마찰	false	false
찬물浴	찬물욕	false	false
찰炭	찰탄	false	false
찰開化군	찰개화군	false	false
찰頑固執	찰완고집	false	false
찰飮食	찰음식	false	false
찰떡琴瑟	찰떡금슬	false	false
찰흙地衣	찰흙지의	false	false
찰흙質巖	찰흙질암	false	false
참丁香나무	참정향나무	false	false
참分數	참분수	false	false
참小數	참소수	false	false
참情	참정	false	false
참感情	참감정	false	false
참松魚밥	참송어밥	false	false
참發論	참발론	false	false
참藤나무	참등나무	false	false
참部分모임	참부분모임	false	false
참靑角	참청각	false	false
참靑물벼룩	참청물벼룩	false	false
참나무桶	참나무통	false	false
참나무무늬燈불나비	참나무무늬등불나비	false	false
참대工藝	참대공예	false	false
참대桶	참대통	false	false
참대槍	참대창	false	false
참대筍	참대순	false	false
참대蝗蟲	참대황충	false	false
참배蕩	참배탕	false	false
참빗戰術	참빗전술	false	false
참젖劑	참젖제	false	false
참중筍	참중순	false	false
참중筍炙	참중순적	false	false
창牀	창상	false	false
창꽃水母	창꽃수모	false	false
창난機	창난기	false	false
채分析	채분석	false	false
채印刷	채인쇄	false	false
채板	채판	false	false
채管	채관	false	false
채管部	채관부	false	false
채陽	채양	false	false
채구멍板	채구멍판	false	false
채눈版	채눈판	false	false
채눈點	채눈점	false	false
채눈點修正	채눈점수정	false	false
채눈點撮影	채눈점촬영	false	false
채눈줄數	채눈줄수	false	false
채불冠	채불관	false	false
채양天幕	채양천막	false	false
채양眼鏡	채양안경	false	false
채움藥	채움약	false	false
채질分析	채질분석	false	false
처서幕	처서막	false	false
처음驛	처음역	false	false
처음點	처음점	false	false
처진線	처진선	false	false
천充塡度	천충전도	false	false
천匹	천필	false	false
천密度	천밀도	false	false
천設計	천설계	false	false
천감는機具	천감는기구	false	false
천따기繡	천따기수	false	false
천떼기工	천떼기공	false	false
천사리工	천사리공	false	false
천자름機	천자름기	false	false
천짜기줄음律	천짜기줄음률	false	false
천찌는機械	천찌는기계	false	false
철不知하다	철부지하다	false	false
철늦은木花	철늦은목화	false	false
철바람氣候	철바람기후	false	false
첫七	첫칠	false	false
첫從線	첫종선	false	false
첫소리法則	첫소리법칙	false	false
첫차기標	첫차기표	false	false
청없는母音	청없는모음	false	false
체病	체병	false	false
쳐넣기區域	쳐넣기구역	false	false
쳐넣기得點	쳐넣기득점	false	false
쳐넣기戰術	쳐넣기전술	false	false
쳐넣기線	쳐넣기선	false	false
쳐넣기選手	쳐넣기선수	false	false
쳐든角	쳐든각	false	false
초籠군	초롱군	false	false
초籠그물	초롱그물	false	false
초籠소매	초롱소매	false	false
초籠좁은잎甁이끼	초롱좁은잎병이끼	false	false
초籠줄	초롱줄	false	false
초籠진달래	초롱진달래	false	false
초籠테	초롱테	false	false
초膿	초농	false	false
초臺	초대	false	false
초臺升麻	초대승마	false	false
초臺店	초대점	false	false
초臺잠	초대잠	false	false
초風	초풍	false	false
초기症	초기증	false	false
초리털벌레類	초리털벌레류	false	false
초서湯	초서탕	false	false
총밸뼈動脈	총밸뼈동맥	false	false
추긴罪	추긴죄	false	false
추긴者	추긴자	false	false
추김式	추김식	false	false
추김文	추김문	false	false
추리알락螟蟲나비	추리알락명충나비	false	false
추림育種	추림육종	false	false
추위견딜性	추위견딜성	false	false
추위막이壁	추위막이벽	false	false
출출症	출출증	false	false
취질病	취질병	false	false
치僻하다	치벽하다	false	false
치는點	치는점	false	false
치닫이窓門	치닫이창문	false	false
치레動作	치레동작	false	false
치마兩班	치마량반	false	false
칡褙子	칡배자	false	false
칡香	칡향	false	false
침腺	침선	false	false
침腺炎	침선염	false	false
칸産物	칸산물	false	false
칼稜線	칼릉선	false	false
칼鬼神	칼귀신	false	false
칼날北風	칼날북풍	false	false
칼날開閉器	칼날개페기	false	false
캐기損失	캐기손실	false	false
캐는炭層	캐는탄층	false	false
코喇叭	코나발	false	false
코壁欌	코벽장	false	false
코鬚髥쟁이	코수염쟁이	false	false
코냄새症勢	코냄새증세	false	false
코다리眼鏡	코다리안경	false	false
코딱지鬚髥	코딱지수염	false	false
코뿔洪魚	코뿔홍어	false	false
코사이壁	코사이벽	false	false
코안子音	코안자음	false	false
코안母音	코안모음	false	false
코안閉鎖症	코안페쇄증	false	false
콩毒나비	콩독나비	false	false
콩牛乳가루	콩우유가루	false	false
콩紫斑病	콩자반병	false	false
콩褐斑病	콩갈반병	false	false
콩醬	콩장	false	false
콩알注射	콩알주사	false	false
콩알電球	콩알전구	false	false
콩팥放射圖	콩팥방사도	false	false
콩팥硬化症	콩팥경화증	false	false
콩팥웃線	콩팥웃선	false	false
콩팥잔管	콩팥잔관	false	false
콩팥피줄造映法	콩팥피줄조영법	false	false
콩풀漆	콩풀칠	false	false
콩풀漆하다	콩풀칠하다	false	false
콩흰줄螟밤나비	콩흰줄명밤나비	false	false
큰姓	큰성	false	false
큰姓받이	큰성받이	false	false
큰密花부리	큰밀화부리	false	false
큰山萬年이끼	큰산만년이끼	false	false
큰山金발이끼	큰산금발이끼	false	false
큰山뱀눈나비	큰산뱀눈나비	false	false
큰山싱아	큰산싱아	false	false
큰山파꽃이끼	큰산파꽃이끼	false	false
큰暝밤나비	큰명밤나비	false	false
큰書房	큰서방	false	false
큰極樂새	큰극락새	false	false
큰沙工	큰사공	false	false
큰玄胡索	큰현호색	false	false
큰王모기	큰왕모기	false	false
큰王별	큰왕별	false	false
큰白鳥조개	큰백조조개	false	false
큰眞珠비둘기	큰진주비둘기	false	false
큰穀稻蟲	큰곡도충	false	false
큰藤말굴레	큰등말굴레	false	false
큰藤말굴레풀	큰등말굴레풀	false	false
큰豹文나비	큰표문나비	false	false
큰銀줄豹紋나비	큰은줄표문나비	false	false
큰雲母조개	큰운모조개	false	false
큰골半쪽	큰골반쪽	false	false
큰골髓質	큰골수질	false	false
큰구멍發破	큰구멍발파	false	false
큰글字	큰글자	false	false
큰꽃丁香나무	큰꽃정향나무	false	false
큰꽃四철쑥	큰꽃사철쑥	false	false
큰꽃木蓮	큰꽃목련	false	false
큰머리金파리	큰머리금파리	false	false
큰묶음標	큰묶음표	false	false
큰물豫報	큰물예보	false	false
큰밤色줄자밤나비	큰밤색줄자밤나비	false	false
큰붉은山뱀눈나비	큰붉은산뱀눈나비	false	false
큰붉은點모시범나비	큰붉은점모시범나비	false	false
큰숨은靜脈	큰숨은정맥	false	false
큰잎柴胡	큰잎시호	false	false
큰잎金髮이끼	큰잎금발이끼	false	false
큰톱이덩굴초籠이끼	큰톱이덩굴초롱이끼	false	false
큰한줄꽃戲弄나비	큰한줄꽃희롱나비	false	false
키桶	키통	false	false
키機械	키기계	false	false
키다리症	키다리증	false	false
타개機	타개기	false	false
타개粥	타개죽	false	false
타래式加熱機	타래식가열기	false	false
타래式鑿井機	타래식착정기	false	false
타래蘭	타래란	false	false
타발病	타발병	false	false
탁동坑	탁동갱	false	false
터勢	터세	false	false
터告祀	터고사	false	false
터貰	터세	false	false
터賭地	터도지	false	false
턱人事	턱인사	false	false
턱形破碎機	턱형파쇄기	false	false
턱連結	턱련결	false	false
턱밑腺	턱밑선	false	false
턱진鑿孔機	턱진착공기	false	false
털物	털물	false	false
털種	털종	false	false
털觸手바다지렁이	털촉수바다지렁이	false	false
털象毛춤	털상모춤	false	false
털가죽種	털가죽종	false	false
털감長短繡	털감장단수	false	false
털내는機械	털내는기계	false	false
털낸內衣	털낸내의	false	false
털많음症	털많음증	false	false
털발톱地衣	털발톱지의	false	false
털벌레皮膚炎	털벌레피부염	false	false
털빠짐症	털빠짐증	false	false
털실菌症	털실균증	false	false
털심기加工	털심기가공	false	false
털주머니炎	털주머니염	false	false
테두리發破	테두리발파	false	false
테두리發破구멍	테두리발파구멍	false	false
테두리線	테두리선	false	false
토끼傳染性粘液腫	토끼전염성점액종	false	false
토끼傳染性입안病	토끼전염성입안병	false	false
토끼傳染性코病	토끼전염성코병	false	false
토끼心臟	토끼심장	false	false
토끼飼養工	토끼사양공	false	false
토끼귀空中線	토끼귀공중선	false	false
토끼콩알주머니벌레病	토끼콩알주머니벌레병	false	false
토막登錄器	토막등록기	false	false
토막管땅속도랑	토막관땅속도랑	false	false
토시形눈椄	토시형눈접	false	false
톱扁蟲	톱편충	false	false
톱날式切斷機	톱날식절단기	false	false
톱날式裁縫機	톱날식재봉기	false	false
톱날形機動	톱날형기동	false	false
톱날形螺絲	톱날형나사	false	false
톱날模樣海岸線	톱날모양해안선	false	false
톱날模樣褶曲	톱날모양습곡	false	false
톱날波	톱날파	false	false
톱밥板	톱밥판	false	false
통固執	통고집	false	false
통天井	통천정	false	false
통幅소매	통폭소매	false	false
통幕집	통막집	false	false
통房部材	통방부재	false	false
통房部材成型機	통방부재성형기	false	false
통房살림집	통방살림집	false	false
통掌匣	통장갑	false	false
통漁具	통어구	false	false
통脚絆	통각반	false	false
통色印刷	통색인쇄	false	false
통財産	통재산	false	false
통車軸	통차축	false	false
통軸	통축	false	false
통꽃地衣	통꽃지의	false	false
퇴지房	퇴지방	false	false
퉁錢	퉁전	false	false
튐性	튐성	false	false
튐性境界面	튐성경계면	false	false
튐性壓力計	튐성압력계	false	false
튐性媒質	튐성매질	false	false
튐性振動	튐성진동	false	false
튐性支持部	튐성지지부	false	false
튐性波	튐성파	false	false
튐性波檢層法	튐성파검층법	false	false
튐性波速度	튐성파속도	false	false
튐性派探査機	튐성파탐사기	false	false
튐性版	튐성판	false	false
튐性版印刷	튐성판인쇄	false	false
튐性物質	튐성물질	false	false
튐性率	튐성률	false	false
튐性衝突	튐성충돌	false	false
튐性變形	튐성변형	false	false
튐性限界	튐성한계	false	false
튐性餘效	튐성여효	false	false
튐性體	튐성체	false	false
튐性실揷入뜨개	튐성실삽입뜨개	false	false
튐性실씨실뜨개	튐성실씨실뜨개	false	false
튐性자리쇠	튐성자리쇠	false	false
튐성波探査	튐성파탐사	false	false
틀刺網	틀자망	false	false
틀方向語	틀방향어	false	false
틀木	틀목	false	false
틀木집	틀목집	false	false
틀試驗	틀시험	false	false
틀림差	틀림차	false	false
틀음龍鬚鐵	틀음용수철	false	false
틀톱機	틀톱기	false	false
틈時間	틈시간	false	false
티氣	티기	false	false
파冷국	파랭국	false	false
파란닭의蘭	파란닭의란	false	false
파앞鬚髥밤나비	파앞수염밤나비	false	false
파임劃글씨體	파임획글씨체	false	false
판壯元	판장원	false	false
판뜨개機械	판뜨개기계	false	false
팔信號機	팔신호기	false	false
팔形態	팔형태	false	false
팔步行	팔보행	false	false
팔脈	팔맥	false	false
팔起重機	팔기중기	false	false
팔굽洗禮	팔굽세례	false	false
팔다리動物	팔다리동물	false	false
팔뚝起重機	팔뚝기중기	false	false
팔목時計	팔목시계	false	false
패임三角벌	패임삼각벌	false	false
패임海岸平野	패임해안평야	false	false
패임火山	패임화산	false	false
패임盆地	패임분지	false	false
패임臺地	패임대지	false	false
퍼진梅花地衣	퍼진매화지의	false	false
퍼짐型投光器	퍼짐형투광기	false	false
퍼짐鎔接	퍼짐용접	false	false
편외修正機	편외수정기	false	false
포개놓기法	포개놓기법	false	false
포기農事	포기농사	false	false
포기가름法	포기가름법	false	false
푸官	푸관	false	false
푸르靑靑	푸르청청	false	false
푸르靑靑하다	푸르청청하다	false	false
푸른戲弄나비	푸른희롱나비	false	false
푸른湖畔새	푸른호반새	false	false
푸른金날개밤나비	푸른금날개밤나비	false	false
푸른鋼玉	푸른강옥	false	false
푸른點알	푸른점알	false	false
푸른흰點풍뎅이	푸른흰점풍뎅이	false	false
푸주間	푸주간	false	false
푼邊	푼변	false	false
풀型	풀형	false	false
풀壓搾機	풀압착기	false	false
풀植物	풀식물	false	false
풀色液	풀색액	false	false
풀色가뢰	풀색가뢰	false	false
풀色가루病	풀색가루병	false	false
풀色감탕	풀색감탕	false	false
풀色딱따구리	풀색딱따구리	false	false
풀色말지렁이	풀색말지렁이	false	false
풀色보가지	풀색보가지	false	false
풀色자벌레	풀색자벌레	false	false
풀色큰멸구	풀색큰멸구	false	false
풀藥	풀약	false	false
풀蛋白먹이	풀단백먹이	false	false
풀褙接	풀배접	false	false
풀褙接하다	풀배접하다	false	false
풀豆腐	풀두부	false	false
풀림度	풀림도	false	false
풀림度指數	풀림도지수	false	false
풀림度積	풀림도적	false	false
풀림性	풀림성	false	false
풀림藥	풀림약	false	false
풀림補助藥	풀림보조약	false	false
풀먹임機	풀먹임기	false	false
풀무間	풀무간	false	false
풀바름機	풀바름기	false	false
풀어감는機械	풀어감는기계	false	false
풀절임作物	풀절임작물	false	false
풀절임貯藏庫	풀절임저장고	false	false
풋情	풋정	false	false
풋梅花	풋매화	false	false
풋麥酒	풋맥주	false	false
풋강냉이粥	풋강냉이죽	false	false
풋고추煎	풋고추전	false	false
풋고추醬떡	풋고추장떡	false	false
풋고추醬절임	풋고추장절임	false	false
풋고추醬찌개	풋고추장찌개	false	false
풋미역冷菜	풋미역랭채	false	false
피凝固	피응고	false	false
피型	피형	false	false
피型不接合性	피형불접합성	false	false
피循環	피순환	false	false
피循環系統	피순환계통	false	false
피氣	피기	false	false
피粥땀	피죽땀	false	false
피色石榴石	피색석류석	false	false
피겨粥	피겨죽	false	false
피나기病	피나기병	false	false
피물治療	피물치료	false	false
피바다式歌劇	피바다식가극	false	false
피빨性	피빨성	false	false
피삼粥	피삼죽	false	false
피얼룩病	피얼룩병	false	false
피줄網	피줄망	false	false
피줄電氣抵抗圖	피줄전기저항도	false	false
피흐름速度	피흐름속도	false	false
하蓮草	하련초	false	false
하나糖	하나당	false	false
하늘境界線	하늘경계선	false	false
하늘核爆發	하늘핵폭발	false	false
하늘門	하늘문	false	false
하루差	하루차	false	false
하루週期미세기	하루주기미세기	false	false
하루먹이量	하루먹이량	false	false
한位置機械	한위치기계	false	false
한地	한지	false	false
한地잠	한지잠	false	false
한性꽃	한성꽃	false	false
한時半時	한시반시	false	false
한時暫時	한시잠시	false	false
한本새	한본새	false	false
한櫓	한노	false	false
한番바르기	한번바르기	false	false
한當代	한당대	false	false
한瞬	한순	false	false
한線樂譜	한선악보	false	false
한色가는배애기벌	한색가는배애기벌	false	false
한軸結晶	한축결정	false	false
한雙半成뚝	한쌍반성뚝	false	false
한點螟밤나비	한점명밤나비	false	false
한가지項	한가지항	false	false
한가지뿌리式	한가지뿌리식	false	false
한값函數	한값함수	false	false
한겹重複捲線	한겹중복권선	false	false
한그루農事	한그루농사	false	false
한그루農事하다	한그루농사하다	false	false
한달講習	한달강습	false	false
한데뒤間	한데뒤간	false	false
한또래뿌리式	한또래뿌리식	false	false
한또래뿌리數	한또래뿌리수	false	false
한뜻性	한뜻성	false	false
한살림二層집	한살림이층집	false	false
한이음三極素子	한이음삼극소자	false	false
한줄變壓器	한줄변압기	false	false
한줄꽃戲弄나비	한줄꽃희롱나비	false	false
한쪽機關	한쪽기관	false	false
한쪽비탈窟	한쪽비탈굴	false	false
한쪽아낙角	한쪽아낙각	false	false
한칸子房	한칸자방	false	false
함지幕	함지막	false	false
해前	해전	false	false
해數	해수	false	false
해斟酌	해짐작	false	false
해斟酌하다	해짐작하다	false	false
해時間差	해시간차	false	false
해氣	해기	false	false
해陽傘	해양산	false	false
해가까운點	해가까운점	false	false
해가림帽	해가림모	false	false
해길面	해길면	false	false
해길자리標	해길자리표	false	false
해돌이境界	해돌이경계	false	false
해돌이層	해돌이층	false	false
해따를性	해따를성	false	false
해라調	해라조	false	false
해먼點	해먼점	false	false
해묵이性누에알	해묵이성누에알	false	false
해비침時間	해비침시간	false	false
해비침率	해비침률	false	false
해비침量	해비침량	false	false
해살假導管	해살가도관	false	false
해살模樣같기	해살모양같기	false	false
해살模樣같기꽃	해살모양같기꽃	false	false
해살照明	해살조명	false	false
해살組織	해살조직	false	false
해살線	해살선	false	false
해오라기蘭	해오라기란	false	false
해오리蘭	해오리란	false	false
해쪼임時間	해쪼임시간	false	false
해쪼임率	해쪼임률	false	false
해쪼임量	해쪼임량	false	false
해포前	해포전	false	false
해해年年	해해년년	false	false
햇筍남새	햇순남새	false	false
행琴	행금	false	false
행琴筒	행금통	false	false
행동잃음症	행동잃음증	false	false
허궁銃	허궁총	false	false
허드레班	허드레반	false	false
허리神經덤불	허리신경덤불	false	false
허리線	허리선	false	false
허리部	허리부	false	false
허리아픔症	허리아픔증	false	false
허물腺	허물선	false	false
허물벗기腺	허물벗기선	false	false
헛批判	헛비판	false	false
헛批判되다	헛비판되다	false	false
헛批判하다	헛비판하다	false	false
헛掘進	헛굴진	false	false
헛掘進되다	헛굴진되다	false	false
헛掘進하다	헛굴진하다	false	false
헛杖질	헛장질	false	false
헛杖질하다	헛장질하다	false	false
헛槍	헛창	false	false
헛殮	헛렴	false	false
헛決定	헛결정	false	false
헛決定되다	헛결정되다	false	false
헛決定하다	헛결정하다	false	false
헛焦點	헛초점	false	false
헛禮式	헛례식	false	false
헛窟	헛굴	false	false
헛葬	헛장	false	false
헛葬하다	헛장하다	false	false
헛通訃	헛통부	false	false
헛달림時間	헛달림시간	false	false
헛달림距離	헛달림거리	false	false
헛돌이繼電器	헛돌이계전기	false	false
헛배부름症	헛배부름증	false	false
헤염出發臺	헤염출발대	false	false
헤염場	헤염장	false	false
헤염細胞	헤염세포	false	false
헤염胞子	헤염포자	false	false
헤침律	헤침률	false	false
혀模樣꽃갓	혀모양꽃갓	false	false
혀面	혀면	false	false
혀밑腺	혀밑선	false	false
호두沙糖	호두사탕	false	false
호두나무螟밤나비	호두나무명밤나비	false	false
호림酬酌	호림수작	false	false
호림대酬酌	호림대수작	false	false
호미草	호미초	false	false
호박山	호박산	false	false
혹螟蟲나비	혹명충나비	false	false
혹骨	혹골	false	false
혹돌버섯地衣	혹돌버섯지의	false	false
홀數짝數核	홀수짝수핵	false	false
홀로酵素	홀로효소	false	false
홀모습像	홀모습상	false	false
홀아비山	홀아비산	false	false
홀앗이農事	홀앗이농사	false	false
홍門	홍문	false	false
홑利子	홑리자	false	false
홑層	홑층	false	false
홑數體	홑수체	false	false
홑梁집	홑량집	false	false
홑母音	홑모음	false	false
홑比例	홑비례	false	false
홑比例하다	홑비례하다	false	false
홑目標	홑목표	false	false
홑罰	홑벌	false	false
홑마디式	홑마디식	false	false
홑비탈地形	홑비탈지형	false	false
홑비탈山地	홑비탈산지	false	false
홑싹잎植物	홑싹잎식물	false	false
홑이름數	홑이름수	false	false
화살模樣물림	화살모양물림	false	false
화살무늬柞蠶나비	화살무늬작잠나비	false	false
활壕	활호	false	false
활安定器	활안정기	false	false
활形	활형	false	false
활班頭	활반두	false	false
활鏃毒버섯	활촉독버섯	false	false
활鏃이끼	활촉이끼	false	false
활등火山	활등화산	false	false
활쏘기線	활쏘기선	false	false
활줄樂器	활줄악기	false	false
활창式	활창식	false	false
황삼沙糖물藥	황삼사탕물약	false	false
황새病	황새병	false	false
회리方程式	회리방정식	false	false
회리運動	회리운동	false	false
회리電氣마당	회리전기마당	false	false
회리흐름式燃燒室	회리흐름식연소실	false	false
회리흐름式불칸	회리흐름식불칸	false	false
회초리푸른緋緞이끼	회초리푸른비단이끼	false	false
후림酬酌	후림수작	false	false
후추薄荷	후추박하	false	false
후치질作物	후치질작물	false	false
훔친犯	훔친범	false	false
훔친罪	훔친죄	false	false
휘酒	휘주	false	false
휘틀壁	휘틀벽	false	false
휘틀工	휘틀공	false	false
휘틀振動機	휘틀진동기	false	false
휘틀板	휘틀판	false	false
휘틀組立띠	휘틀조립띠	false	false
흐름圖	흐름도	false	false
흐름圖式	흐름도식	false	false
흐름式建設	흐름식건설	false	false
흐름式生産	흐름식생산	false	false
흐름式고랑灌水	흐름식고랑관수	false	false
흐름式뜨개機械	흐름식뜨개기계	false	false
흐름式물대기	흐름식물대기	false	false
흐름量安定器	흐름량안정기	false	false
흐름體	흐름체	false	false
흐름물壓力	흐름물압력	false	false
흐름밀림角	흐름밀림각	false	false
흐름자름面	흐름자름면	false	false
흐린合劑	흐린합제	false	false
흐린琉璃	흐린유리	false	false
흐린藥合劑	흐린약합제	false	false
흔들臺	흔들대	false	false
흔들軸	흔들축	false	false
흘러내림角	흘러내림각	false	false
흘림글씨體	흘림글씨체	false	false
흙假山	흙가산	false	false
흙培養	흙배양	false	false
흙堰堤	흙언제	false	false
흙壓力	흙압력	false	false
흙建材	흙건재	false	false
흙栽培	흙재배	false	false
흙波濤	흙파도	false	false
흙湯粥	흙탕죽	false	false
흙겉壁	흙겉벽	false	false
흙자갈車	흙자갈차	false	false
흰土卵	흰토란	false	false
흰孔雀	흰공작	false	false
흰密	흰밀	false	false
흰毒나비	흰독나비	false	false
흰沙器	흰사기	false	false
흰海綿버섯	흰해면버섯	false	false
흰燐	흰린	false	false
흰犀牛	흰서우	false	false
흰白薇	흰백미	false	false
흰白薇꽃	흰백미꽃	false	false
흰色더내기	흰색더내기	false	false
흰菱形무늬작은밤나비	흰릉형무늬작은밤나비	false	false
흰鉛鑛	흰연광	false	false
흰鬚髥王고래	흰수염왕고래	false	false
흰鬚髥가위벌레	흰수염가위벌레	false	false
흰鬚髥나무벌	흰수염나무벌	false	false
흰點	흰점	false	false
흰點戲弄나비	흰점희롱나비	false	false
흰點標本벌레	흰점표본벌레	false	false
흰點꽃풍뎅이	흰점꽃풍뎅이	false	false
흰點알락나비	흰점알락나비	false	false
흰點애기작은밤나비	흰점애기작은밤나비	false	false
흰點재色돌드레	흰점재색돌드레	false	false
흰點코끼리벌레	흰점코끼리벌레	false	false
흰곱痢疾	흰곱리질	false	false
흰꼬리靑莎草	흰꼬리청사초	false	false
흰꽃香薔薇	흰꽃향장미	false	false
흰네點鬚髥돌드레	흰네점수염돌드레	false	false
흰띠螟蟲나비	흰띠명충나비	false	false
흰띠螟밤나비	흰띠명밤나비	false	false
흰무늬梅花地衣	흰무늬매화지의	false	false
흰무늬毒나비	흰무늬독나비	false	false
흰무늬症	흰무늬증	false	false
흰발海蔘	흰발해삼	false	false
흰배웃鬚髥박쥐	흰배웃수염박쥐	false	false
흰버짐菌	흰버짐균	false	false
흰별鬚髥풀	흰별수염풀	false	false
흰볏서鳥	흰볏서조	false	false
흰입症	흰입증	false	false
흰잎地衣	흰잎지의	false	false
흰자위膜炎	흰자위막염	false	false
흰잠자리蘭	흰잠자리란	false	false
흰줄梅花地衣	흰줄매화지의	false	false
흰줄金날개밤나비	흰줄금날개밤나비	false	false
흰줄銀무늬金날개밤나비	흰줄은무늬금날개밤나비	false	false
흰줄뾰족날개鬚髥밤나비	흰줄뾰족날개수염밤나비	false	false
흰털雨傘毒버섯	흰털우산독버섯	false	false
흰털지네地衣	흰털지네지의	false	false
히煞	히살	false	false
히煞스럽다	히살스럽다	false	false
히煞스레	히살스레	false	false
힘平衡式調節機	힘평형식조절기	false	false
힘感覺	힘감각	false	false
힘感覺計	힘감각계	false	false
힘補償變換機	힘보상변환기	false	false
힘받이壁	힘받이벽	false	false
힘살組織	힘살조직	false	false
힘줄膜	힘줄막	false	false
牢刑	뢰형	false	false
牢囚	뢰수	false	false
牢囚하다	뢰수하다	false	false
牢固하다	뢰고하다	false	false
牢忌	뢰기	false	false
牢死	뢰사	false	false
牢死하다	뢰사하다	false	false
牢獄	뢰옥	false	false
牢記	뢰기	false	false
牢鎖	뢰쇄	false	false
牢鎖하다	뢰쇄하다	false	false
數急하다	삭급하다	false	false
𩻣乾	잔건	false	false
